timestamp,sender,receiver,message_type,content
0,Control Center,UAV 8,TASK_ASSIGNMENT,Assign task 10
0,Control Center,UAV 10,TASK_ASSIGNMENT,Assign task 24
0,Control Center,UAV 5,TASK_ASSIGNMENT,Assign task 46
0,Control Center,UAV 7,TASK_ASSIGNMENT,Assign task 6
0,Control Center,UAV 4,TASK_ASSIGNMENT,Assign task 40
0,Control Center,UAV 2,TASK_ASSIGNMENT,Assign task 47
0,Control Center,UAV 1,TASK_ASSIGNMENT,Assign task 42
0,Control Center,UAV 9,TASK_ASSIGNMENT,Assign task 38
0,Control Center,UAV 3,TASK_ASSIGNMENT,Assign task 36
0,Control Center,UAV 6,TASK_ASSIGNMENT,Assign task 17
0,UAV 7,Control Center,TASK_START,Start task 6
0,UAV 8,Control Center,TASK_START,Start task 10
0,UAV 6,Control Center,TASK_START,Start task 17
0,UAV 10,Control Center,TASK_START,Start task 24
0,UAV 3,Control Center,TASK_START,Start task 36
0,UAV 9,Control Center,TASK_START,Start task 38
0,UAV 4,Control Center,TASK_START,Start task 40
0,UAV 1,Control Center,TASK_START,Start task 42
0,UAV 5,Control Center,TASK_START,Start task 46
0,UAV 2,Control Center,TASK_START,Start task 47
1,UAV 1,Control Center,TASK_COMPLETE,Complete task 42
1,UAV 2,Control Center,TASK_COMPLETE,Complete task 47
1,UAV 3,Control Center,TASK_COMPLETE,Complete task 36
1,UAV 4,Control Center,TASK_COMPLETE,Complete task 40
1,UAV 5,Control Center,TASK_COMPLETE,Complete task 46
1,UAV 6,Control Center,TASK_COMPLETE,Complete task 17
1,UAV 7,Control Center,TASK_COMPLETE,Complete task 6
1,UAV 8,Control Center,TASK_COMPLETE,Complete task 10
1,UAV 9,Control Center,TASK_COMPLETE,Complete task 38
1,UAV 10,Control Center,TASK_COMPLETE,Complete task 24
2,Control Center,UAV 1,TASK_ASSIGNMENT,Assign task 27
2,Control Center,UAV 10,TASK_ASSIGNMENT,Assign task 48
2,Control Center,UAV 5,TASK_ASSIGNMENT,Assign task 35
2,Control Center,UAV 6,TASK_ASSIGNMENT,Assign task 19
2,Control Center,UAV 7,TASK_ASSIGNMENT,Assign task 8
2,Control Center,UAV 9,TASK_ASSIGNMENT,Assign task 41
2,Control Center,UAV 2,TASK_ASSIGNMENT,Assign task 1
2,Control Center,UAV 3,TASK_ASSIGNMENT,Assign task 4
2,Control Center,UAV 4,TASK_ASSIGNMENT,Assign task 9
2,Control Center,UAV 8,TASK_ASSIGNMENT,Assign task 16
2,UAV 2,Control Center,TASK_START,Start task 1
2,UAV 3,Control Center,TASK_START,Start task 4
2,UAV 7,Control Center,TASK_START,Start task 8
2,UAV 4,Control Center,TASK_START,Start task 9
2,UAV 8,Control Center,TASK_START,Start task 16
2,UAV 6,Control Center,TASK_START,Start task 19
2,UAV 1,Control Center,TASK_START,Start task 27
2,UAV 5,Control Center,TASK_START,Start task 35
2,UAV 9,Control Center,TASK_START,Start task 41
2,UAV 10,Control Center,TASK_START,Start task 48
2,UAV 8,Control Center,LOW_BATTERY,Battery level: 26.6%
3,UAV 1,Control Center,TASK_COMPLETE,Complete task 27
3,UAV 1,Control Center,LOW_BATTERY,Battery level: 22.6%
3,UAV 2,Control Center,TASK_COMPLETE,Complete task 1
3,UAV 2,Control Center,LOW_BATTERY,Battery level: 27.6%
3,UAV 3,Control Center,TASK_COMPLETE,Complete task 4
3,UAV 3,Control Center,CHARGING_REQUEST,"Request charging, battery: 10.9%"
3,Control Center,AGV 4,CHARGING_COMMAND,Charge UAV 3
3,AGV 4,UAV 3,CHARGING_START,Start charging
3,UAV 4,Control Center,TASK_COMPLETE,Complete task 9
3,UAV 5,Control Center,TASK_COMPLETE,Complete task 35
3,UAV 5,Control Center,LOW_BATTERY,Battery level: 23.8%
3,UAV 6,Control Center,TASK_COMPLETE,Complete task 19
3,UAV 6,Control Center,LOW_BATTERY,Battery level: 27.6%
3,UAV 7,Control Center,TASK_COMPLETE,Complete task 8
3,UAV 7,Control Center,LOW_BATTERY,Battery level: 20.7%
3,UAV 8,Control Center,TASK_COMPLETE,Complete task 16
3,UAV 8,Control Center,CHARGING_REQUEST,"Request charging, battery: 7.8%"
3,Control Center,AGV 4,CHARGING_COMMAND,Charge UAV 8
3,AGV 4,UAV 8,CHARGING_START,Start charging
3,UAV 9,Control Center,TASK_COMPLETE,Complete task 41
3,UAV 9,Control Center,CHARGING_REQUEST,"Request charging, battery: 16.0%"
3,Control Center,AGV 1,CHARGING_COMMAND,Charge UAV 9
3,AGV 1,UAV 9,CHARGING_START,Start charging
3,UAV 10,Control Center,TASK_COMPLETE,Complete task 48
3,UAV 10,Control Center,LOW_BATTERY,Battery level: 26.5%
4,UAV 1,Control Center,LOW_BATTERY,Battery level: 22.6%
4,UAV 2,Control Center,LOW_BATTERY,Battery level: 27.6%
4,UAV 5,Control Center,LOW_BATTERY,Battery level: 23.8%
4,UAV 6,Control Center,LOW_BATTERY,Battery level: 27.6%
4,UAV 7,Control Center,LOW_BATTERY,Battery level: 20.7%
4,UAV 10,Control Center,LOW_BATTERY,Battery level: 26.5%
5,UAV 1,Control Center,LOW_BATTERY,Battery level: 22.6%
5,UAV 2,Control Center,LOW_BATTERY,Battery level: 27.6%
5,UAV 5,Control Center,LOW_BATTERY,Battery level: 23.8%
5,UAV 6,Control Center,LOW_BATTERY,Battery level: 27.6%
5,UAV 7,Control Center,LOW_BATTERY,Battery level: 20.7%
5,UAV 10,Control Center,LOW_BATTERY,Battery level: 26.5%
6,UAV 1,Control Center,LOW_BATTERY,Battery level: 22.6%
6,UAV 2,Control Center,LOW_BATTERY,Battery level: 27.6%
6,UAV 5,Control Center,LOW_BATTERY,Battery level: 23.8%
6,UAV 6,Control Center,LOW_BATTERY,Battery level: 27.6%
6,UAV 7,Control Center,LOW_BATTERY,Battery level: 20.7%
6,UAV 10,Control Center,LOW_BATTERY,Battery level: 26.5%
7,UAV 1,Control Center,LOW_BATTERY,Battery level: 22.6%
7,UAV 2,Control Center,LOW_BATTERY,Battery level: 27.6%
7,UAV 5,Control Center,LOW_BATTERY,Battery level: 23.8%
7,UAV 6,Control Center,LOW_BATTERY,Battery level: 27.6%
7,UAV 7,Control Center,LOW_BATTERY,Battery level: 20.7%
7,UAV 10,Control Center,LOW_BATTERY,Battery level: 26.5%
8,UAV 1,Control Center,LOW_BATTERY,Battery level: 22.6%
8,UAV 2,Control Center,LOW_BATTERY,Battery level: 27.6%
8,UAV 5,Control Center,LOW_BATTERY,Battery level: 23.8%
8,UAV 6,Control Center,LOW_BATTERY,Battery level: 27.6%
8,UAV 7,Control Center,LOW_BATTERY,Battery level: 20.7%
8,UAV 10,Control Center,LOW_BATTERY,Battery level: 26.5%
9,UAV 1,Control Center,LOW_BATTERY,Battery level: 22.6%
9,UAV 2,Control Center,LOW_BATTERY,Battery level: 27.6%
9,UAV 5,Control Center,LOW_BATTERY,Battery level: 23.8%
9,UAV 6,Control Center,LOW_BATTERY,Battery level: 27.6%
9,UAV 7,Control Center,LOW_BATTERY,Battery level: 20.7%
9,UAV 10,Control Center,LOW_BATTERY,Battery level: 26.5%
10,Control Center,UAV 9,TASK_ASSIGNMENT,Assign task 14
10,UAV 9,Control Center,TASK_START,Start task 14
10,UAV 1,Control Center,LOW_BATTERY,Battery level: 22.6%
10,UAV 2,Control Center,LOW_BATTERY,Battery level: 27.6%
10,UAV 5,Control Center,LOW_BATTERY,Battery level: 23.8%
10,UAV 6,Control Center,LOW_BATTERY,Battery level: 27.6%
10,UAV 7,Control Center,LOW_BATTERY,Battery level: 20.7%
10,UAV 10,Control Center,LOW_BATTERY,Battery level: 26.5%
11,Control Center,UAV 3,TASK_ASSIGNMENT,Assign task 50
11,UAV 3,Control Center,TASK_START,Start task 50
11,UAV 1,Control Center,LOW_BATTERY,Battery level: 22.6%
11,UAV 2,Control Center,LOW_BATTERY,Battery level: 27.6%
11,UAV 5,Control Center,LOW_BATTERY,Battery level: 23.8%
11,UAV 6,Control Center,LOW_BATTERY,Battery level: 27.6%
11,UAV 7,Control Center,LOW_BATTERY,Battery level: 20.7%
11,UAV 10,Control Center,LOW_BATTERY,Battery level: 26.5%
12,Control Center,UAV 8,TASK_ASSIGNMENT,Assign task 15
12,UAV 8,Control Center,TASK_START,Start task 15
12,UAV 1,Control Center,LOW_BATTERY,Battery level: 22.6%
12,UAV 2,Control Center,LOW_BATTERY,Battery level: 27.6%
12,UAV 5,Control Center,LOW_BATTERY,Battery level: 23.8%
12,UAV 6,Control Center,LOW_BATTERY,Battery level: 27.6%
12,UAV 7,Control Center,LOW_BATTERY,Battery level: 20.7%
12,UAV 10,Control Center,LOW_BATTERY,Battery level: 26.5%
13,UAV 1,Control Center,LOW_BATTERY,Battery level: 22.6%
13,UAV 2,Control Center,LOW_BATTERY,Battery level: 27.6%
13,UAV 5,Control Center,LOW_BATTERY,Battery level: 23.8%
13,UAV 6,Control Center,LOW_BATTERY,Battery level: 27.6%
13,UAV 7,Control Center,LOW_BATTERY,Battery level: 20.7%
13,UAV 10,Control Center,LOW_BATTERY,Battery level: 26.5%
14,UAV 1,Control Center,LOW_BATTERY,Battery level: 22.6%
14,UAV 2,Control Center,LOW_BATTERY,Battery level: 27.6%
14,UAV 5,Control Center,LOW_BATTERY,Battery level: 23.8%
14,UAV 6,Control Center,LOW_BATTERY,Battery level: 27.6%
14,UAV 7,Control Center,LOW_BATTERY,Battery level: 20.7%
14,UAV 10,Control Center,LOW_BATTERY,Battery level: 26.5%
15,UAV 1,Control Center,LOW_BATTERY,Battery level: 22.6%
15,UAV 2,Control Center,LOW_BATTERY,Battery level: 27.6%
15,UAV 5,Control Center,LOW_BATTERY,Battery level: 23.8%
15,UAV 6,Control Center,LOW_BATTERY,Battery level: 27.6%
15,UAV 7,Control Center,LOW_BATTERY,Battery level: 20.7%
15,UAV 10,Control Center,LOW_BATTERY,Battery level: 26.5%
16,UAV 1,Control Center,LOW_BATTERY,Battery level: 22.6%
16,UAV 2,Control Center,LOW_BATTERY,Battery level: 27.6%
16,UAV 5,Control Center,LOW_BATTERY,Battery level: 23.8%
16,UAV 6,Control Center,LOW_BATTERY,Battery level: 27.6%
16,UAV 7,Control Center,LOW_BATTERY,Battery level: 20.7%
16,UAV 10,Control Center,LOW_BATTERY,Battery level: 26.5%
17,UAV 1,Control Center,LOW_BATTERY,Battery level: 22.6%
17,UAV 2,Control Center,LOW_BATTERY,Battery level: 27.6%
17,UAV 5,Control Center,LOW_BATTERY,Battery level: 23.8%
17,UAV 6,Control Center,LOW_BATTERY,Battery level: 27.6%
17,UAV 7,Control Center,LOW_BATTERY,Battery level: 20.7%
17,UAV 9,Control Center,TASK_COMPLETE,Complete task 14
17,UAV 10,Control Center,LOW_BATTERY,Battery level: 26.5%
18,UAV 1,Control Center,LOW_BATTERY,Battery level: 22.6%
18,UAV 2,Control Center,LOW_BATTERY,Battery level: 27.6%
18,UAV 3,Control Center,TASK_COMPLETE,Complete task 50
18,UAV 5,Control Center,LOW_BATTERY,Battery level: 23.8%
18,UAV 6,Control Center,LOW_BATTERY,Battery level: 27.6%
18,UAV 7,Control Center,LOW_BATTERY,Battery level: 20.7%
18,UAV 10,Control Center,LOW_BATTERY,Battery level: 26.5%
19,UAV 1,Control Center,LOW_BATTERY,Battery level: 22.6%
19,UAV 2,Control Center,LOW_BATTERY,Battery level: 27.6%
19,UAV 5,Control Center,LOW_BATTERY,Battery level: 23.8%
19,UAV 6,Control Center,LOW_BATTERY,Battery level: 27.6%
19,UAV 7,Control Center,LOW_BATTERY,Battery level: 20.7%
19,UAV 8,Control Center,TASK_COMPLETE,Complete task 15
19,UAV 10,Control Center,LOW_BATTERY,Battery level: 26.5%
20,Control Center,UAV 8,TASK_ASSIGNMENT,Assign task 12
20,UAV 8,Control Center,TASK_START,Start task 12
20,UAV 1,Control Center,LOW_BATTERY,Battery level: 22.6%
20,UAV 2,Control Center,LOW_BATTERY,Battery level: 27.6%
20,UAV 5,Control Center,LOW_BATTERY,Battery level: 23.8%
20,UAV 6,Control Center,LOW_BATTERY,Battery level: 27.6%
20,UAV 7,Control Center,LOW_BATTERY,Battery level: 20.7%
20,UAV 8,Control Center,LOW_BATTERY,Battery level: 27.2%
20,UAV 10,Control Center,LOW_BATTERY,Battery level: 26.5%
21,UAV 1,Control Center,LOW_BATTERY,Battery level: 22.6%
21,UAV 2,Control Center,LOW_BATTERY,Battery level: 27.6%
21,UAV 5,Control Center,LOW_BATTERY,Battery level: 23.8%
21,UAV 6,Control Center,LOW_BATTERY,Battery level: 27.6%
21,UAV 7,Control Center,LOW_BATTERY,Battery level: 20.7%
21,UAV 8,Control Center,TASK_COMPLETE,Complete task 12
21,UAV 8,Control Center,CHARGING_REQUEST,"Request charging, battery: 7.7%"
21,Control Center,AGV 4,CHARGING_COMMAND,Charge UAV 8
21,AGV 4,UAV 8,CHARGING_START,Start charging
21,UAV 10,Control Center,LOW_BATTERY,Battery level: 26.5%
22,UAV 1,Control Center,LOW_BATTERY,Battery level: 22.6%
22,UAV 2,Control Center,LOW_BATTERY,Battery level: 27.6%
22,UAV 5,Control Center,LOW_BATTERY,Battery level: 23.8%
22,UAV 6,Control Center,LOW_BATTERY,Battery level: 27.6%
22,UAV 7,Control Center,LOW_BATTERY,Battery level: 20.7%
22,UAV 10,Control Center,LOW_BATTERY,Battery level: 26.5%
23,UAV 1,Control Center,LOW_BATTERY,Battery level: 22.6%
23,UAV 2,Control Center,LOW_BATTERY,Battery level: 27.6%
23,UAV 5,Control Center,LOW_BATTERY,Battery level: 23.8%
23,UAV 6,Control Center,LOW_BATTERY,Battery level: 27.6%
23,UAV 7,Control Center,LOW_BATTERY,Battery level: 20.7%
23,UAV 10,Control Center,LOW_BATTERY,Battery level: 26.5%
24,UAV 1,Control Center,LOW_BATTERY,Battery level: 22.6%
24,UAV 2,Control Center,LOW_BATTERY,Battery level: 27.6%
24,UAV 5,Control Center,LOW_BATTERY,Battery level: 23.8%
24,UAV 6,Control Center,LOW_BATTERY,Battery level: 27.6%
24,UAV 7,Control Center,LOW_BATTERY,Battery level: 20.7%
24,UAV 10,Control Center,LOW_BATTERY,Battery level: 26.5%
25,UAV 1,Control Center,LOW_BATTERY,Battery level: 22.6%
25,UAV 2,Control Center,LOW_BATTERY,Battery level: 27.6%
25,UAV 5,Control Center,LOW_BATTERY,Battery level: 23.8%
25,UAV 6,Control Center,LOW_BATTERY,Battery level: 27.6%
25,UAV 7,Control Center,LOW_BATTERY,Battery level: 20.7%
25,UAV 10,Control Center,LOW_BATTERY,Battery level: 26.5%
26,UAV 1,Control Center,LOW_BATTERY,Battery level: 22.6%
26,UAV 2,Control Center,LOW_BATTERY,Battery level: 27.6%
26,UAV 5,Control Center,LOW_BATTERY,Battery level: 23.8%
26,UAV 6,Control Center,LOW_BATTERY,Battery level: 27.6%
26,UAV 7,Control Center,LOW_BATTERY,Battery level: 20.7%
26,UAV 10,Control Center,LOW_BATTERY,Battery level: 26.5%
27,UAV 1,Control Center,LOW_BATTERY,Battery level: 22.6%
27,UAV 2,Control Center,LOW_BATTERY,Battery level: 27.6%
27,UAV 5,Control Center,LOW_BATTERY,Battery level: 23.8%
27,UAV 6,Control Center,LOW_BATTERY,Battery level: 27.6%
27,UAV 7,Control Center,LOW_BATTERY,Battery level: 20.7%
27,UAV 10,Control Center,LOW_BATTERY,Battery level: 26.5%
28,UAV 1,Control Center,LOW_BATTERY,Battery level: 22.6%
28,UAV 2,Control Center,LOW_BATTERY,Battery level: 27.6%
28,UAV 5,Control Center,LOW_BATTERY,Battery level: 23.8%
28,UAV 6,Control Center,LOW_BATTERY,Battery level: 27.6%
28,UAV 7,Control Center,LOW_BATTERY,Battery level: 20.7%
28,UAV 10,Control Center,LOW_BATTERY,Battery level: 26.5%
29,UAV 1,Control Center,LOW_BATTERY,Battery level: 22.6%
29,UAV 2,Control Center,LOW_BATTERY,Battery level: 27.6%
29,UAV 5,Control Center,LOW_BATTERY,Battery level: 23.8%
29,UAV 6,Control Center,LOW_BATTERY,Battery level: 27.6%
29,UAV 7,Control Center,LOW_BATTERY,Battery level: 20.7%
29,UAV 10,Control Center,LOW_BATTERY,Battery level: 26.5%
30,Control Center,UAV 8,TASK_ASSIGNMENT,Assign task 37
30,UAV 8,Control Center,TASK_START,Start task 37
30,UAV 1,Control Center,LOW_BATTERY,Battery level: 22.6%
30,UAV 2,Control Center,LOW_BATTERY,Battery level: 27.6%
30,UAV 5,Control Center,LOW_BATTERY,Battery level: 23.8%
30,UAV 6,Control Center,LOW_BATTERY,Battery level: 27.6%
30,UAV 7,Control Center,LOW_BATTERY,Battery level: 20.7%
30,UAV 10,Control Center,LOW_BATTERY,Battery level: 26.5%
31,UAV 1,Control Center,LOW_BATTERY,Battery level: 22.6%
31,UAV 2,Control Center,LOW_BATTERY,Battery level: 27.6%
31,UAV 5,Control Center,LOW_BATTERY,Battery level: 23.8%
31,UAV 6,Control Center,LOW_BATTERY,Battery level: 27.6%
31,UAV 7,Control Center,LOW_BATTERY,Battery level: 20.7%
31,UAV 10,Control Center,LOW_BATTERY,Battery level: 26.5%
32,UAV 1,Control Center,LOW_BATTERY,Battery level: 22.6%
32,UAV 2,Control Center,LOW_BATTERY,Battery level: 27.6%
32,UAV 5,Control Center,LOW_BATTERY,Battery level: 23.8%
32,UAV 6,Control Center,LOW_BATTERY,Battery level: 27.6%
32,UAV 7,Control Center,LOW_BATTERY,Battery level: 20.7%
32,UAV 10,Control Center,LOW_BATTERY,Battery level: 26.5%
33,UAV 1,Control Center,LOW_BATTERY,Battery level: 22.6%
33,UAV 2,Control Center,LOW_BATTERY,Battery level: 27.6%
33,UAV 5,Control Center,LOW_BATTERY,Battery level: 23.8%
33,UAV 6,Control Center,LOW_BATTERY,Battery level: 27.6%
33,UAV 7,Control Center,LOW_BATTERY,Battery level: 20.7%
33,UAV 10,Control Center,LOW_BATTERY,Battery level: 26.5%
34,UAV 1,Control Center,LOW_BATTERY,Battery level: 22.6%
34,UAV 2,Control Center,LOW_BATTERY,Battery level: 27.6%
34,UAV 5,Control Center,LOW_BATTERY,Battery level: 23.8%
34,UAV 6,Control Center,LOW_BATTERY,Battery level: 27.6%
34,UAV 7,Control Center,LOW_BATTERY,Battery level: 20.7%
34,UAV 10,Control Center,LOW_BATTERY,Battery level: 26.5%
35,UAV 1,Control Center,LOW_BATTERY,Battery level: 22.6%
35,UAV 2,Control Center,LOW_BATTERY,Battery level: 27.6%
35,UAV 5,Control Center,LOW_BATTERY,Battery level: 23.8%
35,UAV 6,Control Center,LOW_BATTERY,Battery level: 27.6%
35,UAV 7,Control Center,LOW_BATTERY,Battery level: 20.7%
35,UAV 10,Control Center,LOW_BATTERY,Battery level: 26.5%
36,UAV 1,Control Center,LOW_BATTERY,Battery level: 22.6%
36,UAV 2,Control Center,LOW_BATTERY,Battery level: 27.6%
36,UAV 5,Control Center,LOW_BATTERY,Battery level: 23.8%
36,UAV 6,Control Center,LOW_BATTERY,Battery level: 27.6%
36,UAV 7,Control Center,LOW_BATTERY,Battery level: 20.7%
36,UAV 10,Control Center,LOW_BATTERY,Battery level: 26.5%
37,UAV 1,Control Center,LOW_BATTERY,Battery level: 22.6%
37,UAV 2,Control Center,LOW_BATTERY,Battery level: 27.6%
37,UAV 5,Control Center,LOW_BATTERY,Battery level: 23.8%
37,UAV 6,Control Center,LOW_BATTERY,Battery level: 27.6%
37,UAV 7,Control Center,LOW_BATTERY,Battery level: 20.7%
37,UAV 8,Control Center,TASK_COMPLETE,Complete task 37
37,UAV 10,Control Center,LOW_BATTERY,Battery level: 26.5%
38,Control Center,UAV 8,TASK_ASSIGNMENT,Assign task 30
38,UAV 8,Control Center,TASK_START,Start task 30
38,UAV 1,Control Center,LOW_BATTERY,Battery level: 22.6%
38,UAV 2,Control Center,LOW_BATTERY,Battery level: 27.6%
38,UAV 5,Control Center,LOW_BATTERY,Battery level: 23.8%
38,UAV 6,Control Center,LOW_BATTERY,Battery level: 27.6%
38,UAV 7,Control Center,LOW_BATTERY,Battery level: 20.7%
38,UAV 8,Control Center,LOW_BATTERY,Battery level: 30.0%
38,UAV 10,Control Center,LOW_BATTERY,Battery level: 26.5%
39,UAV 1,Control Center,LOW_BATTERY,Battery level: 22.6%
39,UAV 2,Control Center,LOW_BATTERY,Battery level: 27.6%
39,UAV 5,Control Center,LOW_BATTERY,Battery level: 23.8%
39,UAV 6,Control Center,LOW_BATTERY,Battery level: 27.6%
39,UAV 7,Control Center,LOW_BATTERY,Battery level: 20.7%
39,UAV 8,Control Center,TASK_COMPLETE,Complete task 30
39,UAV 8,Control Center,CHARGING_REQUEST,"Request charging, battery: 10.5%"
39,Control Center,AGV 4,CHARGING_COMMAND,Charge UAV 8
39,AGV 4,UAV 8,CHARGING_START,Start charging
39,UAV 10,Control Center,LOW_BATTERY,Battery level: 26.5%
40,UAV 1,Control Center,LOW_BATTERY,Battery level: 22.6%
40,UAV 2,Control Center,LOW_BATTERY,Battery level: 27.6%
40,UAV 5,Control Center,LOW_BATTERY,Battery level: 23.8%
40,UAV 6,Control Center,LOW_BATTERY,Battery level: 27.6%
40,UAV 7,Control Center,LOW_BATTERY,Battery level: 20.7%
40,UAV 10,Control Center,LOW_BATTERY,Battery level: 26.5%
41,UAV 1,Control Center,LOW_BATTERY,Battery level: 22.6%
41,UAV 2,Control Center,LOW_BATTERY,Battery level: 27.6%
41,UAV 5,Control Center,LOW_BATTERY,Battery level: 23.8%
41,UAV 6,Control Center,LOW_BATTERY,Battery level: 27.6%
41,UAV 7,Control Center,LOW_BATTERY,Battery level: 20.7%
41,UAV 10,Control Center,LOW_BATTERY,Battery level: 26.5%
42,UAV 1,Control Center,LOW_BATTERY,Battery level: 22.6%
42,UAV 2,Control Center,LOW_BATTERY,Battery level: 27.6%
42,UAV 5,Control Center,LOW_BATTERY,Battery level: 23.8%
42,UAV 6,Control Center,LOW_BATTERY,Battery level: 27.6%
42,UAV 7,Control Center,LOW_BATTERY,Battery level: 20.7%
42,UAV 10,Control Center,LOW_BATTERY,Battery level: 26.5%
43,UAV 1,Control Center,LOW_BATTERY,Battery level: 22.6%
43,UAV 2,Control Center,LOW_BATTERY,Battery level: 27.6%
43,UAV 5,Control Center,LOW_BATTERY,Battery level: 23.8%
43,UAV 6,Control Center,LOW_BATTERY,Battery level: 27.6%
43,UAV 7,Control Center,LOW_BATTERY,Battery level: 20.7%
43,UAV 10,Control Center,LOW_BATTERY,Battery level: 26.5%
44,UAV 1,Control Center,LOW_BATTERY,Battery level: 22.6%
44,UAV 2,Control Center,LOW_BATTERY,Battery level: 27.6%
44,UAV 5,Control Center,LOW_BATTERY,Battery level: 23.8%
44,UAV 6,Control Center,LOW_BATTERY,Battery level: 27.6%
44,UAV 7,Control Center,LOW_BATTERY,Battery level: 20.7%
44,UAV 10,Control Center,LOW_BATTERY,Battery level: 26.5%
45,UAV 1,Control Center,LOW_BATTERY,Battery level: 22.6%
45,UAV 2,Control Center,LOW_BATTERY,Battery level: 27.6%
45,UAV 5,Control Center,LOW_BATTERY,Battery level: 23.8%
45,UAV 6,Control Center,LOW_BATTERY,Battery level: 27.6%
45,UAV 7,Control Center,LOW_BATTERY,Battery level: 20.7%
45,UAV 10,Control Center,LOW_BATTERY,Battery level: 26.5%
46,UAV 1,Control Center,LOW_BATTERY,Battery level: 22.6%
46,UAV 2,Control Center,LOW_BATTERY,Battery level: 27.6%
46,UAV 5,Control Center,LOW_BATTERY,Battery level: 23.8%
46,UAV 6,Control Center,LOW_BATTERY,Battery level: 27.6%
46,UAV 7,Control Center,LOW_BATTERY,Battery level: 20.7%
46,UAV 10,Control Center,LOW_BATTERY,Battery level: 26.5%
47,UAV 1,Control Center,LOW_BATTERY,Battery level: 22.6%
47,UAV 2,Control Center,LOW_BATTERY,Battery level: 27.6%
47,UAV 5,Control Center,LOW_BATTERY,Battery level: 23.8%
47,UAV 6,Control Center,LOW_BATTERY,Battery level: 27.6%
47,UAV 7,Control Center,LOW_BATTERY,Battery level: 20.7%
47,UAV 10,Control Center,LOW_BATTERY,Battery level: 26.5%
48,Control Center,UAV 8,TASK_ASSIGNMENT,Assign task 21
48,UAV 8,Control Center,TASK_START,Start task 21
48,UAV 1,Control Center,LOW_BATTERY,Battery level: 22.6%
48,UAV 2,Control Center,LOW_BATTERY,Battery level: 27.6%
48,UAV 5,Control Center,LOW_BATTERY,Battery level: 23.8%
48,UAV 6,Control Center,LOW_BATTERY,Battery level: 27.6%
48,UAV 7,Control Center,LOW_BATTERY,Battery level: 20.7%
48,UAV 10,Control Center,LOW_BATTERY,Battery level: 26.5%
49,UAV 1,Control Center,LOW_BATTERY,Battery level: 22.6%
49,UAV 2,Control Center,LOW_BATTERY,Battery level: 27.6%
49,UAV 5,Control Center,LOW_BATTERY,Battery level: 23.8%
49,UAV 6,Control Center,LOW_BATTERY,Battery level: 27.6%
49,UAV 7,Control Center,LOW_BATTERY,Battery level: 20.7%
49,UAV 10,Control Center,LOW_BATTERY,Battery level: 26.5%
50,UAV 1,Control Center,LOW_BATTERY,Battery level: 22.6%
50,UAV 2,Control Center,LOW_BATTERY,Battery level: 27.6%
50,UAV 5,Control Center,LOW_BATTERY,Battery level: 23.8%
50,UAV 6,Control Center,LOW_BATTERY,Battery level: 27.6%
50,UAV 7,Control Center,LOW_BATTERY,Battery level: 20.7%
50,UAV 10,Control Center,LOW_BATTERY,Battery level: 26.5%
51,UAV 1,Control Center,LOW_BATTERY,Battery level: 22.6%
51,UAV 2,Control Center,LOW_BATTERY,Battery level: 27.6%
51,UAV 5,Control Center,LOW_BATTERY,Battery level: 23.8%
51,UAV 6,Control Center,LOW_BATTERY,Battery level: 27.6%
51,UAV 7,Control Center,LOW_BATTERY,Battery level: 20.7%
51,UAV 10,Control Center,LOW_BATTERY,Battery level: 26.5%
52,UAV 1,Control Center,LOW_BATTERY,Battery level: 22.6%
52,UAV 2,Control Center,LOW_BATTERY,Battery level: 27.6%
52,UAV 5,Control Center,LOW_BATTERY,Battery level: 23.8%
52,UAV 6,Control Center,LOW_BATTERY,Battery level: 27.6%
52,UAV 7,Control Center,LOW_BATTERY,Battery level: 20.7%
52,UAV 10,Control Center,LOW_BATTERY,Battery level: 26.5%
53,UAV 1,Control Center,LOW_BATTERY,Battery level: 22.6%
53,UAV 2,Control Center,LOW_BATTERY,Battery level: 27.6%
53,UAV 5,Control Center,LOW_BATTERY,Battery level: 23.8%
53,UAV 6,Control Center,LOW_BATTERY,Battery level: 27.6%
53,UAV 7,Control Center,LOW_BATTERY,Battery level: 20.7%
53,UAV 10,Control Center,LOW_BATTERY,Battery level: 26.5%
54,UAV 1,Control Center,LOW_BATTERY,Battery level: 22.6%
54,UAV 2,Control Center,LOW_BATTERY,Battery level: 27.6%
54,UAV 5,Control Center,LOW_BATTERY,Battery level: 23.8%
54,UAV 6,Control Center,LOW_BATTERY,Battery level: 27.6%
54,UAV 7,Control Center,LOW_BATTERY,Battery level: 20.7%
54,UAV 8,Control Center,TASK_COMPLETE,Complete task 21
54,UAV 10,Control Center,LOW_BATTERY,Battery level: 26.5%
55,UAV 1,Control Center,LOW_BATTERY,Battery level: 22.6%
55,UAV 2,Control Center,LOW_BATTERY,Battery level: 27.6%
55,UAV 5,Control Center,LOW_BATTERY,Battery level: 23.8%
55,UAV 6,Control Center,LOW_BATTERY,Battery level: 27.6%
55,UAV 7,Control Center,LOW_BATTERY,Battery level: 20.7%
55,UAV 10,Control Center,LOW_BATTERY,Battery level: 26.5%
56,UAV 1,Control Center,LOW_BATTERY,Battery level: 22.6%
56,UAV 2,Control Center,LOW_BATTERY,Battery level: 27.6%
56,UAV 5,Control Center,LOW_BATTERY,Battery level: 23.8%
56,UAV 6,Control Center,LOW_BATTERY,Battery level: 27.6%
56,UAV 7,Control Center,LOW_BATTERY,Battery level: 20.7%
56,UAV 10,Control Center,LOW_BATTERY,Battery level: 26.5%
57,UAV 1,Control Center,LOW_BATTERY,Battery level: 22.6%
57,UAV 2,Control Center,LOW_BATTERY,Battery level: 27.6%
57,UAV 5,Control Center,LOW_BATTERY,Battery level: 23.8%
57,UAV 6,Control Center,LOW_BATTERY,Battery level: 27.6%
57,UAV 7,Control Center,LOW_BATTERY,Battery level: 20.7%
57,UAV 10,Control Center,LOW_BATTERY,Battery level: 26.5%
58,UAV 1,Control Center,LOW_BATTERY,Battery level: 22.6%
58,UAV 2,Control Center,LOW_BATTERY,Battery level: 27.6%
58,UAV 5,Control Center,LOW_BATTERY,Battery level: 23.8%
58,UAV 6,Control Center,LOW_BATTERY,Battery level: 27.6%
58,UAV 7,Control Center,LOW_BATTERY,Battery level: 20.7%
58,UAV 10,Control Center,LOW_BATTERY,Battery level: 26.5%
59,UAV 1,Control Center,LOW_BATTERY,Battery level: 22.6%
59,UAV 2,Control Center,LOW_BATTERY,Battery level: 27.6%
59,UAV 5,Control Center,LOW_BATTERY,Battery level: 23.8%
59,UAV 6,Control Center,LOW_BATTERY,Battery level: 27.6%
59,UAV 7,Control Center,LOW_BATTERY,Battery level: 20.7%
59,UAV 10,Control Center,LOW_BATTERY,Battery level: 26.5%
60,UAV 1,Control Center,LOW_BATTERY,Battery level: 22.6%
60,UAV 2,Control Center,LOW_BATTERY,Battery level: 27.6%
60,UAV 5,Control Center,LOW_BATTERY,Battery level: 23.8%
60,UAV 6,Control Center,LOW_BATTERY,Battery level: 27.6%
60,UAV 7,Control Center,LOW_BATTERY,Battery level: 20.7%
60,UAV 10,Control Center,LOW_BATTERY,Battery level: 26.5%
61,UAV 1,Control Center,LOW_BATTERY,Battery level: 22.6%
61,UAV 2,Control Center,LOW_BATTERY,Battery level: 27.6%
61,UAV 5,Control Center,LOW_BATTERY,Battery level: 23.8%
61,UAV 6,Control Center,LOW_BATTERY,Battery level: 27.6%
61,UAV 7,Control Center,LOW_BATTERY,Battery level: 20.7%
61,UAV 10,Control Center,LOW_BATTERY,Battery level: 26.5%
62,UAV 1,Control Center,LOW_BATTERY,Battery level: 22.6%
62,UAV 2,Control Center,LOW_BATTERY,Battery level: 27.6%
62,UAV 5,Control Center,LOW_BATTERY,Battery level: 23.8%
62,UAV 6,Control Center,LOW_BATTERY,Battery level: 27.6%
62,UAV 7,Control Center,LOW_BATTERY,Battery level: 20.7%
62,UAV 10,Control Center,LOW_BATTERY,Battery level: 26.5%
63,UAV 1,Control Center,LOW_BATTERY,Battery level: 22.6%
63,UAV 2,Control Center,LOW_BATTERY,Battery level: 27.6%
63,UAV 5,Control Center,LOW_BATTERY,Battery level: 23.8%
63,UAV 6,Control Center,LOW_BATTERY,Battery level: 27.6%
63,UAV 7,Control Center,LOW_BATTERY,Battery level: 20.7%
63,UAV 10,Control Center,LOW_BATTERY,Battery level: 26.5%
64,UAV 1,Control Center,LOW_BATTERY,Battery level: 22.6%
64,UAV 2,Control Center,LOW_BATTERY,Battery level: 27.6%
64,UAV 5,Control Center,LOW_BATTERY,Battery level: 23.8%
64,UAV 6,Control Center,LOW_BATTERY,Battery level: 27.6%
64,UAV 7,Control Center,LOW_BATTERY,Battery level: 20.7%
64,UAV 10,Control Center,LOW_BATTERY,Battery level: 26.5%
65,UAV 1,Control Center,LOW_BATTERY,Battery level: 22.6%
65,UAV 2,Control Center,LOW_BATTERY,Battery level: 27.6%
65,UAV 5,Control Center,LOW_BATTERY,Battery level: 23.8%
65,UAV 6,Control Center,LOW_BATTERY,Battery level: 27.6%
65,UAV 7,Control Center,LOW_BATTERY,Battery level: 20.7%
65,UAV 10,Control Center,LOW_BATTERY,Battery level: 26.5%
66,UAV 1,Control Center,LOW_BATTERY,Battery level: 22.6%
66,UAV 2,Control Center,LOW_BATTERY,Battery level: 27.6%
66,UAV 5,Control Center,LOW_BATTERY,Battery level: 23.8%
66,UAV 6,Control Center,LOW_BATTERY,Battery level: 27.6%
66,UAV 7,Control Center,LOW_BATTERY,Battery level: 20.7%
66,UAV 10,Control Center,LOW_BATTERY,Battery level: 26.5%
67,UAV 1,Control Center,LOW_BATTERY,Battery level: 22.6%
67,UAV 2,Control Center,LOW_BATTERY,Battery level: 27.6%
67,UAV 5,Control Center,LOW_BATTERY,Battery level: 23.8%
67,UAV 6,Control Center,LOW_BATTERY,Battery level: 27.6%
67,UAV 7,Control Center,LOW_BATTERY,Battery level: 20.7%
67,UAV 10,Control Center,LOW_BATTERY,Battery level: 26.5%
68,UAV 1,Control Center,LOW_BATTERY,Battery level: 22.6%
68,UAV 2,Control Center,LOW_BATTERY,Battery level: 27.6%
68,UAV 5,Control Center,LOW_BATTERY,Battery level: 23.8%
68,UAV 6,Control Center,LOW_BATTERY,Battery level: 27.6%
68,UAV 7,Control Center,LOW_BATTERY,Battery level: 20.7%
68,UAV 10,Control Center,LOW_BATTERY,Battery level: 26.5%
69,UAV 1,Control Center,LOW_BATTERY,Battery level: 22.6%
69,UAV 2,Control Center,LOW_BATTERY,Battery level: 27.6%
69,UAV 5,Control Center,LOW_BATTERY,Battery level: 23.8%
69,UAV 6,Control Center,LOW_BATTERY,Battery level: 27.6%
69,UAV 7,Control Center,LOW_BATTERY,Battery level: 20.7%
69,UAV 10,Control Center,LOW_BATTERY,Battery level: 26.5%
70,UAV 1,Control Center,LOW_BATTERY,Battery level: 22.6%
70,UAV 2,Control Center,LOW_BATTERY,Battery level: 27.6%
70,UAV 5,Control Center,LOW_BATTERY,Battery level: 23.8%
70,UAV 6,Control Center,LOW_BATTERY,Battery level: 27.6%
70,UAV 7,Control Center,LOW_BATTERY,Battery level: 20.7%
70,UAV 10,Control Center,LOW_BATTERY,Battery level: 26.5%
71,UAV 1,Control Center,LOW_BATTERY,Battery level: 22.6%
71,UAV 2,Control Center,LOW_BATTERY,Battery level: 27.6%
71,UAV 5,Control Center,LOW_BATTERY,Battery level: 23.8%
71,UAV 6,Control Center,LOW_BATTERY,Battery level: 27.6%
71,UAV 7,Control Center,LOW_BATTERY,Battery level: 20.7%
71,UAV 10,Control Center,LOW_BATTERY,Battery level: 26.5%
72,UAV 1,Control Center,LOW_BATTERY,Battery level: 22.6%
72,UAV 2,Control Center,LOW_BATTERY,Battery level: 27.6%
72,UAV 5,Control Center,LOW_BATTERY,Battery level: 23.8%
72,UAV 6,Control Center,LOW_BATTERY,Battery level: 27.6%
72,UAV 7,Control Center,LOW_BATTERY,Battery level: 20.7%
72,UAV 10,Control Center,LOW_BATTERY,Battery level: 26.5%
73,UAV 1,Control Center,LOW_BATTERY,Battery level: 22.6%
73,UAV 2,Control Center,LOW_BATTERY,Battery level: 27.6%
73,UAV 5,Control Center,LOW_BATTERY,Battery level: 23.8%
73,UAV 6,Control Center,LOW_BATTERY,Battery level: 27.6%
73,UAV 7,Control Center,LOW_BATTERY,Battery level: 20.7%
73,UAV 10,Control Center,LOW_BATTERY,Battery level: 26.5%
74,UAV 1,Control Center,LOW_BATTERY,Battery level: 22.6%
74,UAV 2,Control Center,LOW_BATTERY,Battery level: 27.6%
74,UAV 5,Control Center,LOW_BATTERY,Battery level: 23.8%
74,UAV 6,Control Center,LOW_BATTERY,Battery level: 27.6%
74,UAV 7,Control Center,LOW_BATTERY,Battery level: 20.7%
74,UAV 10,Control Center,LOW_BATTERY,Battery level: 26.5%
75,UAV 1,Control Center,LOW_BATTERY,Battery level: 22.6%
75,UAV 2,Control Center,LOW_BATTERY,Battery level: 27.6%
75,UAV 5,Control Center,LOW_BATTERY,Battery level: 23.8%
75,UAV 6,Control Center,LOW_BATTERY,Battery level: 27.6%
75,UAV 7,Control Center,LOW_BATTERY,Battery level: 20.7%
75,UAV 10,Control Center,LOW_BATTERY,Battery level: 26.5%
76,UAV 1,Control Center,LOW_BATTERY,Battery level: 22.6%
76,UAV 2,Control Center,LOW_BATTERY,Battery level: 27.6%
76,UAV 5,Control Center,LOW_BATTERY,Battery level: 23.8%
76,UAV 6,Control Center,LOW_BATTERY,Battery level: 27.6%
76,UAV 7,Control Center,LOW_BATTERY,Battery level: 20.7%
76,UAV 10,Control Center,LOW_BATTERY,Battery level: 26.5%
77,UAV 1,Control Center,LOW_BATTERY,Battery level: 22.6%
77,UAV 2,Control Center,LOW_BATTERY,Battery level: 27.6%
77,UAV 5,Control Center,LOW_BATTERY,Battery level: 23.8%
77,UAV 6,Control Center,LOW_BATTERY,Battery level: 27.6%
77,UAV 7,Control Center,LOW_BATTERY,Battery level: 20.7%
77,UAV 10,Control Center,LOW_BATTERY,Battery level: 26.5%
78,UAV 1,Control Center,LOW_BATTERY,Battery level: 22.6%
78,UAV 2,Control Center,LOW_BATTERY,Battery level: 27.6%
78,UAV 5,Control Center,LOW_BATTERY,Battery level: 23.8%
78,UAV 6,Control Center,LOW_BATTERY,Battery level: 27.6%
78,UAV 7,Control Center,LOW_BATTERY,Battery level: 20.7%
78,UAV 10,Control Center,LOW_BATTERY,Battery level: 26.5%
79,UAV 1,Control Center,LOW_BATTERY,Battery level: 22.6%
79,UAV 2,Control Center,LOW_BATTERY,Battery level: 27.6%
79,UAV 5,Control Center,LOW_BATTERY,Battery level: 23.8%
79,UAV 6,Control Center,LOW_BATTERY,Battery level: 27.6%
79,UAV 7,Control Center,LOW_BATTERY,Battery level: 20.7%
79,UAV 10,Control Center,LOW_BATTERY,Battery level: 26.5%
80,UAV 1,Control Center,LOW_BATTERY,Battery level: 22.6%
80,UAV 2,Control Center,LOW_BATTERY,Battery level: 27.6%
80,UAV 5,Control Center,LOW_BATTERY,Battery level: 23.8%
80,UAV 6,Control Center,LOW_BATTERY,Battery level: 27.6%
80,UAV 7,Control Center,LOW_BATTERY,Battery level: 20.7%
80,UAV 10,Control Center,LOW_BATTERY,Battery level: 26.5%
81,UAV 1,Control Center,LOW_BATTERY,Battery level: 22.6%
81,UAV 2,Control Center,LOW_BATTERY,Battery level: 27.6%
81,UAV 5,Control Center,LOW_BATTERY,Battery level: 23.8%
81,UAV 6,Control Center,LOW_BATTERY,Battery level: 27.6%
81,UAV 7,Control Center,LOW_BATTERY,Battery level: 20.7%
81,UAV 10,Control Center,LOW_BATTERY,Battery level: 26.5%
82,UAV 1,Control Center,LOW_BATTERY,Battery level: 22.6%
82,UAV 2,Control Center,LOW_BATTERY,Battery level: 27.6%
82,UAV 5,Control Center,LOW_BATTERY,Battery level: 23.8%
82,UAV 6,Control Center,LOW_BATTERY,Battery level: 27.6%
82,UAV 7,Control Center,LOW_BATTERY,Battery level: 20.7%
82,UAV 10,Control Center,LOW_BATTERY,Battery level: 26.5%
83,UAV 1,Control Center,LOW_BATTERY,Battery level: 22.6%
83,UAV 2,Control Center,LOW_BATTERY,Battery level: 27.6%
83,UAV 5,Control Center,LOW_BATTERY,Battery level: 23.8%
83,UAV 6,Control Center,LOW_BATTERY,Battery level: 27.6%
83,UAV 7,Control Center,LOW_BATTERY,Battery level: 20.7%
83,UAV 10,Control Center,LOW_BATTERY,Battery level: 26.5%
84,UAV 1,Control Center,LOW_BATTERY,Battery level: 22.6%
84,UAV 2,Control Center,LOW_BATTERY,Battery level: 27.6%
84,UAV 5,Control Center,LOW_BATTERY,Battery level: 23.8%
84,UAV 6,Control Center,LOW_BATTERY,Battery level: 27.6%
84,UAV 7,Control Center,LOW_BATTERY,Battery level: 20.7%
84,UAV 10,Control Center,LOW_BATTERY,Battery level: 26.5%
85,UAV 1,Control Center,LOW_BATTERY,Battery level: 22.6%
85,UAV 2,Control Center,LOW_BATTERY,Battery level: 27.6%
85,UAV 5,Control Center,LOW_BATTERY,Battery level: 23.8%
85,UAV 6,Control Center,LOW_BATTERY,Battery level: 27.6%
85,UAV 7,Control Center,LOW_BATTERY,Battery level: 20.7%
85,UAV 10,Control Center,LOW_BATTERY,Battery level: 26.5%
86,UAV 1,Control Center,LOW_BATTERY,Battery level: 22.6%
86,UAV 2,Control Center,LOW_BATTERY,Battery level: 27.6%
86,UAV 5,Control Center,LOW_BATTERY,Battery level: 23.8%
86,UAV 6,Control Center,LOW_BATTERY,Battery level: 27.6%
86,UAV 7,Control Center,LOW_BATTERY,Battery level: 20.7%
86,UAV 10,Control Center,LOW_BATTERY,Battery level: 26.5%
87,UAV 1,Control Center,LOW_BATTERY,Battery level: 22.6%
87,UAV 2,Control Center,LOW_BATTERY,Battery level: 27.6%
87,UAV 5,Control Center,LOW_BATTERY,Battery level: 23.8%
87,UAV 6,Control Center,LOW_BATTERY,Battery level: 27.6%
87,UAV 7,Control Center,LOW_BATTERY,Battery level: 20.7%
87,UAV 10,Control Center,LOW_BATTERY,Battery level: 26.5%
88,UAV 1,Control Center,LOW_BATTERY,Battery level: 22.6%
88,UAV 2,Control Center,LOW_BATTERY,Battery level: 27.6%
88,UAV 5,Control Center,LOW_BATTERY,Battery level: 23.8%
88,UAV 6,Control Center,LOW_BATTERY,Battery level: 27.6%
88,UAV 7,Control Center,LOW_BATTERY,Battery level: 20.7%
88,UAV 10,Control Center,LOW_BATTERY,Battery level: 26.5%
89,UAV 1,Control Center,LOW_BATTERY,Battery level: 22.6%
89,UAV 2,Control Center,LOW_BATTERY,Battery level: 27.6%
89,UAV 5,Control Center,LOW_BATTERY,Battery level: 23.8%
89,UAV 6,Control Center,LOW_BATTERY,Battery level: 27.6%
89,UAV 7,Control Center,LOW_BATTERY,Battery level: 20.7%
89,UAV 10,Control Center,LOW_BATTERY,Battery level: 26.5%
90,UAV 1,Control Center,LOW_BATTERY,Battery level: 22.6%
90,UAV 2,Control Center,LOW_BATTERY,Battery level: 27.6%
90,UAV 5,Control Center,LOW_BATTERY,Battery level: 23.8%
90,UAV 6,Control Center,LOW_BATTERY,Battery level: 27.6%
90,UAV 7,Control Center,LOW_BATTERY,Battery level: 20.7%
90,UAV 10,Control Center,LOW_BATTERY,Battery level: 26.5%
91,UAV 1,Control Center,LOW_BATTERY,Battery level: 22.6%
91,UAV 2,Control Center,LOW_BATTERY,Battery level: 27.6%
91,UAV 5,Control Center,LOW_BATTERY,Battery level: 23.8%
91,UAV 6,Control Center,LOW_BATTERY,Battery level: 27.6%
91,UAV 7,Control Center,LOW_BATTERY,Battery level: 20.7%
91,UAV 10,Control Center,LOW_BATTERY,Battery level: 26.5%
92,UAV 1,Control Center,LOW_BATTERY,Battery level: 22.6%
92,UAV 2,Control Center,LOW_BATTERY,Battery level: 27.6%
92,UAV 5,Control Center,LOW_BATTERY,Battery level: 23.8%
92,UAV 6,Control Center,LOW_BATTERY,Battery level: 27.6%
92,UAV 7,Control Center,LOW_BATTERY,Battery level: 20.7%
92,UAV 10,Control Center,LOW_BATTERY,Battery level: 26.5%
93,UAV 1,Control Center,LOW_BATTERY,Battery level: 22.6%
93,UAV 2,Control Center,LOW_BATTERY,Battery level: 27.6%
93,UAV 5,Control Center,LOW_BATTERY,Battery level: 23.8%
93,UAV 6,Control Center,LOW_BATTERY,Battery level: 27.6%
93,UAV 7,Control Center,LOW_BATTERY,Battery level: 20.7%
93,UAV 10,Control Center,LOW_BATTERY,Battery level: 26.5%
94,UAV 1,Control Center,LOW_BATTERY,Battery level: 22.6%
94,UAV 2,Control Center,LOW_BATTERY,Battery level: 27.6%
94,UAV 5,Control Center,LOW_BATTERY,Battery level: 23.8%
94,UAV 6,Control Center,LOW_BATTERY,Battery level: 27.6%
94,UAV 7,Control Center,LOW_BATTERY,Battery level: 20.7%
94,UAV 10,Control Center,LOW_BATTERY,Battery level: 26.5%
95,UAV 1,Control Center,LOW_BATTERY,Battery level: 22.6%
95,UAV 2,Control Center,LOW_BATTERY,Battery level: 27.6%
95,UAV 5,Control Center,LOW_BATTERY,Battery level: 23.8%
95,UAV 6,Control Center,LOW_BATTERY,Battery level: 27.6%
95,UAV 7,Control Center,LOW_BATTERY,Battery level: 20.7%
95,UAV 10,Control Center,LOW_BATTERY,Battery level: 26.5%
96,UAV 1,Control Center,LOW_BATTERY,Battery level: 22.6%
96,UAV 2,Control Center,LOW_BATTERY,Battery level: 27.6%
96,UAV 5,Control Center,LOW_BATTERY,Battery level: 23.8%
96,UAV 6,Control Center,LOW_BATTERY,Battery level: 27.6%
96,UAV 7,Control Center,LOW_BATTERY,Battery level: 20.7%
96,UAV 10,Control Center,LOW_BATTERY,Battery level: 26.5%
97,UAV 1,Control Center,LOW_BATTERY,Battery level: 22.6%
97,UAV 2,Control Center,LOW_BATTERY,Battery level: 27.6%
97,UAV 5,Control Center,LOW_BATTERY,Battery level: 23.8%
97,UAV 6,Control Center,LOW_BATTERY,Battery level: 27.6%
97,UAV 7,Control Center,LOW_BATTERY,Battery level: 20.7%
97,UAV 10,Control Center,LOW_BATTERY,Battery level: 26.5%
98,UAV 1,Control Center,LOW_BATTERY,Battery level: 22.6%
98,UAV 2,Control Center,LOW_BATTERY,Battery level: 27.6%
98,UAV 5,Control Center,LOW_BATTERY,Battery level: 23.8%
98,UAV 6,Control Center,LOW_BATTERY,Battery level: 27.6%
98,UAV 7,Control Center,LOW_BATTERY,Battery level: 20.7%
98,UAV 10,Control Center,LOW_BATTERY,Battery level: 26.5%
99,UAV 1,Control Center,LOW_BATTERY,Battery level: 22.6%
99,UAV 2,Control Center,LOW_BATTERY,Battery level: 27.6%
99,UAV 5,Control Center,LOW_BATTERY,Battery level: 23.8%
99,UAV 6,Control Center,LOW_BATTERY,Battery level: 27.6%
99,UAV 7,Control Center,LOW_BATTERY,Battery level: 20.7%
99,UAV 10,Control Center,LOW_BATTERY,Battery level: 26.5%
100,UAV 1,Control Center,LOW_BATTERY,Battery level: 22.6%
100,UAV 2,Control Center,LOW_BATTERY,Battery level: 27.6%
100,UAV 5,Control Center,LOW_BATTERY,Battery level: 23.8%
100,UAV 6,Control Center,LOW_BATTERY,Battery level: 27.6%
100,UAV 7,Control Center,LOW_BATTERY,Battery level: 20.7%
100,UAV 10,Control Center,LOW_BATTERY,Battery level: 26.5%
101,UAV 1,Control Center,LOW_BATTERY,Battery level: 22.6%
101,UAV 2,Control Center,LOW_BATTERY,Battery level: 27.6%
101,UAV 5,Control Center,LOW_BATTERY,Battery level: 23.8%
101,UAV 6,Control Center,LOW_BATTERY,Battery level: 27.6%
101,UAV 7,Control Center,LOW_BATTERY,Battery level: 20.7%
101,UAV 10,Control Center,LOW_BATTERY,Battery level: 26.5%
102,UAV 1,Control Center,LOW_BATTERY,Battery level: 22.6%
102,UAV 2,Control Center,LOW_BATTERY,Battery level: 27.6%
102,UAV 5,Control Center,LOW_BATTERY,Battery level: 23.8%
102,UAV 6,Control Center,LOW_BATTERY,Battery level: 27.6%
102,UAV 7,Control Center,LOW_BATTERY,Battery level: 20.7%
102,UAV 10,Control Center,LOW_BATTERY,Battery level: 26.5%
103,UAV 1,Control Center,LOW_BATTERY,Battery level: 22.6%
103,UAV 2,Control Center,LOW_BATTERY,Battery level: 27.6%
103,UAV 5,Control Center,LOW_BATTERY,Battery level: 23.8%
103,UAV 6,Control Center,LOW_BATTERY,Battery level: 27.6%
103,UAV 7,Control Center,LOW_BATTERY,Battery level: 20.7%
103,UAV 10,Control Center,LOW_BATTERY,Battery level: 26.5%
104,UAV 1,Control Center,LOW_BATTERY,Battery level: 22.6%
104,UAV 2,Control Center,LOW_BATTERY,Battery level: 27.6%
104,UAV 5,Control Center,LOW_BATTERY,Battery level: 23.8%
104,UAV 6,Control Center,LOW_BATTERY,Battery level: 27.6%
104,UAV 7,Control Center,LOW_BATTERY,Battery level: 20.7%
104,UAV 10,Control Center,LOW_BATTERY,Battery level: 26.5%
105,UAV 1,Control Center,LOW_BATTERY,Battery level: 22.6%
105,UAV 2,Control Center,LOW_BATTERY,Battery level: 27.6%
105,UAV 5,Control Center,LOW_BATTERY,Battery level: 23.8%
105,UAV 6,Control Center,LOW_BATTERY,Battery level: 27.6%
105,UAV 7,Control Center,LOW_BATTERY,Battery level: 20.7%
105,UAV 10,Control Center,LOW_BATTERY,Battery level: 26.5%
106,UAV 1,Control Center,LOW_BATTERY,Battery level: 22.6%
106,UAV 2,Control Center,LOW_BATTERY,Battery level: 27.6%
106,UAV 5,Control Center,LOW_BATTERY,Battery level: 23.8%
106,UAV 6,Control Center,LOW_BATTERY,Battery level: 27.6%
106,UAV 7,Control Center,LOW_BATTERY,Battery level: 20.7%
106,UAV 10,Control Center,LOW_BATTERY,Battery level: 26.5%
107,UAV 1,Control Center,LOW_BATTERY,Battery level: 22.6%
107,UAV 2,Control Center,LOW_BATTERY,Battery level: 27.6%
107,UAV 5,Control Center,LOW_BATTERY,Battery level: 23.8%
107,UAV 6,Control Center,LOW_BATTERY,Battery level: 27.6%
107,UAV 7,Control Center,LOW_BATTERY,Battery level: 20.7%
107,UAV 10,Control Center,LOW_BATTERY,Battery level: 26.5%
108,UAV 1,Control Center,LOW_BATTERY,Battery level: 22.6%
108,UAV 2,Control Center,LOW_BATTERY,Battery level: 27.6%
108,UAV 5,Control Center,LOW_BATTERY,Battery level: 23.8%
108,UAV 6,Control Center,LOW_BATTERY,Battery level: 27.6%
108,UAV 7,Control Center,LOW_BATTERY,Battery level: 20.7%
108,UAV 10,Control Center,LOW_BATTERY,Battery level: 26.5%
109,UAV 1,Control Center,LOW_BATTERY,Battery level: 22.6%
109,UAV 2,Control Center,LOW_BATTERY,Battery level: 27.6%
109,UAV 5,Control Center,LOW_BATTERY,Battery level: 23.8%
109,UAV 6,Control Center,LOW_BATTERY,Battery level: 27.6%
109,UAV 7,Control Center,LOW_BATTERY,Battery level: 20.7%
109,UAV 10,Control Center,LOW_BATTERY,Battery level: 26.5%
110,UAV 1,Control Center,LOW_BATTERY,Battery level: 22.6%
110,UAV 2,Control Center,LOW_BATTERY,Battery level: 27.6%
110,UAV 5,Control Center,LOW_BATTERY,Battery level: 23.8%
110,UAV 6,Control Center,LOW_BATTERY,Battery level: 27.6%
110,UAV 7,Control Center,LOW_BATTERY,Battery level: 20.7%
110,UAV 10,Control Center,LOW_BATTERY,Battery level: 26.5%
111,UAV 1,Control Center,LOW_BATTERY,Battery level: 22.6%
111,UAV 2,Control Center,LOW_BATTERY,Battery level: 27.6%
111,UAV 5,Control Center,LOW_BATTERY,Battery level: 23.8%
111,UAV 6,Control Center,LOW_BATTERY,Battery level: 27.6%
111,UAV 7,Control Center,LOW_BATTERY,Battery level: 20.7%
111,UAV 10,Control Center,LOW_BATTERY,Battery level: 26.5%
112,UAV 1,Control Center,LOW_BATTERY,Battery level: 22.6%
112,UAV 2,Control Center,LOW_BATTERY,Battery level: 27.6%
112,UAV 5,Control Center,LOW_BATTERY,Battery level: 23.8%
112,UAV 6,Control Center,LOW_BATTERY,Battery level: 27.6%
112,UAV 7,Control Center,LOW_BATTERY,Battery level: 20.7%
112,UAV 10,Control Center,LOW_BATTERY,Battery level: 26.5%
113,UAV 1,Control Center,LOW_BATTERY,Battery level: 22.6%
113,UAV 2,Control Center,LOW_BATTERY,Battery level: 27.6%
113,UAV 5,Control Center,LOW_BATTERY,Battery level: 23.8%
113,UAV 6,Control Center,LOW_BATTERY,Battery level: 27.6%
113,UAV 7,Control Center,LOW_BATTERY,Battery level: 20.7%
113,UAV 10,Control Center,LOW_BATTERY,Battery level: 26.5%
114,UAV 1,Control Center,LOW_BATTERY,Battery level: 22.6%
114,UAV 2,Control Center,LOW_BATTERY,Battery level: 27.6%
114,UAV 5,Control Center,LOW_BATTERY,Battery level: 23.8%
114,UAV 6,Control Center,LOW_BATTERY,Battery level: 27.6%
114,UAV 7,Control Center,LOW_BATTERY,Battery level: 20.7%
114,UAV 10,Control Center,LOW_BATTERY,Battery level: 26.5%
115,UAV 1,Control Center,LOW_BATTERY,Battery level: 22.6%
115,UAV 2,Control Center,LOW_BATTERY,Battery level: 27.6%
115,UAV 5,Control Center,LOW_BATTERY,Battery level: 23.8%
115,UAV 6,Control Center,LOW_BATTERY,Battery level: 27.6%
115,UAV 7,Control Center,LOW_BATTERY,Battery level: 20.7%
115,UAV 10,Control Center,LOW_BATTERY,Battery level: 26.5%
116,UAV 1,Control Center,LOW_BATTERY,Battery level: 22.6%
116,UAV 2,Control Center,LOW_BATTERY,Battery level: 27.6%
116,UAV 5,Control Center,LOW_BATTERY,Battery level: 23.8%
116,UAV 6,Control Center,LOW_BATTERY,Battery level: 27.6%
116,UAV 7,Control Center,LOW_BATTERY,Battery level: 20.7%
116,UAV 10,Control Center,LOW_BATTERY,Battery level: 26.5%
117,UAV 1,Control Center,LOW_BATTERY,Battery level: 22.6%
117,UAV 2,Control Center,LOW_BATTERY,Battery level: 27.6%
117,UAV 5,Control Center,LOW_BATTERY,Battery level: 23.8%
117,UAV 6,Control Center,LOW_BATTERY,Battery level: 27.6%
117,UAV 7,Control Center,LOW_BATTERY,Battery level: 20.7%
117,UAV 10,Control Center,LOW_BATTERY,Battery level: 26.5%
118,UAV 1,Control Center,LOW_BATTERY,Battery level: 22.6%
118,UAV 2,Control Center,LOW_BATTERY,Battery level: 27.6%
118,UAV 5,Control Center,LOW_BATTERY,Battery level: 23.8%
118,UAV 6,Control Center,LOW_BATTERY,Battery level: 27.6%
118,UAV 7,Control Center,LOW_BATTERY,Battery level: 20.7%
118,UAV 10,Control Center,LOW_BATTERY,Battery level: 26.5%
119,UAV 1,Control Center,LOW_BATTERY,Battery level: 22.6%
119,UAV 2,Control Center,LOW_BATTERY,Battery level: 27.6%
119,UAV 5,Control Center,LOW_BATTERY,Battery level: 23.8%
119,UAV 6,Control Center,LOW_BATTERY,Battery level: 27.6%
119,UAV 7,Control Center,LOW_BATTERY,Battery level: 20.7%
119,UAV 10,Control Center,LOW_BATTERY,Battery level: 26.5%
120,UAV 1,Control Center,LOW_BATTERY,Battery level: 22.6%
120,UAV 2,Control Center,LOW_BATTERY,Battery level: 27.6%
120,UAV 5,Control Center,LOW_BATTERY,Battery level: 23.8%
120,UAV 6,Control Center,LOW_BATTERY,Battery level: 27.6%
120,UAV 7,Control Center,LOW_BATTERY,Battery level: 20.7%
120,UAV 10,Control Center,LOW_BATTERY,Battery level: 26.5%
121,UAV 1,Control Center,LOW_BATTERY,Battery level: 22.6%
121,UAV 2,Control Center,LOW_BATTERY,Battery level: 27.6%
121,UAV 5,Control Center,LOW_BATTERY,Battery level: 23.8%
121,UAV 6,Control Center,LOW_BATTERY,Battery level: 27.6%
121,UAV 7,Control Center,LOW_BATTERY,Battery level: 20.7%
121,UAV 10,Control Center,LOW_BATTERY,Battery level: 26.5%
122,UAV 1,Control Center,LOW_BATTERY,Battery level: 22.6%
122,UAV 2,Control Center,LOW_BATTERY,Battery level: 27.6%
122,UAV 5,Control Center,LOW_BATTERY,Battery level: 23.8%
122,UAV 6,Control Center,LOW_BATTERY,Battery level: 27.6%
122,UAV 7,Control Center,LOW_BATTERY,Battery level: 20.7%
122,UAV 10,Control Center,LOW_BATTERY,Battery level: 26.5%
123,UAV 1,Control Center,LOW_BATTERY,Battery level: 22.6%
123,UAV 2,Control Center,LOW_BATTERY,Battery level: 27.6%
123,UAV 5,Control Center,LOW_BATTERY,Battery level: 23.8%
123,UAV 6,Control Center,LOW_BATTERY,Battery level: 27.6%
123,UAV 7,Control Center,LOW_BATTERY,Battery level: 20.7%
123,UAV 10,Control Center,LOW_BATTERY,Battery level: 26.5%
124,UAV 1,Control Center,LOW_BATTERY,Battery level: 22.6%
124,UAV 2,Control Center,LOW_BATTERY,Battery level: 27.6%
124,UAV 5,Control Center,LOW_BATTERY,Battery level: 23.8%
124,UAV 6,Control Center,LOW_BATTERY,Battery level: 27.6%
124,UAV 7,Control Center,LOW_BATTERY,Battery level: 20.7%
124,UAV 10,Control Center,LOW_BATTERY,Battery level: 26.5%
125,UAV 1,Control Center,LOW_BATTERY,Battery level: 22.6%
125,UAV 2,Control Center,LOW_BATTERY,Battery level: 27.6%
125,UAV 5,Control Center,LOW_BATTERY,Battery level: 23.8%
125,UAV 6,Control Center,LOW_BATTERY,Battery level: 27.6%
125,UAV 7,Control Center,LOW_BATTERY,Battery level: 20.7%
125,UAV 10,Control Center,LOW_BATTERY,Battery level: 26.5%
126,UAV 1,Control Center,LOW_BATTERY,Battery level: 22.6%
126,UAV 2,Control Center,LOW_BATTERY,Battery level: 27.6%
126,UAV 5,Control Center,LOW_BATTERY,Battery level: 23.8%
126,UAV 6,Control Center,LOW_BATTERY,Battery level: 27.6%
126,UAV 7,Control Center,LOW_BATTERY,Battery level: 20.7%
126,UAV 10,Control Center,LOW_BATTERY,Battery level: 26.5%
127,UAV 1,Control Center,LOW_BATTERY,Battery level: 22.6%
127,UAV 2,Control Center,LOW_BATTERY,Battery level: 27.6%
127,UAV 5,Control Center,LOW_BATTERY,Battery level: 23.8%
127,UAV 6,Control Center,LOW_BATTERY,Battery level: 27.6%
127,UAV 7,Control Center,LOW_BATTERY,Battery level: 20.7%
127,UAV 10,Control Center,LOW_BATTERY,Battery level: 26.5%
128,UAV 1,Control Center,LOW_BATTERY,Battery level: 22.6%
128,UAV 2,Control Center,LOW_BATTERY,Battery level: 27.6%
128,UAV 5,Control Center,LOW_BATTERY,Battery level: 23.8%
128,UAV 6,Control Center,LOW_BATTERY,Battery level: 27.6%
128,UAV 7,Control Center,LOW_BATTERY,Battery level: 20.7%
128,UAV 10,Control Center,LOW_BATTERY,Battery level: 26.5%
129,UAV 1,Control Center,LOW_BATTERY,Battery level: 22.6%
129,UAV 2,Control Center,LOW_BATTERY,Battery level: 27.6%
129,UAV 5,Control Center,LOW_BATTERY,Battery level: 23.8%
129,UAV 6,Control Center,LOW_BATTERY,Battery level: 27.6%
129,UAV 7,Control Center,LOW_BATTERY,Battery level: 20.7%
129,UAV 10,Control Center,LOW_BATTERY,Battery level: 26.5%
130,UAV 1,Control Center,LOW_BATTERY,Battery level: 22.6%
130,UAV 2,Control Center,LOW_BATTERY,Battery level: 27.6%
130,UAV 5,Control Center,LOW_BATTERY,Battery level: 23.8%
130,UAV 6,Control Center,LOW_BATTERY,Battery level: 27.6%
130,UAV 7,Control Center,LOW_BATTERY,Battery level: 20.7%
130,UAV 10,Control Center,LOW_BATTERY,Battery level: 26.5%
131,UAV 1,Control Center,LOW_BATTERY,Battery level: 22.6%
131,UAV 2,Control Center,LOW_BATTERY,Battery level: 27.6%
131,UAV 5,Control Center,LOW_BATTERY,Battery level: 23.8%
131,UAV 6,Control Center,LOW_BATTERY,Battery level: 27.6%
131,UAV 7,Control Center,LOW_BATTERY,Battery level: 20.7%
131,UAV 10,Control Center,LOW_BATTERY,Battery level: 26.5%
132,UAV 1,Control Center,LOW_BATTERY,Battery level: 22.6%
132,UAV 2,Control Center,LOW_BATTERY,Battery level: 27.6%
132,UAV 5,Control Center,LOW_BATTERY,Battery level: 23.8%
132,UAV 6,Control Center,LOW_BATTERY,Battery level: 27.6%
132,UAV 7,Control Center,LOW_BATTERY,Battery level: 20.7%
132,UAV 10,Control Center,LOW_BATTERY,Battery level: 26.5%
133,UAV 1,Control Center,LOW_BATTERY,Battery level: 22.6%
133,UAV 2,Control Center,LOW_BATTERY,Battery level: 27.6%
133,UAV 5,Control Center,LOW_BATTERY,Battery level: 23.8%
133,UAV 6,Control Center,LOW_BATTERY,Battery level: 27.6%
133,UAV 7,Control Center,LOW_BATTERY,Battery level: 20.7%
133,UAV 10,Control Center,LOW_BATTERY,Battery level: 26.5%
134,UAV 1,Control Center,LOW_BATTERY,Battery level: 22.6%
134,UAV 2,Control Center,LOW_BATTERY,Battery level: 27.6%
134,UAV 5,Control Center,LOW_BATTERY,Battery level: 23.8%
134,UAV 6,Control Center,LOW_BATTERY,Battery level: 27.6%
134,UAV 7,Control Center,LOW_BATTERY,Battery level: 20.7%
134,UAV 10,Control Center,LOW_BATTERY,Battery level: 26.5%
135,UAV 1,Control Center,LOW_BATTERY,Battery level: 22.6%
135,UAV 2,Control Center,LOW_BATTERY,Battery level: 27.6%
135,UAV 5,Control Center,LOW_BATTERY,Battery level: 23.8%
135,UAV 6,Control Center,LOW_BATTERY,Battery level: 27.6%
135,UAV 7,Control Center,LOW_BATTERY,Battery level: 20.7%
135,UAV 10,Control Center,LOW_BATTERY,Battery level: 26.5%
136,UAV 1,Control Center,LOW_BATTERY,Battery level: 22.6%
136,UAV 2,Control Center,LOW_BATTERY,Battery level: 27.6%
136,UAV 5,Control Center,LOW_BATTERY,Battery level: 23.8%
136,UAV 6,Control Center,LOW_BATTERY,Battery level: 27.6%
136,UAV 7,Control Center,LOW_BATTERY,Battery level: 20.7%
136,UAV 10,Control Center,LOW_BATTERY,Battery level: 26.5%
137,UAV 1,Control Center,LOW_BATTERY,Battery level: 22.6%
137,UAV 2,Control Center,LOW_BATTERY,Battery level: 27.6%
137,UAV 5,Control Center,LOW_BATTERY,Battery level: 23.8%
137,UAV 6,Control Center,LOW_BATTERY,Battery level: 27.6%
137,UAV 7,Control Center,LOW_BATTERY,Battery level: 20.7%
137,UAV 10,Control Center,LOW_BATTERY,Battery level: 26.5%
138,UAV 1,Control Center,LOW_BATTERY,Battery level: 22.6%
138,UAV 2,Control Center,LOW_BATTERY,Battery level: 27.6%
138,UAV 5,Control Center,LOW_BATTERY,Battery level: 23.8%
138,UAV 6,Control Center,LOW_BATTERY,Battery level: 27.6%
138,UAV 7,Control Center,LOW_BATTERY,Battery level: 20.7%
138,UAV 10,Control Center,LOW_BATTERY,Battery level: 26.5%
139,UAV 1,Control Center,LOW_BATTERY,Battery level: 22.6%
139,UAV 2,Control Center,LOW_BATTERY,Battery level: 27.6%
139,UAV 5,Control Center,LOW_BATTERY,Battery level: 23.8%
139,UAV 6,Control Center,LOW_BATTERY,Battery level: 27.6%
139,UAV 7,Control Center,LOW_BATTERY,Battery level: 20.7%
139,UAV 10,Control Center,LOW_BATTERY,Battery level: 26.5%
140,UAV 1,Control Center,LOW_BATTERY,Battery level: 22.6%
140,UAV 2,Control Center,LOW_BATTERY,Battery level: 27.6%
140,UAV 5,Control Center,LOW_BATTERY,Battery level: 23.8%
140,UAV 6,Control Center,LOW_BATTERY,Battery level: 27.6%
140,UAV 7,Control Center,LOW_BATTERY,Battery level: 20.7%
140,UAV 10,Control Center,LOW_BATTERY,Battery level: 26.5%
141,UAV 1,Control Center,LOW_BATTERY,Battery level: 22.6%
141,UAV 2,Control Center,LOW_BATTERY,Battery level: 27.6%
141,UAV 5,Control Center,LOW_BATTERY,Battery level: 23.8%
141,UAV 6,Control Center,LOW_BATTERY,Battery level: 27.6%
141,UAV 7,Control Center,LOW_BATTERY,Battery level: 20.7%
141,UAV 10,Control Center,LOW_BATTERY,Battery level: 26.5%
142,UAV 1,Control Center,LOW_BATTERY,Battery level: 22.6%
142,UAV 2,Control Center,LOW_BATTERY,Battery level: 27.6%
142,UAV 5,Control Center,LOW_BATTERY,Battery level: 23.8%
142,UAV 6,Control Center,LOW_BATTERY,Battery level: 27.6%
142,UAV 7,Control Center,LOW_BATTERY,Battery level: 20.7%
142,UAV 10,Control Center,LOW_BATTERY,Battery level: 26.5%
143,UAV 1,Control Center,LOW_BATTERY,Battery level: 22.6%
143,UAV 2,Control Center,LOW_BATTERY,Battery level: 27.6%
143,UAV 5,Control Center,LOW_BATTERY,Battery level: 23.8%
143,UAV 6,Control Center,LOW_BATTERY,Battery level: 27.6%
143,UAV 7,Control Center,LOW_BATTERY,Battery level: 20.7%
143,UAV 10,Control Center,LOW_BATTERY,Battery level: 26.5%
144,UAV 1,Control Center,LOW_BATTERY,Battery level: 22.6%
144,UAV 2,Control Center,LOW_BATTERY,Battery level: 27.6%
144,UAV 5,Control Center,LOW_BATTERY,Battery level: 23.8%
144,UAV 6,Control Center,LOW_BATTERY,Battery level: 27.6%
144,UAV 7,Control Center,LOW_BATTERY,Battery level: 20.7%
144,UAV 10,Control Center,LOW_BATTERY,Battery level: 26.5%
145,UAV 1,Control Center,LOW_BATTERY,Battery level: 22.6%
145,UAV 2,Control Center,LOW_BATTERY,Battery level: 27.6%
145,UAV 5,Control Center,LOW_BATTERY,Battery level: 23.8%
145,UAV 6,Control Center,LOW_BATTERY,Battery level: 27.6%
145,UAV 7,Control Center,LOW_BATTERY,Battery level: 20.7%
145,UAV 10,Control Center,LOW_BATTERY,Battery level: 26.5%
146,UAV 1,Control Center,LOW_BATTERY,Battery level: 22.6%
146,UAV 2,Control Center,LOW_BATTERY,Battery level: 27.6%
146,UAV 5,Control Center,LOW_BATTERY,Battery level: 23.8%
146,UAV 6,Control Center,LOW_BATTERY,Battery level: 27.6%
146,UAV 7,Control Center,LOW_BATTERY,Battery level: 20.7%
146,UAV 10,Control Center,LOW_BATTERY,Battery level: 26.5%
147,UAV 1,Control Center,LOW_BATTERY,Battery level: 22.6%
147,UAV 2,Control Center,LOW_BATTERY,Battery level: 27.6%
147,UAV 5,Control Center,LOW_BATTERY,Battery level: 23.8%
147,UAV 6,Control Center,LOW_BATTERY,Battery level: 27.6%
147,UAV 7,Control Center,LOW_BATTERY,Battery level: 20.7%
147,UAV 10,Control Center,LOW_BATTERY,Battery level: 26.5%
148,UAV 1,Control Center,LOW_BATTERY,Battery level: 22.6%
148,UAV 2,Control Center,LOW_BATTERY,Battery level: 27.6%
148,UAV 5,Control Center,LOW_BATTERY,Battery level: 23.8%
148,UAV 6,Control Center,LOW_BATTERY,Battery level: 27.6%
148,UAV 7,Control Center,LOW_BATTERY,Battery level: 20.7%
148,UAV 10,Control Center,LOW_BATTERY,Battery level: 26.5%
149,UAV 1,Control Center,LOW_BATTERY,Battery level: 22.6%
149,UAV 2,Control Center,LOW_BATTERY,Battery level: 27.6%
149,UAV 5,Control Center,LOW_BATTERY,Battery level: 23.8%
149,UAV 6,Control Center,LOW_BATTERY,Battery level: 27.6%
149,UAV 7,Control Center,LOW_BATTERY,Battery level: 20.7%
149,UAV 10,Control Center,LOW_BATTERY,Battery level: 26.5%
150,UAV 1,Control Center,LOW_BATTERY,Battery level: 22.6%
150,UAV 2,Control Center,LOW_BATTERY,Battery level: 27.6%
150,UAV 5,Control Center,LOW_BATTERY,Battery level: 23.8%
150,UAV 6,Control Center,LOW_BATTERY,Battery level: 27.6%
150,UAV 7,Control Center,LOW_BATTERY,Battery level: 20.7%
150,UAV 10,Control Center,LOW_BATTERY,Battery level: 26.5%
151,UAV 1,Control Center,LOW_BATTERY,Battery level: 22.6%
151,UAV 2,Control Center,LOW_BATTERY,Battery level: 27.6%
151,UAV 5,Control Center,LOW_BATTERY,Battery level: 23.8%
151,UAV 6,Control Center,LOW_BATTERY,Battery level: 27.6%
151,UAV 7,Control Center,LOW_BATTERY,Battery level: 20.7%
151,UAV 10,Control Center,LOW_BATTERY,Battery level: 26.5%
152,UAV 1,Control Center,LOW_BATTERY,Battery level: 22.6%
152,UAV 2,Control Center,LOW_BATTERY,Battery level: 27.6%
152,UAV 5,Control Center,LOW_BATTERY,Battery level: 23.8%
152,UAV 6,Control Center,LOW_BATTERY,Battery level: 27.6%
152,UAV 7,Control Center,LOW_BATTERY,Battery level: 20.7%
152,UAV 10,Control Center,LOW_BATTERY,Battery level: 26.5%
153,UAV 1,Control Center,LOW_BATTERY,Battery level: 22.6%
153,UAV 2,Control Center,LOW_BATTERY,Battery level: 27.6%
153,UAV 5,Control Center,LOW_BATTERY,Battery level: 23.8%
153,UAV 6,Control Center,LOW_BATTERY,Battery level: 27.6%
153,UAV 7,Control Center,LOW_BATTERY,Battery level: 20.7%
153,UAV 10,Control Center,LOW_BATTERY,Battery level: 26.5%
154,UAV 1,Control Center,LOW_BATTERY,Battery level: 22.6%
154,UAV 2,Control Center,LOW_BATTERY,Battery level: 27.6%
154,UAV 5,Control Center,LOW_BATTERY,Battery level: 23.8%
154,UAV 6,Control Center,LOW_BATTERY,Battery level: 27.6%
154,UAV 7,Control Center,LOW_BATTERY,Battery level: 20.7%
154,UAV 10,Control Center,LOW_BATTERY,Battery level: 26.5%
155,UAV 1,Control Center,LOW_BATTERY,Battery level: 22.6%
155,UAV 2,Control Center,LOW_BATTERY,Battery level: 27.6%
155,UAV 5,Control Center,LOW_BATTERY,Battery level: 23.8%
155,UAV 6,Control Center,LOW_BATTERY,Battery level: 27.6%
155,UAV 7,Control Center,LOW_BATTERY,Battery level: 20.7%
155,UAV 10,Control Center,LOW_BATTERY,Battery level: 26.5%
156,UAV 1,Control Center,LOW_BATTERY,Battery level: 22.6%
156,UAV 2,Control Center,LOW_BATTERY,Battery level: 27.6%
156,UAV 5,Control Center,LOW_BATTERY,Battery level: 23.8%
156,UAV 6,Control Center,LOW_BATTERY,Battery level: 27.6%
156,UAV 7,Control Center,LOW_BATTERY,Battery level: 20.7%
156,UAV 10,Control Center,LOW_BATTERY,Battery level: 26.5%
157,UAV 1,Control Center,LOW_BATTERY,Battery level: 22.6%
157,UAV 2,Control Center,LOW_BATTERY,Battery level: 27.6%
157,UAV 5,Control Center,LOW_BATTERY,Battery level: 23.8%
157,UAV 6,Control Center,LOW_BATTERY,Battery level: 27.6%
157,UAV 7,Control Center,LOW_BATTERY,Battery level: 20.7%
157,UAV 10,Control Center,LOW_BATTERY,Battery level: 26.5%
158,UAV 1,Control Center,LOW_BATTERY,Battery level: 22.6%
158,UAV 2,Control Center,LOW_BATTERY,Battery level: 27.6%
158,UAV 5,Control Center,LOW_BATTERY,Battery level: 23.8%
158,UAV 6,Control Center,LOW_BATTERY,Battery level: 27.6%
158,UAV 7,Control Center,LOW_BATTERY,Battery level: 20.7%
158,UAV 10,Control Center,LOW_BATTERY,Battery level: 26.5%
159,UAV 1,Control Center,LOW_BATTERY,Battery level: 22.6%
159,UAV 2,Control Center,LOW_BATTERY,Battery level: 27.6%
159,UAV 5,Control Center,LOW_BATTERY,Battery level: 23.8%
159,UAV 6,Control Center,LOW_BATTERY,Battery level: 27.6%
159,UAV 7,Control Center,LOW_BATTERY,Battery level: 20.7%
159,UAV 10,Control Center,LOW_BATTERY,Battery level: 26.5%
160,UAV 1,Control Center,LOW_BATTERY,Battery level: 22.6%
160,UAV 2,Control Center,LOW_BATTERY,Battery level: 27.6%
160,UAV 5,Control Center,LOW_BATTERY,Battery level: 23.8%
160,UAV 6,Control Center,LOW_BATTERY,Battery level: 27.6%
160,UAV 7,Control Center,LOW_BATTERY,Battery level: 20.7%
160,UAV 10,Control Center,LOW_BATTERY,Battery level: 26.5%
161,UAV 1,Control Center,LOW_BATTERY,Battery level: 22.6%
161,UAV 2,Control Center,LOW_BATTERY,Battery level: 27.6%
161,UAV 5,Control Center,LOW_BATTERY,Battery level: 23.8%
161,UAV 6,Control Center,LOW_BATTERY,Battery level: 27.6%
161,UAV 7,Control Center,LOW_BATTERY,Battery level: 20.7%
161,UAV 10,Control Center,LOW_BATTERY,Battery level: 26.5%
162,UAV 1,Control Center,LOW_BATTERY,Battery level: 22.6%
162,UAV 2,Control Center,LOW_BATTERY,Battery level: 27.6%
162,UAV 5,Control Center,LOW_BATTERY,Battery level: 23.8%
162,UAV 6,Control Center,LOW_BATTERY,Battery level: 27.6%
162,UAV 7,Control Center,LOW_BATTERY,Battery level: 20.7%
162,UAV 10,Control Center,LOW_BATTERY,Battery level: 26.5%
163,UAV 1,Control Center,LOW_BATTERY,Battery level: 22.6%
163,UAV 2,Control Center,LOW_BATTERY,Battery level: 27.6%
163,UAV 5,Control Center,LOW_BATTERY,Battery level: 23.8%
163,UAV 6,Control Center,LOW_BATTERY,Battery level: 27.6%
163,UAV 7,Control Center,LOW_BATTERY,Battery level: 20.7%
163,UAV 10,Control Center,LOW_BATTERY,Battery level: 26.5%
164,UAV 1,Control Center,LOW_BATTERY,Battery level: 22.6%
164,UAV 2,Control Center,LOW_BATTERY,Battery level: 27.6%
164,UAV 5,Control Center,LOW_BATTERY,Battery level: 23.8%
164,UAV 6,Control Center,LOW_BATTERY,Battery level: 27.6%
164,UAV 7,Control Center,LOW_BATTERY,Battery level: 20.7%
164,UAV 10,Control Center,LOW_BATTERY,Battery level: 26.5%
165,UAV 1,Control Center,LOW_BATTERY,Battery level: 22.6%
165,UAV 2,Control Center,LOW_BATTERY,Battery level: 27.6%
165,UAV 5,Control Center,LOW_BATTERY,Battery level: 23.8%
165,UAV 6,Control Center,LOW_BATTERY,Battery level: 27.6%
165,UAV 7,Control Center,LOW_BATTERY,Battery level: 20.7%
165,UAV 10,Control Center,LOW_BATTERY,Battery level: 26.5%
166,UAV 1,Control Center,LOW_BATTERY,Battery level: 22.6%
166,UAV 2,Control Center,LOW_BATTERY,Battery level: 27.6%
166,UAV 5,Control Center,LOW_BATTERY,Battery level: 23.8%
166,UAV 6,Control Center,LOW_BATTERY,Battery level: 27.6%
166,UAV 7,Control Center,LOW_BATTERY,Battery level: 20.7%
166,UAV 10,Control Center,LOW_BATTERY,Battery level: 26.5%
167,UAV 1,Control Center,LOW_BATTERY,Battery level: 22.6%
167,UAV 2,Control Center,LOW_BATTERY,Battery level: 27.6%
167,UAV 5,Control Center,LOW_BATTERY,Battery level: 23.8%
167,UAV 6,Control Center,LOW_BATTERY,Battery level: 27.6%
167,UAV 7,Control Center,LOW_BATTERY,Battery level: 20.7%
167,UAV 10,Control Center,LOW_BATTERY,Battery level: 26.5%
168,UAV 1,Control Center,LOW_BATTERY,Battery level: 22.6%
168,UAV 2,Control Center,LOW_BATTERY,Battery level: 27.6%
168,UAV 5,Control Center,LOW_BATTERY,Battery level: 23.8%
168,UAV 6,Control Center,LOW_BATTERY,Battery level: 27.6%
168,UAV 7,Control Center,LOW_BATTERY,Battery level: 20.7%
168,UAV 10,Control Center,LOW_BATTERY,Battery level: 26.5%
169,UAV 1,Control Center,LOW_BATTERY,Battery level: 22.6%
169,UAV 2,Control Center,LOW_BATTERY,Battery level: 27.6%
169,UAV 5,Control Center,LOW_BATTERY,Battery level: 23.8%
169,UAV 6,Control Center,LOW_BATTERY,Battery level: 27.6%
169,UAV 7,Control Center,LOW_BATTERY,Battery level: 20.7%
169,UAV 10,Control Center,LOW_BATTERY,Battery level: 26.5%
170,UAV 1,Control Center,LOW_BATTERY,Battery level: 22.6%
170,UAV 2,Control Center,LOW_BATTERY,Battery level: 27.6%
170,UAV 5,Control Center,LOW_BATTERY,Battery level: 23.8%
170,UAV 6,Control Center,LOW_BATTERY,Battery level: 27.6%
170,UAV 7,Control Center,LOW_BATTERY,Battery level: 20.7%
170,UAV 10,Control Center,LOW_BATTERY,Battery level: 26.5%
171,UAV 1,Control Center,LOW_BATTERY,Battery level: 22.6%
171,UAV 2,Control Center,LOW_BATTERY,Battery level: 27.6%
171,UAV 5,Control Center,LOW_BATTERY,Battery level: 23.8%
171,UAV 6,Control Center,LOW_BATTERY,Battery level: 27.6%
171,UAV 7,Control Center,LOW_BATTERY,Battery level: 20.7%
171,UAV 10,Control Center,LOW_BATTERY,Battery level: 26.5%
172,UAV 1,Control Center,LOW_BATTERY,Battery level: 22.6%
172,UAV 2,Control Center,LOW_BATTERY,Battery level: 27.6%
172,UAV 5,Control Center,LOW_BATTERY,Battery level: 23.8%
172,UAV 6,Control Center,LOW_BATTERY,Battery level: 27.6%
172,UAV 7,Control Center,LOW_BATTERY,Battery level: 20.7%
172,UAV 10,Control Center,LOW_BATTERY,Battery level: 26.5%
173,UAV 1,Control Center,LOW_BATTERY,Battery level: 22.6%
173,UAV 2,Control Center,LOW_BATTERY,Battery level: 27.6%
173,UAV 5,Control Center,LOW_BATTERY,Battery level: 23.8%
173,UAV 6,Control Center,LOW_BATTERY,Battery level: 27.6%
173,UAV 7,Control Center,LOW_BATTERY,Battery level: 20.7%
173,UAV 10,Control Center,LOW_BATTERY,Battery level: 26.5%
174,UAV 1,Control Center,LOW_BATTERY,Battery level: 22.6%
174,UAV 2,Control Center,LOW_BATTERY,Battery level: 27.6%
174,UAV 5,Control Center,LOW_BATTERY,Battery level: 23.8%
174,UAV 6,Control Center,LOW_BATTERY,Battery level: 27.6%
174,UAV 7,Control Center,LOW_BATTERY,Battery level: 20.7%
174,UAV 10,Control Center,LOW_BATTERY,Battery level: 26.5%
175,UAV 1,Control Center,LOW_BATTERY,Battery level: 22.6%
175,UAV 2,Control Center,LOW_BATTERY,Battery level: 27.6%
175,UAV 5,Control Center,LOW_BATTERY,Battery level: 23.8%
175,UAV 6,Control Center,LOW_BATTERY,Battery level: 27.6%
175,UAV 7,Control Center,LOW_BATTERY,Battery level: 20.7%
175,UAV 10,Control Center,LOW_BATTERY,Battery level: 26.5%
176,UAV 1,Control Center,LOW_BATTERY,Battery level: 22.6%
176,UAV 2,Control Center,LOW_BATTERY,Battery level: 27.6%
176,UAV 5,Control Center,LOW_BATTERY,Battery level: 23.8%
176,UAV 6,Control Center,LOW_BATTERY,Battery level: 27.6%
176,UAV 7,Control Center,LOW_BATTERY,Battery level: 20.7%
176,UAV 10,Control Center,LOW_BATTERY,Battery level: 26.5%
177,UAV 1,Control Center,LOW_BATTERY,Battery level: 22.6%
177,UAV 2,Control Center,LOW_BATTERY,Battery level: 27.6%
177,UAV 5,Control Center,LOW_BATTERY,Battery level: 23.8%
177,UAV 6,Control Center,LOW_BATTERY,Battery level: 27.6%
177,UAV 7,Control Center,LOW_BATTERY,Battery level: 20.7%
177,UAV 10,Control Center,LOW_BATTERY,Battery level: 26.5%
178,UAV 1,Control Center,LOW_BATTERY,Battery level: 22.6%
178,UAV 2,Control Center,LOW_BATTERY,Battery level: 27.6%
178,UAV 5,Control Center,LOW_BATTERY,Battery level: 23.8%
178,UAV 6,Control Center,LOW_BATTERY,Battery level: 27.6%
178,UAV 7,Control Center,LOW_BATTERY,Battery level: 20.7%
178,UAV 10,Control Center,LOW_BATTERY,Battery level: 26.5%
179,UAV 1,Control Center,LOW_BATTERY,Battery level: 22.6%
179,UAV 2,Control Center,LOW_BATTERY,Battery level: 27.6%
179,UAV 5,Control Center,LOW_BATTERY,Battery level: 23.8%
179,UAV 6,Control Center,LOW_BATTERY,Battery level: 27.6%
179,UAV 7,Control Center,LOW_BATTERY,Battery level: 20.7%
179,UAV 10,Control Center,LOW_BATTERY,Battery level: 26.5%
180,UAV 1,Control Center,LOW_BATTERY,Battery level: 22.6%
180,UAV 2,Control Center,LOW_BATTERY,Battery level: 27.6%
180,UAV 5,Control Center,LOW_BATTERY,Battery level: 23.8%
180,UAV 6,Control Center,LOW_BATTERY,Battery level: 27.6%
180,UAV 7,Control Center,LOW_BATTERY,Battery level: 20.7%
180,UAV 10,Control Center,LOW_BATTERY,Battery level: 26.5%
181,UAV 1,Control Center,LOW_BATTERY,Battery level: 22.6%
181,UAV 2,Control Center,LOW_BATTERY,Battery level: 27.6%
181,UAV 5,Control Center,LOW_BATTERY,Battery level: 23.8%
181,UAV 6,Control Center,LOW_BATTERY,Battery level: 27.6%
181,UAV 7,Control Center,LOW_BATTERY,Battery level: 20.7%
181,UAV 10,Control Center,LOW_BATTERY,Battery level: 26.5%
182,UAV 1,Control Center,LOW_BATTERY,Battery level: 22.6%
182,UAV 2,Control Center,LOW_BATTERY,Battery level: 27.6%
182,UAV 5,Control Center,LOW_BATTERY,Battery level: 23.8%
182,UAV 6,Control Center,LOW_BATTERY,Battery level: 27.6%
182,UAV 7,Control Center,LOW_BATTERY,Battery level: 20.7%
182,UAV 10,Control Center,LOW_BATTERY,Battery level: 26.5%
183,UAV 1,Control Center,LOW_BATTERY,Battery level: 22.6%
183,UAV 2,Control Center,LOW_BATTERY,Battery level: 27.6%
183,UAV 5,Control Center,LOW_BATTERY,Battery level: 23.8%
183,UAV 6,Control Center,LOW_BATTERY,Battery level: 27.6%
183,UAV 7,Control Center,LOW_BATTERY,Battery level: 20.7%
183,UAV 10,Control Center,LOW_BATTERY,Battery level: 26.5%
184,UAV 1,Control Center,LOW_BATTERY,Battery level: 22.6%
184,UAV 2,Control Center,LOW_BATTERY,Battery level: 27.6%
184,UAV 5,Control Center,LOW_BATTERY,Battery level: 23.8%
184,UAV 6,Control Center,LOW_BATTERY,Battery level: 27.6%
184,UAV 7,Control Center,LOW_BATTERY,Battery level: 20.7%
184,UAV 10,Control Center,LOW_BATTERY,Battery level: 26.5%
185,UAV 1,Control Center,LOW_BATTERY,Battery level: 22.6%
185,UAV 2,Control Center,LOW_BATTERY,Battery level: 27.6%
185,UAV 5,Control Center,LOW_BATTERY,Battery level: 23.8%
185,UAV 6,Control Center,LOW_BATTERY,Battery level: 27.6%
185,UAV 7,Control Center,LOW_BATTERY,Battery level: 20.7%
185,UAV 10,Control Center,LOW_BATTERY,Battery level: 26.5%
186,UAV 1,Control Center,LOW_BATTERY,Battery level: 22.6%
186,UAV 2,Control Center,LOW_BATTERY,Battery level: 27.6%
186,UAV 5,Control Center,LOW_BATTERY,Battery level: 23.8%
186,UAV 6,Control Center,LOW_BATTERY,Battery level: 27.6%
186,UAV 7,Control Center,LOW_BATTERY,Battery level: 20.7%
186,UAV 10,Control Center,LOW_BATTERY,Battery level: 26.5%
187,UAV 1,Control Center,LOW_BATTERY,Battery level: 22.6%
187,UAV 2,Control Center,LOW_BATTERY,Battery level: 27.6%
187,UAV 5,Control Center,LOW_BATTERY,Battery level: 23.8%
187,UAV 6,Control Center,LOW_BATTERY,Battery level: 27.6%
187,UAV 7,Control Center,LOW_BATTERY,Battery level: 20.7%
187,UAV 10,Control Center,LOW_BATTERY,Battery level: 26.5%
188,UAV 1,Control Center,LOW_BATTERY,Battery level: 22.6%
188,UAV 2,Control Center,LOW_BATTERY,Battery level: 27.6%
188,UAV 5,Control Center,LOW_BATTERY,Battery level: 23.8%
188,UAV 6,Control Center,LOW_BATTERY,Battery level: 27.6%
188,UAV 7,Control Center,LOW_BATTERY,Battery level: 20.7%
188,UAV 10,Control Center,LOW_BATTERY,Battery level: 26.5%
189,UAV 1,Control Center,LOW_BATTERY,Battery level: 22.6%
189,UAV 2,Control Center,LOW_BATTERY,Battery level: 27.6%
189,UAV 5,Control Center,LOW_BATTERY,Battery level: 23.8%
189,UAV 6,Control Center,LOW_BATTERY,Battery level: 27.6%
189,UAV 7,Control Center,LOW_BATTERY,Battery level: 20.7%
189,UAV 10,Control Center,LOW_BATTERY,Battery level: 26.5%
190,UAV 1,Control Center,LOW_BATTERY,Battery level: 22.6%
190,UAV 2,Control Center,LOW_BATTERY,Battery level: 27.6%
190,UAV 5,Control Center,LOW_BATTERY,Battery level: 23.8%
190,UAV 6,Control Center,LOW_BATTERY,Battery level: 27.6%
190,UAV 7,Control Center,LOW_BATTERY,Battery level: 20.7%
190,UAV 10,Control Center,LOW_BATTERY,Battery level: 26.5%
191,UAV 1,Control Center,LOW_BATTERY,Battery level: 22.6%
191,UAV 2,Control Center,LOW_BATTERY,Battery level: 27.6%
191,UAV 5,Control Center,LOW_BATTERY,Battery level: 23.8%
191,UAV 6,Control Center,LOW_BATTERY,Battery level: 27.6%
191,UAV 7,Control Center,LOW_BATTERY,Battery level: 20.7%
191,UAV 10,Control Center,LOW_BATTERY,Battery level: 26.5%
192,UAV 1,Control Center,LOW_BATTERY,Battery level: 22.6%
192,UAV 2,Control Center,LOW_BATTERY,Battery level: 27.6%
192,UAV 5,Control Center,LOW_BATTERY,Battery level: 23.8%
192,UAV 6,Control Center,LOW_BATTERY,Battery level: 27.6%
192,UAV 7,Control Center,LOW_BATTERY,Battery level: 20.7%
192,UAV 10,Control Center,LOW_BATTERY,Battery level: 26.5%
193,UAV 1,Control Center,LOW_BATTERY,Battery level: 22.6%
193,UAV 2,Control Center,LOW_BATTERY,Battery level: 27.6%
193,UAV 5,Control Center,LOW_BATTERY,Battery level: 23.8%
193,UAV 6,Control Center,LOW_BATTERY,Battery level: 27.6%
193,UAV 7,Control Center,LOW_BATTERY,Battery level: 20.7%
193,UAV 10,Control Center,LOW_BATTERY,Battery level: 26.5%
194,UAV 1,Control Center,LOW_BATTERY,Battery level: 22.6%
194,UAV 2,Control Center,LOW_BATTERY,Battery level: 27.6%
194,UAV 5,Control Center,LOW_BATTERY,Battery level: 23.8%
194,UAV 6,Control Center,LOW_BATTERY,Battery level: 27.6%
194,UAV 7,Control Center,LOW_BATTERY,Battery level: 20.7%
194,UAV 10,Control Center,LOW_BATTERY,Battery level: 26.5%
195,UAV 1,Control Center,LOW_BATTERY,Battery level: 22.6%
195,UAV 2,Control Center,LOW_BATTERY,Battery level: 27.6%
195,UAV 5,Control Center,LOW_BATTERY,Battery level: 23.8%
195,UAV 6,Control Center,LOW_BATTERY,Battery level: 27.6%
195,UAV 7,Control Center,LOW_BATTERY,Battery level: 20.7%
195,UAV 10,Control Center,LOW_BATTERY,Battery level: 26.5%
196,UAV 1,Control Center,LOW_BATTERY,Battery level: 22.6%
196,UAV 2,Control Center,LOW_BATTERY,Battery level: 27.6%
196,UAV 5,Control Center,LOW_BATTERY,Battery level: 23.8%
196,UAV 6,Control Center,LOW_BATTERY,Battery level: 27.6%
196,UAV 7,Control Center,LOW_BATTERY,Battery level: 20.7%
196,UAV 10,Control Center,LOW_BATTERY,Battery level: 26.5%
197,UAV 1,Control Center,LOW_BATTERY,Battery level: 22.6%
197,UAV 2,Control Center,LOW_BATTERY,Battery level: 27.6%
197,UAV 5,Control Center,LOW_BATTERY,Battery level: 23.8%
197,UAV 6,Control Center,LOW_BATTERY,Battery level: 27.6%
197,UAV 7,Control Center,LOW_BATTERY,Battery level: 20.7%
197,UAV 10,Control Center,LOW_BATTERY,Battery level: 26.5%
198,UAV 1,Control Center,LOW_BATTERY,Battery level: 22.6%
198,UAV 2,Control Center,LOW_BATTERY,Battery level: 27.6%
198,UAV 5,Control Center,LOW_BATTERY,Battery level: 23.8%
198,UAV 6,Control Center,LOW_BATTERY,Battery level: 27.6%
198,UAV 7,Control Center,LOW_BATTERY,Battery level: 20.7%
198,UAV 10,Control Center,LOW_BATTERY,Battery level: 26.5%
199,UAV 1,Control Center,LOW_BATTERY,Battery level: 22.6%
199,UAV 2,Control Center,LOW_BATTERY,Battery level: 27.6%
199,UAV 5,Control Center,LOW_BATTERY,Battery level: 23.8%
199,UAV 6,Control Center,LOW_BATTERY,Battery level: 27.6%
199,UAV 7,Control Center,LOW_BATTERY,Battery level: 20.7%
199,UAV 10,Control Center,LOW_BATTERY,Battery level: 26.5%
200,UAV 1,Control Center,LOW_BATTERY,Battery level: 22.6%
200,UAV 2,Control Center,LOW_BATTERY,Battery level: 27.6%
200,UAV 5,Control Center,LOW_BATTERY,Battery level: 23.8%
200,UAV 6,Control Center,LOW_BATTERY,Battery level: 27.6%
200,UAV 7,Control Center,LOW_BATTERY,Battery level: 20.7%
200,UAV 10,Control Center,LOW_BATTERY,Battery level: 26.5%
201,UAV 1,Control Center,LOW_BATTERY,Battery level: 22.6%
201,UAV 2,Control Center,LOW_BATTERY,Battery level: 27.6%
201,UAV 5,Control Center,LOW_BATTERY,Battery level: 23.8%
201,UAV 6,Control Center,LOW_BATTERY,Battery level: 27.6%
201,UAV 7,Control Center,LOW_BATTERY,Battery level: 20.7%
201,UAV 10,Control Center,LOW_BATTERY,Battery level: 26.5%
202,UAV 1,Control Center,LOW_BATTERY,Battery level: 22.6%
202,UAV 2,Control Center,LOW_BATTERY,Battery level: 27.6%
202,UAV 5,Control Center,LOW_BATTERY,Battery level: 23.8%
202,UAV 6,Control Center,LOW_BATTERY,Battery level: 27.6%
202,UAV 7,Control Center,LOW_BATTERY,Battery level: 20.7%
202,UAV 10,Control Center,LOW_BATTERY,Battery level: 26.5%
203,UAV 1,Control Center,LOW_BATTERY,Battery level: 22.6%
203,UAV 2,Control Center,LOW_BATTERY,Battery level: 27.6%
203,UAV 5,Control Center,LOW_BATTERY,Battery level: 23.8%
203,UAV 6,Control Center,LOW_BATTERY,Battery level: 27.6%
203,UAV 7,Control Center,LOW_BATTERY,Battery level: 20.7%
203,UAV 10,Control Center,LOW_BATTERY,Battery level: 26.5%
204,UAV 1,Control Center,LOW_BATTERY,Battery level: 22.6%
204,UAV 2,Control Center,LOW_BATTERY,Battery level: 27.6%
204,UAV 5,Control Center,LOW_BATTERY,Battery level: 23.8%
204,UAV 6,Control Center,LOW_BATTERY,Battery level: 27.6%
204,UAV 7,Control Center,LOW_BATTERY,Battery level: 20.7%
204,UAV 10,Control Center,LOW_BATTERY,Battery level: 26.5%
205,UAV 1,Control Center,LOW_BATTERY,Battery level: 22.6%
205,UAV 2,Control Center,LOW_BATTERY,Battery level: 27.6%
205,UAV 5,Control Center,LOW_BATTERY,Battery level: 23.8%
205,UAV 6,Control Center,LOW_BATTERY,Battery level: 27.6%
205,UAV 7,Control Center,LOW_BATTERY,Battery level: 20.7%
205,UAV 10,Control Center,LOW_BATTERY,Battery level: 26.5%
206,UAV 1,Control Center,LOW_BATTERY,Battery level: 22.6%
206,UAV 2,Control Center,LOW_BATTERY,Battery level: 27.6%
206,UAV 5,Control Center,LOW_BATTERY,Battery level: 23.8%
206,UAV 6,Control Center,LOW_BATTERY,Battery level: 27.6%
206,UAV 7,Control Center,LOW_BATTERY,Battery level: 20.7%
206,UAV 10,Control Center,LOW_BATTERY,Battery level: 26.5%
207,UAV 1,Control Center,LOW_BATTERY,Battery level: 22.6%
207,UAV 2,Control Center,LOW_BATTERY,Battery level: 27.6%
207,UAV 5,Control Center,LOW_BATTERY,Battery level: 23.8%
207,UAV 6,Control Center,LOW_BATTERY,Battery level: 27.6%
207,UAV 7,Control Center,LOW_BATTERY,Battery level: 20.7%
207,UAV 10,Control Center,LOW_BATTERY,Battery level: 26.5%
208,UAV 1,Control Center,LOW_BATTERY,Battery level: 22.6%
208,UAV 2,Control Center,LOW_BATTERY,Battery level: 27.6%
208,UAV 5,Control Center,LOW_BATTERY,Battery level: 23.8%
208,UAV 6,Control Center,LOW_BATTERY,Battery level: 27.6%
208,UAV 7,Control Center,LOW_BATTERY,Battery level: 20.7%
208,UAV 10,Control Center,LOW_BATTERY,Battery level: 26.5%
209,UAV 1,Control Center,LOW_BATTERY,Battery level: 22.6%
209,UAV 2,Control Center,LOW_BATTERY,Battery level: 27.6%
209,UAV 5,Control Center,LOW_BATTERY,Battery level: 23.8%
209,UAV 6,Control Center,LOW_BATTERY,Battery level: 27.6%
209,UAV 7,Control Center,LOW_BATTERY,Battery level: 20.7%
209,UAV 10,Control Center,LOW_BATTERY,Battery level: 26.5%
210,UAV 1,Control Center,LOW_BATTERY,Battery level: 22.6%
210,UAV 2,Control Center,LOW_BATTERY,Battery level: 27.6%
210,UAV 5,Control Center,LOW_BATTERY,Battery level: 23.8%
210,UAV 6,Control Center,LOW_BATTERY,Battery level: 27.6%
210,UAV 7,Control Center,LOW_BATTERY,Battery level: 20.7%
210,UAV 10,Control Center,LOW_BATTERY,Battery level: 26.5%
211,UAV 1,Control Center,LOW_BATTERY,Battery level: 22.6%
211,UAV 2,Control Center,LOW_BATTERY,Battery level: 27.6%
211,UAV 5,Control Center,LOW_BATTERY,Battery level: 23.8%
211,UAV 6,Control Center,LOW_BATTERY,Battery level: 27.6%
211,UAV 7,Control Center,LOW_BATTERY,Battery level: 20.7%
211,UAV 10,Control Center,LOW_BATTERY,Battery level: 26.5%
212,UAV 1,Control Center,LOW_BATTERY,Battery level: 22.6%
212,UAV 2,Control Center,LOW_BATTERY,Battery level: 27.6%
212,UAV 5,Control Center,LOW_BATTERY,Battery level: 23.8%
212,UAV 6,Control Center,LOW_BATTERY,Battery level: 27.6%
212,UAV 7,Control Center,LOW_BATTERY,Battery level: 20.7%
212,UAV 10,Control Center,LOW_BATTERY,Battery level: 26.5%
213,UAV 1,Control Center,LOW_BATTERY,Battery level: 22.6%
213,UAV 2,Control Center,LOW_BATTERY,Battery level: 27.6%
213,UAV 5,Control Center,LOW_BATTERY,Battery level: 23.8%
213,UAV 6,Control Center,LOW_BATTERY,Battery level: 27.6%
213,UAV 7,Control Center,LOW_BATTERY,Battery level: 20.7%
213,UAV 10,Control Center,LOW_BATTERY,Battery level: 26.5%
214,UAV 1,Control Center,LOW_BATTERY,Battery level: 22.6%
214,UAV 2,Control Center,LOW_BATTERY,Battery level: 27.6%
214,UAV 5,Control Center,LOW_BATTERY,Battery level: 23.8%
214,UAV 6,Control Center,LOW_BATTERY,Battery level: 27.6%
214,UAV 7,Control Center,LOW_BATTERY,Battery level: 20.7%
214,UAV 10,Control Center,LOW_BATTERY,Battery level: 26.5%
215,UAV 1,Control Center,LOW_BATTERY,Battery level: 22.6%
215,UAV 2,Control Center,LOW_BATTERY,Battery level: 27.6%
215,UAV 5,Control Center,LOW_BATTERY,Battery level: 23.8%
215,UAV 6,Control Center,LOW_BATTERY,Battery level: 27.6%
215,UAV 7,Control Center,LOW_BATTERY,Battery level: 20.7%
215,UAV 10,Control Center,LOW_BATTERY,Battery level: 26.5%
216,UAV 1,Control Center,LOW_BATTERY,Battery level: 22.6%
216,UAV 2,Control Center,LOW_BATTERY,Battery level: 27.6%
216,UAV 5,Control Center,LOW_BATTERY,Battery level: 23.8%
216,UAV 6,Control Center,LOW_BATTERY,Battery level: 27.6%
216,UAV 7,Control Center,LOW_BATTERY,Battery level: 20.7%
216,UAV 10,Control Center,LOW_BATTERY,Battery level: 26.5%
217,UAV 1,Control Center,LOW_BATTERY,Battery level: 22.6%
217,UAV 2,Control Center,LOW_BATTERY,Battery level: 27.6%
217,UAV 5,Control Center,LOW_BATTERY,Battery level: 23.8%
217,UAV 6,Control Center,LOW_BATTERY,Battery level: 27.6%
217,UAV 7,Control Center,LOW_BATTERY,Battery level: 20.7%
217,UAV 10,Control Center,LOW_BATTERY,Battery level: 26.5%
218,UAV 1,Control Center,LOW_BATTERY,Battery level: 22.6%
218,UAV 2,Control Center,LOW_BATTERY,Battery level: 27.6%
218,UAV 5,Control Center,LOW_BATTERY,Battery level: 23.8%
218,UAV 6,Control Center,LOW_BATTERY,Battery level: 27.6%
218,UAV 7,Control Center,LOW_BATTERY,Battery level: 20.7%
218,UAV 10,Control Center,LOW_BATTERY,Battery level: 26.5%
219,UAV 1,Control Center,LOW_BATTERY,Battery level: 22.6%
219,UAV 2,Control Center,LOW_BATTERY,Battery level: 27.6%
219,UAV 5,Control Center,LOW_BATTERY,Battery level: 23.8%
219,UAV 6,Control Center,LOW_BATTERY,Battery level: 27.6%
219,UAV 7,Control Center,LOW_BATTERY,Battery level: 20.7%
219,UAV 10,Control Center,LOW_BATTERY,Battery level: 26.5%
220,UAV 1,Control Center,LOW_BATTERY,Battery level: 22.6%
220,UAV 2,Control Center,LOW_BATTERY,Battery level: 27.6%
220,UAV 5,Control Center,LOW_BATTERY,Battery level: 23.8%
220,UAV 6,Control Center,LOW_BATTERY,Battery level: 27.6%
220,UAV 7,Control Center,LOW_BATTERY,Battery level: 20.7%
220,UAV 10,Control Center,LOW_BATTERY,Battery level: 26.5%
221,UAV 1,Control Center,LOW_BATTERY,Battery level: 22.6%
221,UAV 2,Control Center,LOW_BATTERY,Battery level: 27.6%
221,UAV 5,Control Center,LOW_BATTERY,Battery level: 23.8%
221,UAV 6,Control Center,LOW_BATTERY,Battery level: 27.6%
221,UAV 7,Control Center,LOW_BATTERY,Battery level: 20.7%
221,UAV 10,Control Center,LOW_BATTERY,Battery level: 26.5%
222,UAV 1,Control Center,LOW_BATTERY,Battery level: 22.6%
222,UAV 2,Control Center,LOW_BATTERY,Battery level: 27.6%
222,UAV 5,Control Center,LOW_BATTERY,Battery level: 23.8%
222,UAV 6,Control Center,LOW_BATTERY,Battery level: 27.6%
222,UAV 7,Control Center,LOW_BATTERY,Battery level: 20.7%
222,UAV 10,Control Center,LOW_BATTERY,Battery level: 26.5%
223,UAV 1,Control Center,LOW_BATTERY,Battery level: 22.6%
223,UAV 2,Control Center,LOW_BATTERY,Battery level: 27.6%
223,UAV 5,Control Center,LOW_BATTERY,Battery level: 23.8%
223,UAV 6,Control Center,LOW_BATTERY,Battery level: 27.6%
223,UAV 7,Control Center,LOW_BATTERY,Battery level: 20.7%
223,UAV 10,Control Center,LOW_BATTERY,Battery level: 26.5%
224,UAV 1,Control Center,LOW_BATTERY,Battery level: 22.6%
224,UAV 2,Control Center,LOW_BATTERY,Battery level: 27.6%
224,UAV 5,Control Center,LOW_BATTERY,Battery level: 23.8%
224,UAV 6,Control Center,LOW_BATTERY,Battery level: 27.6%
224,UAV 7,Control Center,LOW_BATTERY,Battery level: 20.7%
224,UAV 10,Control Center,LOW_BATTERY,Battery level: 26.5%
225,UAV 1,Control Center,LOW_BATTERY,Battery level: 22.6%
225,UAV 2,Control Center,LOW_BATTERY,Battery level: 27.6%
225,UAV 5,Control Center,LOW_BATTERY,Battery level: 23.8%
225,UAV 6,Control Center,LOW_BATTERY,Battery level: 27.6%
225,UAV 7,Control Center,LOW_BATTERY,Battery level: 20.7%
225,UAV 10,Control Center,LOW_BATTERY,Battery level: 26.5%
226,UAV 1,Control Center,LOW_BATTERY,Battery level: 22.6%
226,UAV 2,Control Center,LOW_BATTERY,Battery level: 27.6%
226,UAV 5,Control Center,LOW_BATTERY,Battery level: 23.8%
226,UAV 6,Control Center,LOW_BATTERY,Battery level: 27.6%
226,UAV 7,Control Center,LOW_BATTERY,Battery level: 20.7%
226,UAV 10,Control Center,LOW_BATTERY,Battery level: 26.5%
227,UAV 1,Control Center,LOW_BATTERY,Battery level: 22.6%
227,UAV 2,Control Center,LOW_BATTERY,Battery level: 27.6%
227,UAV 5,Control Center,LOW_BATTERY,Battery level: 23.8%
227,UAV 6,Control Center,LOW_BATTERY,Battery level: 27.6%
227,UAV 7,Control Center,LOW_BATTERY,Battery level: 20.7%
227,UAV 10,Control Center,LOW_BATTERY,Battery level: 26.5%
228,UAV 1,Control Center,LOW_BATTERY,Battery level: 22.6%
228,UAV 2,Control Center,LOW_BATTERY,Battery level: 27.6%
228,UAV 5,Control Center,LOW_BATTERY,Battery level: 23.8%
228,UAV 6,Control Center,LOW_BATTERY,Battery level: 27.6%
228,UAV 7,Control Center,LOW_BATTERY,Battery level: 20.7%
228,UAV 10,Control Center,LOW_BATTERY,Battery level: 26.5%
229,UAV 1,Control Center,LOW_BATTERY,Battery level: 22.6%
229,UAV 2,Control Center,LOW_BATTERY,Battery level: 27.6%
229,UAV 5,Control Center,LOW_BATTERY,Battery level: 23.8%
229,UAV 6,Control Center,LOW_BATTERY,Battery level: 27.6%
229,UAV 7,Control Center,LOW_BATTERY,Battery level: 20.7%
229,UAV 10,Control Center,LOW_BATTERY,Battery level: 26.5%
230,UAV 1,Control Center,LOW_BATTERY,Battery level: 22.6%
230,UAV 2,Control Center,LOW_BATTERY,Battery level: 27.6%
230,UAV 5,Control Center,LOW_BATTERY,Battery level: 23.8%
230,UAV 6,Control Center,LOW_BATTERY,Battery level: 27.6%
230,UAV 7,Control Center,LOW_BATTERY,Battery level: 20.7%
230,UAV 10,Control Center,LOW_BATTERY,Battery level: 26.5%
231,UAV 1,Control Center,LOW_BATTERY,Battery level: 22.6%
231,UAV 2,Control Center,LOW_BATTERY,Battery level: 27.6%
231,UAV 5,Control Center,LOW_BATTERY,Battery level: 23.8%
231,UAV 6,Control Center,LOW_BATTERY,Battery level: 27.6%
231,UAV 7,Control Center,LOW_BATTERY,Battery level: 20.7%
231,UAV 10,Control Center,LOW_BATTERY,Battery level: 26.5%
232,UAV 1,Control Center,LOW_BATTERY,Battery level: 22.6%
232,UAV 2,Control Center,LOW_BATTERY,Battery level: 27.6%
232,UAV 5,Control Center,LOW_BATTERY,Battery level: 23.8%
232,UAV 6,Control Center,LOW_BATTERY,Battery level: 27.6%
232,UAV 7,Control Center,LOW_BATTERY,Battery level: 20.7%
232,UAV 10,Control Center,LOW_BATTERY,Battery level: 26.5%
233,UAV 1,Control Center,LOW_BATTERY,Battery level: 22.6%
233,UAV 2,Control Center,LOW_BATTERY,Battery level: 27.6%
233,UAV 5,Control Center,LOW_BATTERY,Battery level: 23.8%
233,UAV 6,Control Center,LOW_BATTERY,Battery level: 27.6%
233,UAV 7,Control Center,LOW_BATTERY,Battery level: 20.7%
233,UAV 10,Control Center,LOW_BATTERY,Battery level: 26.5%
234,UAV 1,Control Center,LOW_BATTERY,Battery level: 22.6%
234,UAV 2,Control Center,LOW_BATTERY,Battery level: 27.6%
234,UAV 5,Control Center,LOW_BATTERY,Battery level: 23.8%
234,UAV 6,Control Center,LOW_BATTERY,Battery level: 27.6%
234,UAV 7,Control Center,LOW_BATTERY,Battery level: 20.7%
234,UAV 10,Control Center,LOW_BATTERY,Battery level: 26.5%
235,UAV 1,Control Center,LOW_BATTERY,Battery level: 22.6%
235,UAV 2,Control Center,LOW_BATTERY,Battery level: 27.6%
235,UAV 5,Control Center,LOW_BATTERY,Battery level: 23.8%
235,UAV 6,Control Center,LOW_BATTERY,Battery level: 27.6%
235,UAV 7,Control Center,LOW_BATTERY,Battery level: 20.7%
235,UAV 10,Control Center,LOW_BATTERY,Battery level: 26.5%
236,UAV 1,Control Center,LOW_BATTERY,Battery level: 22.6%
236,UAV 2,Control Center,LOW_BATTERY,Battery level: 27.6%
236,UAV 5,Control Center,LOW_BATTERY,Battery level: 23.8%
236,UAV 6,Control Center,LOW_BATTERY,Battery level: 27.6%
236,UAV 7,Control Center,LOW_BATTERY,Battery level: 20.7%
236,UAV 10,Control Center,LOW_BATTERY,Battery level: 26.5%
237,UAV 1,Control Center,LOW_BATTERY,Battery level: 22.6%
237,UAV 2,Control Center,LOW_BATTERY,Battery level: 27.6%
237,UAV 5,Control Center,LOW_BATTERY,Battery level: 23.8%
237,UAV 6,Control Center,LOW_BATTERY,Battery level: 27.6%
237,UAV 7,Control Center,LOW_BATTERY,Battery level: 20.7%
237,UAV 10,Control Center,LOW_BATTERY,Battery level: 26.5%
238,UAV 1,Control Center,LOW_BATTERY,Battery level: 22.6%
238,UAV 2,Control Center,LOW_BATTERY,Battery level: 27.6%
238,UAV 5,Control Center,LOW_BATTERY,Battery level: 23.8%
238,UAV 6,Control Center,LOW_BATTERY,Battery level: 27.6%
238,UAV 7,Control Center,LOW_BATTERY,Battery level: 20.7%
238,UAV 10,Control Center,LOW_BATTERY,Battery level: 26.5%
239,UAV 1,Control Center,LOW_BATTERY,Battery level: 22.6%
239,UAV 2,Control Center,LOW_BATTERY,Battery level: 27.6%
239,UAV 5,Control Center,LOW_BATTERY,Battery level: 23.8%
239,UAV 6,Control Center,LOW_BATTERY,Battery level: 27.6%
239,UAV 7,Control Center,LOW_BATTERY,Battery level: 20.7%
239,UAV 10,Control Center,LOW_BATTERY,Battery level: 26.5%
240,UAV 1,Control Center,LOW_BATTERY,Battery level: 22.6%
240,UAV 2,Control Center,LOW_BATTERY,Battery level: 27.6%
240,UAV 5,Control Center,LOW_BATTERY,Battery level: 23.8%
240,UAV 6,Control Center,LOW_BATTERY,Battery level: 27.6%
240,UAV 7,Control Center,LOW_BATTERY,Battery level: 20.7%
240,UAV 10,Control Center,LOW_BATTERY,Battery level: 26.5%
241,UAV 1,Control Center,LOW_BATTERY,Battery level: 22.6%
241,UAV 2,Control Center,LOW_BATTERY,Battery level: 27.6%
241,UAV 5,Control Center,LOW_BATTERY,Battery level: 23.8%
241,UAV 6,Control Center,LOW_BATTERY,Battery level: 27.6%
241,UAV 7,Control Center,LOW_BATTERY,Battery level: 20.7%
241,UAV 10,Control Center,LOW_BATTERY,Battery level: 26.5%
242,UAV 1,Control Center,LOW_BATTERY,Battery level: 22.6%
242,UAV 2,Control Center,LOW_BATTERY,Battery level: 27.6%
242,UAV 5,Control Center,LOW_BATTERY,Battery level: 23.8%
242,UAV 6,Control Center,LOW_BATTERY,Battery level: 27.6%
242,UAV 7,Control Center,LOW_BATTERY,Battery level: 20.7%
242,UAV 10,Control Center,LOW_BATTERY,Battery level: 26.5%
243,UAV 1,Control Center,LOW_BATTERY,Battery level: 22.6%
243,UAV 2,Control Center,LOW_BATTERY,Battery level: 27.6%
243,UAV 5,Control Center,LOW_BATTERY,Battery level: 23.8%
243,UAV 6,Control Center,LOW_BATTERY,Battery level: 27.6%
243,UAV 7,Control Center,LOW_BATTERY,Battery level: 20.7%
243,UAV 10,Control Center,LOW_BATTERY,Battery level: 26.5%
244,UAV 1,Control Center,LOW_BATTERY,Battery level: 22.6%
244,UAV 2,Control Center,LOW_BATTERY,Battery level: 27.6%
244,UAV 5,Control Center,LOW_BATTERY,Battery level: 23.8%
244,UAV 6,Control Center,LOW_BATTERY,Battery level: 27.6%
244,UAV 7,Control Center,LOW_BATTERY,Battery level: 20.7%
244,UAV 10,Control Center,LOW_BATTERY,Battery level: 26.5%
245,UAV 1,Control Center,LOW_BATTERY,Battery level: 22.6%
245,UAV 2,Control Center,LOW_BATTERY,Battery level: 27.6%
245,UAV 5,Control Center,LOW_BATTERY,Battery level: 23.8%
245,UAV 6,Control Center,LOW_BATTERY,Battery level: 27.6%
245,UAV 7,Control Center,LOW_BATTERY,Battery level: 20.7%
245,UAV 10,Control Center,LOW_BATTERY,Battery level: 26.5%
246,UAV 1,Control Center,LOW_BATTERY,Battery level: 22.6%
246,UAV 2,Control Center,LOW_BATTERY,Battery level: 27.6%
246,UAV 5,Control Center,LOW_BATTERY,Battery level: 23.8%
246,UAV 6,Control Center,LOW_BATTERY,Battery level: 27.6%
246,UAV 7,Control Center,LOW_BATTERY,Battery level: 20.7%
246,UAV 10,Control Center,LOW_BATTERY,Battery level: 26.5%
247,UAV 1,Control Center,LOW_BATTERY,Battery level: 22.6%
247,UAV 2,Control Center,LOW_BATTERY,Battery level: 27.6%
247,UAV 5,Control Center,LOW_BATTERY,Battery level: 23.8%
247,UAV 6,Control Center,LOW_BATTERY,Battery level: 27.6%
247,UAV 7,Control Center,LOW_BATTERY,Battery level: 20.7%
247,UAV 10,Control Center,LOW_BATTERY,Battery level: 26.5%
248,UAV 1,Control Center,LOW_BATTERY,Battery level: 22.6%
248,UAV 2,Control Center,LOW_BATTERY,Battery level: 27.6%
248,UAV 5,Control Center,LOW_BATTERY,Battery level: 23.8%
248,UAV 6,Control Center,LOW_BATTERY,Battery level: 27.6%
248,UAV 7,Control Center,LOW_BATTERY,Battery level: 20.7%
248,UAV 10,Control Center,LOW_BATTERY,Battery level: 26.5%
249,UAV 1,Control Center,LOW_BATTERY,Battery level: 22.6%
249,UAV 2,Control Center,LOW_BATTERY,Battery level: 27.6%
249,UAV 5,Control Center,LOW_BATTERY,Battery level: 23.8%
249,UAV 6,Control Center,LOW_BATTERY,Battery level: 27.6%
249,UAV 7,Control Center,LOW_BATTERY,Battery level: 20.7%
249,UAV 10,Control Center,LOW_BATTERY,Battery level: 26.5%
250,UAV 1,Control Center,LOW_BATTERY,Battery level: 22.6%
250,UAV 2,Control Center,LOW_BATTERY,Battery level: 27.6%
250,UAV 5,Control Center,LOW_BATTERY,Battery level: 23.8%
250,UAV 6,Control Center,LOW_BATTERY,Battery level: 27.6%
250,UAV 7,Control Center,LOW_BATTERY,Battery level: 20.7%
250,UAV 10,Control Center,LOW_BATTERY,Battery level: 26.5%
251,UAV 1,Control Center,LOW_BATTERY,Battery level: 22.6%
251,UAV 2,Control Center,LOW_BATTERY,Battery level: 27.6%
251,UAV 5,Control Center,LOW_BATTERY,Battery level: 23.8%
251,UAV 6,Control Center,LOW_BATTERY,Battery level: 27.6%
251,UAV 7,Control Center,LOW_BATTERY,Battery level: 20.7%
251,UAV 10,Control Center,LOW_BATTERY,Battery level: 26.5%
252,UAV 1,Control Center,LOW_BATTERY,Battery level: 22.6%
252,UAV 2,Control Center,LOW_BATTERY,Battery level: 27.6%
252,UAV 5,Control Center,LOW_BATTERY,Battery level: 23.8%
252,UAV 6,Control Center,LOW_BATTERY,Battery level: 27.6%
252,UAV 7,Control Center,LOW_BATTERY,Battery level: 20.7%
252,UAV 10,Control Center,LOW_BATTERY,Battery level: 26.5%
253,UAV 1,Control Center,LOW_BATTERY,Battery level: 22.6%
253,UAV 2,Control Center,LOW_BATTERY,Battery level: 27.6%
253,UAV 5,Control Center,LOW_BATTERY,Battery level: 23.8%
253,UAV 6,Control Center,LOW_BATTERY,Battery level: 27.6%
253,UAV 7,Control Center,LOW_BATTERY,Battery level: 20.7%
253,UAV 10,Control Center,LOW_BATTERY,Battery level: 26.5%
254,UAV 1,Control Center,LOW_BATTERY,Battery level: 22.6%
254,UAV 2,Control Center,LOW_BATTERY,Battery level: 27.6%
254,UAV 5,Control Center,LOW_BATTERY,Battery level: 23.8%
254,UAV 6,Control Center,LOW_BATTERY,Battery level: 27.6%
254,UAV 7,Control Center,LOW_BATTERY,Battery level: 20.7%
254,UAV 10,Control Center,LOW_BATTERY,Battery level: 26.5%
255,UAV 1,Control Center,LOW_BATTERY,Battery level: 22.6%
255,UAV 2,Control Center,LOW_BATTERY,Battery level: 27.6%
255,UAV 5,Control Center,LOW_BATTERY,Battery level: 23.8%
255,UAV 6,Control Center,LOW_BATTERY,Battery level: 27.6%
255,UAV 7,Control Center,LOW_BATTERY,Battery level: 20.7%
255,UAV 10,Control Center,LOW_BATTERY,Battery level: 26.5%
256,UAV 1,Control Center,LOW_BATTERY,Battery level: 22.6%
256,UAV 2,Control Center,LOW_BATTERY,Battery level: 27.6%
256,UAV 5,Control Center,LOW_BATTERY,Battery level: 23.8%
256,UAV 6,Control Center,LOW_BATTERY,Battery level: 27.6%
256,UAV 7,Control Center,LOW_BATTERY,Battery level: 20.7%
256,UAV 10,Control Center,LOW_BATTERY,Battery level: 26.5%
257,UAV 1,Control Center,LOW_BATTERY,Battery level: 22.6%
257,UAV 2,Control Center,LOW_BATTERY,Battery level: 27.6%
257,UAV 5,Control Center,LOW_BATTERY,Battery level: 23.8%
257,UAV 6,Control Center,LOW_BATTERY,Battery level: 27.6%
257,UAV 7,Control Center,LOW_BATTERY,Battery level: 20.7%
257,UAV 10,Control Center,LOW_BATTERY,Battery level: 26.5%
258,UAV 1,Control Center,LOW_BATTERY,Battery level: 22.6%
258,UAV 2,Control Center,LOW_BATTERY,Battery level: 27.6%
258,UAV 5,Control Center,LOW_BATTERY,Battery level: 23.8%
258,UAV 6,Control Center,LOW_BATTERY,Battery level: 27.6%
258,UAV 7,Control Center,LOW_BATTERY,Battery level: 20.7%
258,UAV 10,Control Center,LOW_BATTERY,Battery level: 26.5%
259,UAV 1,Control Center,LOW_BATTERY,Battery level: 22.6%
259,UAV 2,Control Center,LOW_BATTERY,Battery level: 27.6%
259,UAV 5,Control Center,LOW_BATTERY,Battery level: 23.8%
259,UAV 6,Control Center,LOW_BATTERY,Battery level: 27.6%
259,UAV 7,Control Center,LOW_BATTERY,Battery level: 20.7%
259,UAV 10,Control Center,LOW_BATTERY,Battery level: 26.5%
260,UAV 1,Control Center,LOW_BATTERY,Battery level: 22.6%
260,UAV 2,Control Center,LOW_BATTERY,Battery level: 27.6%
260,UAV 5,Control Center,LOW_BATTERY,Battery level: 23.8%
260,UAV 6,Control Center,LOW_BATTERY,Battery level: 27.6%
260,UAV 7,Control Center,LOW_BATTERY,Battery level: 20.7%
260,UAV 10,Control Center,LOW_BATTERY,Battery level: 26.5%
261,UAV 1,Control Center,LOW_BATTERY,Battery level: 22.6%
261,UAV 2,Control Center,LOW_BATTERY,Battery level: 27.6%
261,UAV 5,Control Center,LOW_BATTERY,Battery level: 23.8%
261,UAV 6,Control Center,LOW_BATTERY,Battery level: 27.6%
261,UAV 7,Control Center,LOW_BATTERY,Battery level: 20.7%
261,UAV 10,Control Center,LOW_BATTERY,Battery level: 26.5%
262,UAV 1,Control Center,LOW_BATTERY,Battery level: 22.6%
262,UAV 2,Control Center,LOW_BATTERY,Battery level: 27.6%
262,UAV 5,Control Center,LOW_BATTERY,Battery level: 23.8%
262,UAV 6,Control Center,LOW_BATTERY,Battery level: 27.6%
262,UAV 7,Control Center,LOW_BATTERY,Battery level: 20.7%
262,UAV 10,Control Center,LOW_BATTERY,Battery level: 26.5%
263,UAV 1,Control Center,LOW_BATTERY,Battery level: 22.6%
263,UAV 2,Control Center,LOW_BATTERY,Battery level: 27.6%
263,UAV 5,Control Center,LOW_BATTERY,Battery level: 23.8%
263,UAV 6,Control Center,LOW_BATTERY,Battery level: 27.6%
263,UAV 7,Control Center,LOW_BATTERY,Battery level: 20.7%
263,UAV 10,Control Center,LOW_BATTERY,Battery level: 26.5%
264,UAV 1,Control Center,LOW_BATTERY,Battery level: 22.6%
264,UAV 2,Control Center,LOW_BATTERY,Battery level: 27.6%
264,UAV 5,Control Center,LOW_BATTERY,Battery level: 23.8%
264,UAV 6,Control Center,LOW_BATTERY,Battery level: 27.6%
264,UAV 7,Control Center,LOW_BATTERY,Battery level: 20.7%
264,UAV 10,Control Center,LOW_BATTERY,Battery level: 26.5%
265,UAV 1,Control Center,LOW_BATTERY,Battery level: 22.6%
265,UAV 2,Control Center,LOW_BATTERY,Battery level: 27.6%
265,UAV 5,Control Center,LOW_BATTERY,Battery level: 23.8%
265,UAV 6,Control Center,LOW_BATTERY,Battery level: 27.6%
265,UAV 7,Control Center,LOW_BATTERY,Battery level: 20.7%
265,UAV 10,Control Center,LOW_BATTERY,Battery level: 26.5%
266,UAV 1,Control Center,LOW_BATTERY,Battery level: 22.6%
266,UAV 2,Control Center,LOW_BATTERY,Battery level: 27.6%
266,UAV 5,Control Center,LOW_BATTERY,Battery level: 23.8%
266,UAV 6,Control Center,LOW_BATTERY,Battery level: 27.6%
266,UAV 7,Control Center,LOW_BATTERY,Battery level: 20.7%
266,UAV 10,Control Center,LOW_BATTERY,Battery level: 26.5%
267,UAV 1,Control Center,LOW_BATTERY,Battery level: 22.6%
267,UAV 2,Control Center,LOW_BATTERY,Battery level: 27.6%
267,UAV 5,Control Center,LOW_BATTERY,Battery level: 23.8%
267,UAV 6,Control Center,LOW_BATTERY,Battery level: 27.6%
267,UAV 7,Control Center,LOW_BATTERY,Battery level: 20.7%
267,UAV 10,Control Center,LOW_BATTERY,Battery level: 26.5%
268,UAV 1,Control Center,LOW_BATTERY,Battery level: 22.6%
268,UAV 2,Control Center,LOW_BATTERY,Battery level: 27.6%
268,UAV 5,Control Center,LOW_BATTERY,Battery level: 23.8%
268,UAV 6,Control Center,LOW_BATTERY,Battery level: 27.6%
268,UAV 7,Control Center,LOW_BATTERY,Battery level: 20.7%
268,UAV 10,Control Center,LOW_BATTERY,Battery level: 26.5%
269,UAV 1,Control Center,LOW_BATTERY,Battery level: 22.6%
269,UAV 2,Control Center,LOW_BATTERY,Battery level: 27.6%
269,UAV 5,Control Center,LOW_BATTERY,Battery level: 23.8%
269,UAV 6,Control Center,LOW_BATTERY,Battery level: 27.6%
269,UAV 7,Control Center,LOW_BATTERY,Battery level: 20.7%
269,UAV 10,Control Center,LOW_BATTERY,Battery level: 26.5%
270,UAV 1,Control Center,LOW_BATTERY,Battery level: 22.6%
270,UAV 2,Control Center,LOW_BATTERY,Battery level: 27.6%
270,UAV 5,Control Center,LOW_BATTERY,Battery level: 23.8%
270,UAV 6,Control Center,LOW_BATTERY,Battery level: 27.6%
270,UAV 7,Control Center,LOW_BATTERY,Battery level: 20.7%
270,UAV 10,Control Center,LOW_BATTERY,Battery level: 26.5%
271,UAV 1,Control Center,LOW_BATTERY,Battery level: 22.6%
271,UAV 2,Control Center,LOW_BATTERY,Battery level: 27.6%
271,UAV 5,Control Center,LOW_BATTERY,Battery level: 23.8%
271,UAV 6,Control Center,LOW_BATTERY,Battery level: 27.6%
271,UAV 7,Control Center,LOW_BATTERY,Battery level: 20.7%
271,UAV 10,Control Center,LOW_BATTERY,Battery level: 26.5%
272,UAV 1,Control Center,LOW_BATTERY,Battery level: 22.6%
272,UAV 2,Control Center,LOW_BATTERY,Battery level: 27.6%
272,UAV 5,Control Center,LOW_BATTERY,Battery level: 23.8%
272,UAV 6,Control Center,LOW_BATTERY,Battery level: 27.6%
272,UAV 7,Control Center,LOW_BATTERY,Battery level: 20.7%
272,UAV 10,Control Center,LOW_BATTERY,Battery level: 26.5%
273,UAV 1,Control Center,LOW_BATTERY,Battery level: 22.6%
273,UAV 2,Control Center,LOW_BATTERY,Battery level: 27.6%
273,UAV 5,Control Center,LOW_BATTERY,Battery level: 23.8%
273,UAV 6,Control Center,LOW_BATTERY,Battery level: 27.6%
273,UAV 7,Control Center,LOW_BATTERY,Battery level: 20.7%
273,UAV 10,Control Center,LOW_BATTERY,Battery level: 26.5%
274,UAV 1,Control Center,LOW_BATTERY,Battery level: 22.6%
274,UAV 2,Control Center,LOW_BATTERY,Battery level: 27.6%
274,UAV 5,Control Center,LOW_BATTERY,Battery level: 23.8%
274,UAV 6,Control Center,LOW_BATTERY,Battery level: 27.6%
274,UAV 7,Control Center,LOW_BATTERY,Battery level: 20.7%
274,UAV 10,Control Center,LOW_BATTERY,Battery level: 26.5%
275,UAV 1,Control Center,LOW_BATTERY,Battery level: 22.6%
275,UAV 2,Control Center,LOW_BATTERY,Battery level: 27.6%
275,UAV 5,Control Center,LOW_BATTERY,Battery level: 23.8%
275,UAV 6,Control Center,LOW_BATTERY,Battery level: 27.6%
275,UAV 7,Control Center,LOW_BATTERY,Battery level: 20.7%
275,UAV 10,Control Center,LOW_BATTERY,Battery level: 26.5%
276,UAV 1,Control Center,LOW_BATTERY,Battery level: 22.6%
276,UAV 2,Control Center,LOW_BATTERY,Battery level: 27.6%
276,UAV 5,Control Center,LOW_BATTERY,Battery level: 23.8%
276,UAV 6,Control Center,LOW_BATTERY,Battery level: 27.6%
276,UAV 7,Control Center,LOW_BATTERY,Battery level: 20.7%
276,UAV 10,Control Center,LOW_BATTERY,Battery level: 26.5%
277,UAV 1,Control Center,LOW_BATTERY,Battery level: 22.6%
277,UAV 2,Control Center,LOW_BATTERY,Battery level: 27.6%
277,UAV 5,Control Center,LOW_BATTERY,Battery level: 23.8%
277,UAV 6,Control Center,LOW_BATTERY,Battery level: 27.6%
277,UAV 7,Control Center,LOW_BATTERY,Battery level: 20.7%
277,UAV 10,Control Center,LOW_BATTERY,Battery level: 26.5%
278,UAV 1,Control Center,LOW_BATTERY,Battery level: 22.6%
278,UAV 2,Control Center,LOW_BATTERY,Battery level: 27.6%
278,UAV 5,Control Center,LOW_BATTERY,Battery level: 23.8%
278,UAV 6,Control Center,LOW_BATTERY,Battery level: 27.6%
278,UAV 7,Control Center,LOW_BATTERY,Battery level: 20.7%
278,UAV 10,Control Center,LOW_BATTERY,Battery level: 26.5%
279,UAV 1,Control Center,LOW_BATTERY,Battery level: 22.6%
279,UAV 2,Control Center,LOW_BATTERY,Battery level: 27.6%
279,UAV 5,Control Center,LOW_BATTERY,Battery level: 23.8%
279,UAV 6,Control Center,LOW_BATTERY,Battery level: 27.6%
279,UAV 7,Control Center,LOW_BATTERY,Battery level: 20.7%
279,UAV 10,Control Center,LOW_BATTERY,Battery level: 26.5%
280,UAV 1,Control Center,LOW_BATTERY,Battery level: 22.6%
280,UAV 2,Control Center,LOW_BATTERY,Battery level: 27.6%
280,UAV 5,Control Center,LOW_BATTERY,Battery level: 23.8%
280,UAV 6,Control Center,LOW_BATTERY,Battery level: 27.6%
280,UAV 7,Control Center,LOW_BATTERY,Battery level: 20.7%
280,UAV 10,Control Center,LOW_BATTERY,Battery level: 26.5%
281,UAV 1,Control Center,LOW_BATTERY,Battery level: 22.6%
281,UAV 2,Control Center,LOW_BATTERY,Battery level: 27.6%
281,UAV 5,Control Center,LOW_BATTERY,Battery level: 23.8%
281,UAV 6,Control Center,LOW_BATTERY,Battery level: 27.6%
281,UAV 7,Control Center,LOW_BATTERY,Battery level: 20.7%
281,UAV 10,Control Center,LOW_BATTERY,Battery level: 26.5%
282,UAV 1,Control Center,LOW_BATTERY,Battery level: 22.6%
282,UAV 2,Control Center,LOW_BATTERY,Battery level: 27.6%
282,UAV 5,Control Center,LOW_BATTERY,Battery level: 23.8%
282,UAV 6,Control Center,LOW_BATTERY,Battery level: 27.6%
282,UAV 7,Control Center,LOW_BATTERY,Battery level: 20.7%
282,UAV 10,Control Center,LOW_BATTERY,Battery level: 26.5%
283,UAV 1,Control Center,LOW_BATTERY,Battery level: 22.6%
283,UAV 2,Control Center,LOW_BATTERY,Battery level: 27.6%
283,UAV 5,Control Center,LOW_BATTERY,Battery level: 23.8%
283,UAV 6,Control Center,LOW_BATTERY,Battery level: 27.6%
283,UAV 7,Control Center,LOW_BATTERY,Battery level: 20.7%
283,UAV 10,Control Center,LOW_BATTERY,Battery level: 26.5%
284,UAV 1,Control Center,LOW_BATTERY,Battery level: 22.6%
284,UAV 2,Control Center,LOW_BATTERY,Battery level: 27.6%
284,UAV 5,Control Center,LOW_BATTERY,Battery level: 23.8%
284,UAV 6,Control Center,LOW_BATTERY,Battery level: 27.6%
284,UAV 7,Control Center,LOW_BATTERY,Battery level: 20.7%
284,UAV 10,Control Center,LOW_BATTERY,Battery level: 26.5%
285,UAV 1,Control Center,LOW_BATTERY,Battery level: 22.6%
285,UAV 2,Control Center,LOW_BATTERY,Battery level: 27.6%
285,UAV 5,Control Center,LOW_BATTERY,Battery level: 23.8%
285,UAV 6,Control Center,LOW_BATTERY,Battery level: 27.6%
285,UAV 7,Control Center,LOW_BATTERY,Battery level: 20.7%
285,UAV 10,Control Center,LOW_BATTERY,Battery level: 26.5%
286,UAV 1,Control Center,LOW_BATTERY,Battery level: 22.6%
286,UAV 2,Control Center,LOW_BATTERY,Battery level: 27.6%
286,UAV 5,Control Center,LOW_BATTERY,Battery level: 23.8%
286,UAV 6,Control Center,LOW_BATTERY,Battery level: 27.6%
286,UAV 7,Control Center,LOW_BATTERY,Battery level: 20.7%
286,UAV 10,Control Center,LOW_BATTERY,Battery level: 26.5%
287,UAV 1,Control Center,LOW_BATTERY,Battery level: 22.6%
287,UAV 2,Control Center,LOW_BATTERY,Battery level: 27.6%
287,UAV 5,Control Center,LOW_BATTERY,Battery level: 23.8%
287,UAV 6,Control Center,LOW_BATTERY,Battery level: 27.6%
287,UAV 7,Control Center,LOW_BATTERY,Battery level: 20.7%
287,UAV 10,Control Center,LOW_BATTERY,Battery level: 26.5%
288,UAV 1,Control Center,LOW_BATTERY,Battery level: 22.6%
288,UAV 2,Control Center,LOW_BATTERY,Battery level: 27.6%
288,UAV 5,Control Center,LOW_BATTERY,Battery level: 23.8%
288,UAV 6,Control Center,LOW_BATTERY,Battery level: 27.6%
288,UAV 7,Control Center,LOW_BATTERY,Battery level: 20.7%
288,UAV 10,Control Center,LOW_BATTERY,Battery level: 26.5%
289,UAV 1,Control Center,LOW_BATTERY,Battery level: 22.6%
289,UAV 2,Control Center,LOW_BATTERY,Battery level: 27.6%
289,UAV 5,Control Center,LOW_BATTERY,Battery level: 23.8%
289,UAV 6,Control Center,LOW_BATTERY,Battery level: 27.6%
289,UAV 7,Control Center,LOW_BATTERY,Battery level: 20.7%
289,UAV 10,Control Center,LOW_BATTERY,Battery level: 26.5%
290,UAV 1,Control Center,LOW_BATTERY,Battery level: 22.6%
290,UAV 2,Control Center,LOW_BATTERY,Battery level: 27.6%
290,UAV 5,Control Center,LOW_BATTERY,Battery level: 23.8%
290,UAV 6,Control Center,LOW_BATTERY,Battery level: 27.6%
290,UAV 7,Control Center,LOW_BATTERY,Battery level: 20.7%
290,UAV 10,Control Center,LOW_BATTERY,Battery level: 26.5%
291,UAV 1,Control Center,LOW_BATTERY,Battery level: 22.6%
291,UAV 2,Control Center,LOW_BATTERY,Battery level: 27.6%
291,UAV 5,Control Center,LOW_BATTERY,Battery level: 23.8%
291,UAV 6,Control Center,LOW_BATTERY,Battery level: 27.6%
291,UAV 7,Control Center,LOW_BATTERY,Battery level: 20.7%
291,UAV 10,Control Center,LOW_BATTERY,Battery level: 26.5%
292,UAV 1,Control Center,LOW_BATTERY,Battery level: 22.6%
292,UAV 2,Control Center,LOW_BATTERY,Battery level: 27.6%
292,UAV 5,Control Center,LOW_BATTERY,Battery level: 23.8%
292,UAV 6,Control Center,LOW_BATTERY,Battery level: 27.6%
292,UAV 7,Control Center,LOW_BATTERY,Battery level: 20.7%
292,UAV 10,Control Center,LOW_BATTERY,Battery level: 26.5%
293,UAV 1,Control Center,LOW_BATTERY,Battery level: 22.6%
293,UAV 2,Control Center,LOW_BATTERY,Battery level: 27.6%
293,UAV 5,Control Center,LOW_BATTERY,Battery level: 23.8%
293,UAV 6,Control Center,LOW_BATTERY,Battery level: 27.6%
293,UAV 7,Control Center,LOW_BATTERY,Battery level: 20.7%
293,UAV 10,Control Center,LOW_BATTERY,Battery level: 26.5%
294,UAV 1,Control Center,LOW_BATTERY,Battery level: 22.6%
294,UAV 2,Control Center,LOW_BATTERY,Battery level: 27.6%
294,UAV 5,Control Center,LOW_BATTERY,Battery level: 23.8%
294,UAV 6,Control Center,LOW_BATTERY,Battery level: 27.6%
294,UAV 7,Control Center,LOW_BATTERY,Battery level: 20.7%
294,UAV 10,Control Center,LOW_BATTERY,Battery level: 26.5%
295,UAV 1,Control Center,LOW_BATTERY,Battery level: 22.6%
295,UAV 2,Control Center,LOW_BATTERY,Battery level: 27.6%
295,UAV 5,Control Center,LOW_BATTERY,Battery level: 23.8%
295,UAV 6,Control Center,LOW_BATTERY,Battery level: 27.6%
295,UAV 7,Control Center,LOW_BATTERY,Battery level: 20.7%
295,UAV 10,Control Center,LOW_BATTERY,Battery level: 26.5%
296,UAV 1,Control Center,LOW_BATTERY,Battery level: 22.6%
296,UAV 2,Control Center,LOW_BATTERY,Battery level: 27.6%
296,UAV 5,Control Center,LOW_BATTERY,Battery level: 23.8%
296,UAV 6,Control Center,LOW_BATTERY,Battery level: 27.6%
296,UAV 7,Control Center,LOW_BATTERY,Battery level: 20.7%
296,UAV 10,Control Center,LOW_BATTERY,Battery level: 26.5%
297,UAV 1,Control Center,LOW_BATTERY,Battery level: 22.6%
297,UAV 2,Control Center,LOW_BATTERY,Battery level: 27.6%
297,UAV 5,Control Center,LOW_BATTERY,Battery level: 23.8%
297,UAV 6,Control Center,LOW_BATTERY,Battery level: 27.6%
297,UAV 7,Control Center,LOW_BATTERY,Battery level: 20.7%
297,UAV 10,Control Center,LOW_BATTERY,Battery level: 26.5%
298,UAV 1,Control Center,LOW_BATTERY,Battery level: 22.6%
298,UAV 2,Control Center,LOW_BATTERY,Battery level: 27.6%
298,UAV 5,Control Center,LOW_BATTERY,Battery level: 23.8%
298,UAV 6,Control Center,LOW_BATTERY,Battery level: 27.6%
298,UAV 7,Control Center,LOW_BATTERY,Battery level: 20.7%
298,UAV 10,Control Center,LOW_BATTERY,Battery level: 26.5%
299,UAV 1,Control Center,LOW_BATTERY,Battery level: 22.6%
299,UAV 2,Control Center,LOW_BATTERY,Battery level: 27.6%
299,UAV 5,Control Center,LOW_BATTERY,Battery level: 23.8%
299,UAV 6,Control Center,LOW_BATTERY,Battery level: 27.6%
299,UAV 7,Control Center,LOW_BATTERY,Battery level: 20.7%
299,UAV 10,Control Center,LOW_BATTERY,Battery level: 26.5%
300,UAV 1,Control Center,LOW_BATTERY,Battery level: 22.6%
300,UAV 2,Control Center,LOW_BATTERY,Battery level: 27.6%
300,UAV 5,Control Center,LOW_BATTERY,Battery level: 23.8%
300,UAV 6,Control Center,LOW_BATTERY,Battery level: 27.6%
300,UAV 7,Control Center,LOW_BATTERY,Battery level: 20.7%
300,UAV 10,Control Center,LOW_BATTERY,Battery level: 26.5%
301,UAV 1,Control Center,LOW_BATTERY,Battery level: 22.6%
301,UAV 2,Control Center,LOW_BATTERY,Battery level: 27.6%
301,UAV 5,Control Center,LOW_BATTERY,Battery level: 23.8%
301,UAV 6,Control Center,LOW_BATTERY,Battery level: 27.6%
301,UAV 7,Control Center,LOW_BATTERY,Battery level: 20.7%
301,UAV 10,Control Center,LOW_BATTERY,Battery level: 26.5%
302,UAV 1,Control Center,LOW_BATTERY,Battery level: 22.6%
302,UAV 2,Control Center,LOW_BATTERY,Battery level: 27.6%
302,UAV 5,Control Center,LOW_BATTERY,Battery level: 23.8%
302,UAV 6,Control Center,LOW_BATTERY,Battery level: 27.6%
302,UAV 7,Control Center,LOW_BATTERY,Battery level: 20.7%
302,UAV 10,Control Center,LOW_BATTERY,Battery level: 26.5%
303,UAV 1,Control Center,LOW_BATTERY,Battery level: 22.6%
303,UAV 2,Control Center,LOW_BATTERY,Battery level: 27.6%
303,UAV 5,Control Center,LOW_BATTERY,Battery level: 23.8%
303,UAV 6,Control Center,LOW_BATTERY,Battery level: 27.6%
303,UAV 7,Control Center,LOW_BATTERY,Battery level: 20.7%
303,UAV 10,Control Center,LOW_BATTERY,Battery level: 26.5%
304,UAV 1,Control Center,LOW_BATTERY,Battery level: 22.6%
304,UAV 2,Control Center,LOW_BATTERY,Battery level: 27.6%
304,UAV 5,Control Center,LOW_BATTERY,Battery level: 23.8%
304,UAV 6,Control Center,LOW_BATTERY,Battery level: 27.6%
304,UAV 7,Control Center,LOW_BATTERY,Battery level: 20.7%
304,UAV 10,Control Center,LOW_BATTERY,Battery level: 26.5%
305,UAV 1,Control Center,LOW_BATTERY,Battery level: 22.6%
305,UAV 2,Control Center,LOW_BATTERY,Battery level: 27.6%
305,UAV 5,Control Center,LOW_BATTERY,Battery level: 23.8%
305,UAV 6,Control Center,LOW_BATTERY,Battery level: 27.6%
305,UAV 7,Control Center,LOW_BATTERY,Battery level: 20.7%
305,UAV 10,Control Center,LOW_BATTERY,Battery level: 26.5%
306,UAV 1,Control Center,LOW_BATTERY,Battery level: 22.6%
306,UAV 2,Control Center,LOW_BATTERY,Battery level: 27.6%
306,UAV 5,Control Center,LOW_BATTERY,Battery level: 23.8%
306,UAV 6,Control Center,LOW_BATTERY,Battery level: 27.6%
306,UAV 7,Control Center,LOW_BATTERY,Battery level: 20.7%
306,UAV 10,Control Center,LOW_BATTERY,Battery level: 26.5%
307,UAV 1,Control Center,LOW_BATTERY,Battery level: 22.6%
307,UAV 2,Control Center,LOW_BATTERY,Battery level: 27.6%
307,UAV 5,Control Center,LOW_BATTERY,Battery level: 23.8%
307,UAV 6,Control Center,LOW_BATTERY,Battery level: 27.6%
307,UAV 7,Control Center,LOW_BATTERY,Battery level: 20.7%
307,UAV 10,Control Center,LOW_BATTERY,Battery level: 26.5%
308,UAV 1,Control Center,LOW_BATTERY,Battery level: 22.6%
308,UAV 2,Control Center,LOW_BATTERY,Battery level: 27.6%
308,UAV 5,Control Center,LOW_BATTERY,Battery level: 23.8%
308,UAV 6,Control Center,LOW_BATTERY,Battery level: 27.6%
308,UAV 7,Control Center,LOW_BATTERY,Battery level: 20.7%
308,UAV 10,Control Center,LOW_BATTERY,Battery level: 26.5%
309,UAV 1,Control Center,LOW_BATTERY,Battery level: 22.6%
309,UAV 2,Control Center,LOW_BATTERY,Battery level: 27.6%
309,UAV 5,Control Center,LOW_BATTERY,Battery level: 23.8%
309,UAV 6,Control Center,LOW_BATTERY,Battery level: 27.6%
309,UAV 7,Control Center,LOW_BATTERY,Battery level: 20.7%
309,UAV 10,Control Center,LOW_BATTERY,Battery level: 26.5%
310,UAV 1,Control Center,LOW_BATTERY,Battery level: 22.6%
310,UAV 2,Control Center,LOW_BATTERY,Battery level: 27.6%
310,UAV 5,Control Center,LOW_BATTERY,Battery level: 23.8%
310,UAV 6,Control Center,LOW_BATTERY,Battery level: 27.6%
310,UAV 7,Control Center,LOW_BATTERY,Battery level: 20.7%
310,UAV 10,Control Center,LOW_BATTERY,Battery level: 26.5%
311,UAV 1,Control Center,LOW_BATTERY,Battery level: 22.6%
311,UAV 2,Control Center,LOW_BATTERY,Battery level: 27.6%
311,UAV 5,Control Center,LOW_BATTERY,Battery level: 23.8%
311,UAV 6,Control Center,LOW_BATTERY,Battery level: 27.6%
311,UAV 7,Control Center,LOW_BATTERY,Battery level: 20.7%
311,UAV 10,Control Center,LOW_BATTERY,Battery level: 26.5%
312,UAV 1,Control Center,LOW_BATTERY,Battery level: 22.6%
312,UAV 2,Control Center,LOW_BATTERY,Battery level: 27.6%
312,UAV 5,Control Center,LOW_BATTERY,Battery level: 23.8%
312,UAV 6,Control Center,LOW_BATTERY,Battery level: 27.6%
312,UAV 7,Control Center,LOW_BATTERY,Battery level: 20.7%
312,UAV 10,Control Center,LOW_BATTERY,Battery level: 26.5%
313,UAV 1,Control Center,LOW_BATTERY,Battery level: 22.6%
313,UAV 2,Control Center,LOW_BATTERY,Battery level: 27.6%
313,UAV 5,Control Center,LOW_BATTERY,Battery level: 23.8%
313,UAV 6,Control Center,LOW_BATTERY,Battery level: 27.6%
313,UAV 7,Control Center,LOW_BATTERY,Battery level: 20.7%
313,UAV 10,Control Center,LOW_BATTERY,Battery level: 26.5%
314,UAV 1,Control Center,LOW_BATTERY,Battery level: 22.6%
314,UAV 2,Control Center,LOW_BATTERY,Battery level: 27.6%
314,UAV 5,Control Center,LOW_BATTERY,Battery level: 23.8%
314,UAV 6,Control Center,LOW_BATTERY,Battery level: 27.6%
314,UAV 7,Control Center,LOW_BATTERY,Battery level: 20.7%
314,UAV 10,Control Center,LOW_BATTERY,Battery level: 26.5%
315,UAV 1,Control Center,LOW_BATTERY,Battery level: 22.6%
315,UAV 2,Control Center,LOW_BATTERY,Battery level: 27.6%
315,UAV 5,Control Center,LOW_BATTERY,Battery level: 23.8%
315,UAV 6,Control Center,LOW_BATTERY,Battery level: 27.6%
315,UAV 7,Control Center,LOW_BATTERY,Battery level: 20.7%
315,UAV 10,Control Center,LOW_BATTERY,Battery level: 26.5%
316,UAV 1,Control Center,LOW_BATTERY,Battery level: 22.6%
316,UAV 2,Control Center,LOW_BATTERY,Battery level: 27.6%
316,UAV 5,Control Center,LOW_BATTERY,Battery level: 23.8%
316,UAV 6,Control Center,LOW_BATTERY,Battery level: 27.6%
316,UAV 7,Control Center,LOW_BATTERY,Battery level: 20.7%
316,UAV 10,Control Center,LOW_BATTERY,Battery level: 26.5%
317,UAV 1,Control Center,LOW_BATTERY,Battery level: 22.6%
317,UAV 2,Control Center,LOW_BATTERY,Battery level: 27.6%
317,UAV 5,Control Center,LOW_BATTERY,Battery level: 23.8%
317,UAV 6,Control Center,LOW_BATTERY,Battery level: 27.6%
317,UAV 7,Control Center,LOW_BATTERY,Battery level: 20.7%
317,UAV 10,Control Center,LOW_BATTERY,Battery level: 26.5%
318,UAV 1,Control Center,LOW_BATTERY,Battery level: 22.6%
318,UAV 2,Control Center,LOW_BATTERY,Battery level: 27.6%
318,UAV 5,Control Center,LOW_BATTERY,Battery level: 23.8%
318,UAV 6,Control Center,LOW_BATTERY,Battery level: 27.6%
318,UAV 7,Control Center,LOW_BATTERY,Battery level: 20.7%
318,UAV 10,Control Center,LOW_BATTERY,Battery level: 26.5%
319,UAV 1,Control Center,LOW_BATTERY,Battery level: 22.6%
319,UAV 2,Control Center,LOW_BATTERY,Battery level: 27.6%
319,UAV 5,Control Center,LOW_BATTERY,Battery level: 23.8%
319,UAV 6,Control Center,LOW_BATTERY,Battery level: 27.6%
319,UAV 7,Control Center,LOW_BATTERY,Battery level: 20.7%
319,UAV 10,Control Center,LOW_BATTERY,Battery level: 26.5%
320,UAV 1,Control Center,LOW_BATTERY,Battery level: 22.6%
320,UAV 2,Control Center,LOW_BATTERY,Battery level: 27.6%
320,UAV 5,Control Center,LOW_BATTERY,Battery level: 23.8%
320,UAV 6,Control Center,LOW_BATTERY,Battery level: 27.6%
320,UAV 7,Control Center,LOW_BATTERY,Battery level: 20.7%
320,UAV 10,Control Center,LOW_BATTERY,Battery level: 26.5%
321,UAV 1,Control Center,LOW_BATTERY,Battery level: 22.6%
321,UAV 2,Control Center,LOW_BATTERY,Battery level: 27.6%
321,UAV 5,Control Center,LOW_BATTERY,Battery level: 23.8%
321,UAV 6,Control Center,LOW_BATTERY,Battery level: 27.6%
321,UAV 7,Control Center,LOW_BATTERY,Battery level: 20.7%
321,UAV 10,Control Center,LOW_BATTERY,Battery level: 26.5%
322,UAV 1,Control Center,LOW_BATTERY,Battery level: 22.6%
322,UAV 2,Control Center,LOW_BATTERY,Battery level: 27.6%
322,UAV 5,Control Center,LOW_BATTERY,Battery level: 23.8%
322,UAV 6,Control Center,LOW_BATTERY,Battery level: 27.6%
322,UAV 7,Control Center,LOW_BATTERY,Battery level: 20.7%
322,UAV 10,Control Center,LOW_BATTERY,Battery level: 26.5%
323,UAV 1,Control Center,LOW_BATTERY,Battery level: 22.6%
323,UAV 2,Control Center,LOW_BATTERY,Battery level: 27.6%
323,UAV 5,Control Center,LOW_BATTERY,Battery level: 23.8%
323,UAV 6,Control Center,LOW_BATTERY,Battery level: 27.6%
323,UAV 7,Control Center,LOW_BATTERY,Battery level: 20.7%
323,UAV 10,Control Center,LOW_BATTERY,Battery level: 26.5%
324,UAV 1,Control Center,LOW_BATTERY,Battery level: 22.6%
324,UAV 2,Control Center,LOW_BATTERY,Battery level: 27.6%
324,UAV 5,Control Center,LOW_BATTERY,Battery level: 23.8%
324,UAV 6,Control Center,LOW_BATTERY,Battery level: 27.6%
324,UAV 7,Control Center,LOW_BATTERY,Battery level: 20.7%
324,UAV 10,Control Center,LOW_BATTERY,Battery level: 26.5%
325,UAV 1,Control Center,LOW_BATTERY,Battery level: 22.6%
325,UAV 2,Control Center,LOW_BATTERY,Battery level: 27.6%
325,UAV 5,Control Center,LOW_BATTERY,Battery level: 23.8%
325,UAV 6,Control Center,LOW_BATTERY,Battery level: 27.6%
325,UAV 7,Control Center,LOW_BATTERY,Battery level: 20.7%
325,UAV 10,Control Center,LOW_BATTERY,Battery level: 26.5%
326,UAV 1,Control Center,LOW_BATTERY,Battery level: 22.6%
326,UAV 2,Control Center,LOW_BATTERY,Battery level: 27.6%
326,UAV 5,Control Center,LOW_BATTERY,Battery level: 23.8%
326,UAV 6,Control Center,LOW_BATTERY,Battery level: 27.6%
326,UAV 7,Control Center,LOW_BATTERY,Battery level: 20.7%
326,UAV 10,Control Center,LOW_BATTERY,Battery level: 26.5%
327,UAV 1,Control Center,LOW_BATTERY,Battery level: 22.6%
327,UAV 2,Control Center,LOW_BATTERY,Battery level: 27.6%
327,UAV 5,Control Center,LOW_BATTERY,Battery level: 23.8%
327,UAV 6,Control Center,LOW_BATTERY,Battery level: 27.6%
327,UAV 7,Control Center,LOW_BATTERY,Battery level: 20.7%
327,UAV 10,Control Center,LOW_BATTERY,Battery level: 26.5%
328,UAV 1,Control Center,LOW_BATTERY,Battery level: 22.6%
328,UAV 2,Control Center,LOW_BATTERY,Battery level: 27.6%
328,UAV 5,Control Center,LOW_BATTERY,Battery level: 23.8%
328,UAV 6,Control Center,LOW_BATTERY,Battery level: 27.6%
328,UAV 7,Control Center,LOW_BATTERY,Battery level: 20.7%
328,UAV 10,Control Center,LOW_BATTERY,Battery level: 26.5%
329,UAV 1,Control Center,LOW_BATTERY,Battery level: 22.6%
329,UAV 2,Control Center,LOW_BATTERY,Battery level: 27.6%
329,UAV 5,Control Center,LOW_BATTERY,Battery level: 23.8%
329,UAV 6,Control Center,LOW_BATTERY,Battery level: 27.6%
329,UAV 7,Control Center,LOW_BATTERY,Battery level: 20.7%
329,UAV 10,Control Center,LOW_BATTERY,Battery level: 26.5%
330,UAV 1,Control Center,LOW_BATTERY,Battery level: 22.6%
330,UAV 2,Control Center,LOW_BATTERY,Battery level: 27.6%
330,UAV 5,Control Center,LOW_BATTERY,Battery level: 23.8%
330,UAV 6,Control Center,LOW_BATTERY,Battery level: 27.6%
330,UAV 7,Control Center,LOW_BATTERY,Battery level: 20.7%
330,UAV 10,Control Center,LOW_BATTERY,Battery level: 26.5%
331,UAV 1,Control Center,LOW_BATTERY,Battery level: 22.6%
331,UAV 2,Control Center,LOW_BATTERY,Battery level: 27.6%
331,UAV 5,Control Center,LOW_BATTERY,Battery level: 23.8%
331,UAV 6,Control Center,LOW_BATTERY,Battery level: 27.6%
331,UAV 7,Control Center,LOW_BATTERY,Battery level: 20.7%
331,UAV 10,Control Center,LOW_BATTERY,Battery level: 26.5%
332,UAV 1,Control Center,LOW_BATTERY,Battery level: 22.6%
332,UAV 2,Control Center,LOW_BATTERY,Battery level: 27.6%
332,UAV 5,Control Center,LOW_BATTERY,Battery level: 23.8%
332,UAV 6,Control Center,LOW_BATTERY,Battery level: 27.6%
332,UAV 7,Control Center,LOW_BATTERY,Battery level: 20.7%
332,UAV 10,Control Center,LOW_BATTERY,Battery level: 26.5%
333,UAV 1,Control Center,LOW_BATTERY,Battery level: 22.6%
333,UAV 2,Control Center,LOW_BATTERY,Battery level: 27.6%
333,UAV 5,Control Center,LOW_BATTERY,Battery level: 23.8%
333,UAV 6,Control Center,LOW_BATTERY,Battery level: 27.6%
333,UAV 7,Control Center,LOW_BATTERY,Battery level: 20.7%
333,UAV 10,Control Center,LOW_BATTERY,Battery level: 26.5%
334,UAV 1,Control Center,LOW_BATTERY,Battery level: 22.6%
334,UAV 2,Control Center,LOW_BATTERY,Battery level: 27.6%
334,UAV 5,Control Center,LOW_BATTERY,Battery level: 23.8%
334,UAV 6,Control Center,LOW_BATTERY,Battery level: 27.6%
334,UAV 7,Control Center,LOW_BATTERY,Battery level: 20.7%
334,UAV 10,Control Center,LOW_BATTERY,Battery level: 26.5%
335,UAV 1,Control Center,LOW_BATTERY,Battery level: 22.6%
335,UAV 2,Control Center,LOW_BATTERY,Battery level: 27.6%
335,UAV 5,Control Center,LOW_BATTERY,Battery level: 23.8%
335,UAV 6,Control Center,LOW_BATTERY,Battery level: 27.6%
335,UAV 7,Control Center,LOW_BATTERY,Battery level: 20.7%
335,UAV 10,Control Center,LOW_BATTERY,Battery level: 26.5%
336,UAV 1,Control Center,LOW_BATTERY,Battery level: 22.6%
336,UAV 2,Control Center,LOW_BATTERY,Battery level: 27.6%
336,UAV 5,Control Center,LOW_BATTERY,Battery level: 23.8%
336,UAV 6,Control Center,LOW_BATTERY,Battery level: 27.6%
336,UAV 7,Control Center,LOW_BATTERY,Battery level: 20.7%
336,UAV 10,Control Center,LOW_BATTERY,Battery level: 26.5%
337,UAV 1,Control Center,LOW_BATTERY,Battery level: 22.6%
337,UAV 2,Control Center,LOW_BATTERY,Battery level: 27.6%
337,UAV 5,Control Center,LOW_BATTERY,Battery level: 23.8%
337,UAV 6,Control Center,LOW_BATTERY,Battery level: 27.6%
337,UAV 7,Control Center,LOW_BATTERY,Battery level: 20.7%
337,UAV 10,Control Center,LOW_BATTERY,Battery level: 26.5%
338,UAV 1,Control Center,LOW_BATTERY,Battery level: 22.6%
338,UAV 2,Control Center,LOW_BATTERY,Battery level: 27.6%
338,UAV 5,Control Center,LOW_BATTERY,Battery level: 23.8%
338,UAV 6,Control Center,LOW_BATTERY,Battery level: 27.6%
338,UAV 7,Control Center,LOW_BATTERY,Battery level: 20.7%
338,UAV 10,Control Center,LOW_BATTERY,Battery level: 26.5%
339,UAV 1,Control Center,LOW_BATTERY,Battery level: 22.6%
339,UAV 2,Control Center,LOW_BATTERY,Battery level: 27.6%
339,UAV 5,Control Center,LOW_BATTERY,Battery level: 23.8%
339,UAV 6,Control Center,LOW_BATTERY,Battery level: 27.6%
339,UAV 7,Control Center,LOW_BATTERY,Battery level: 20.7%
339,UAV 10,Control Center,LOW_BATTERY,Battery level: 26.5%
340,UAV 1,Control Center,LOW_BATTERY,Battery level: 22.6%
340,UAV 2,Control Center,LOW_BATTERY,Battery level: 27.6%
340,UAV 5,Control Center,LOW_BATTERY,Battery level: 23.8%
340,UAV 6,Control Center,LOW_BATTERY,Battery level: 27.6%
340,UAV 7,Control Center,LOW_BATTERY,Battery level: 20.7%
340,UAV 10,Control Center,LOW_BATTERY,Battery level: 26.5%
341,UAV 1,Control Center,LOW_BATTERY,Battery level: 22.6%
341,UAV 2,Control Center,LOW_BATTERY,Battery level: 27.6%
341,UAV 5,Control Center,LOW_BATTERY,Battery level: 23.8%
341,UAV 6,Control Center,LOW_BATTERY,Battery level: 27.6%
341,UAV 7,Control Center,LOW_BATTERY,Battery level: 20.7%
341,UAV 10,Control Center,LOW_BATTERY,Battery level: 26.5%
342,UAV 1,Control Center,LOW_BATTERY,Battery level: 22.6%
342,UAV 2,Control Center,LOW_BATTERY,Battery level: 27.6%
342,UAV 5,Control Center,LOW_BATTERY,Battery level: 23.8%
342,UAV 6,Control Center,LOW_BATTERY,Battery level: 27.6%
342,UAV 7,Control Center,LOW_BATTERY,Battery level: 20.7%
342,UAV 10,Control Center,LOW_BATTERY,Battery level: 26.5%
343,UAV 1,Control Center,LOW_BATTERY,Battery level: 22.6%
343,UAV 2,Control Center,LOW_BATTERY,Battery level: 27.6%
343,UAV 5,Control Center,LOW_BATTERY,Battery level: 23.8%
343,UAV 6,Control Center,LOW_BATTERY,Battery level: 27.6%
343,UAV 7,Control Center,LOW_BATTERY,Battery level: 20.7%
343,UAV 10,Control Center,LOW_BATTERY,Battery level: 26.5%
344,UAV 1,Control Center,LOW_BATTERY,Battery level: 22.6%
344,UAV 2,Control Center,LOW_BATTERY,Battery level: 27.6%
344,UAV 5,Control Center,LOW_BATTERY,Battery level: 23.8%
344,UAV 6,Control Center,LOW_BATTERY,Battery level: 27.6%
344,UAV 7,Control Center,LOW_BATTERY,Battery level: 20.7%
344,UAV 10,Control Center,LOW_BATTERY,Battery level: 26.5%
345,UAV 1,Control Center,LOW_BATTERY,Battery level: 22.6%
345,UAV 2,Control Center,LOW_BATTERY,Battery level: 27.6%
345,UAV 5,Control Center,LOW_BATTERY,Battery level: 23.8%
345,UAV 6,Control Center,LOW_BATTERY,Battery level: 27.6%
345,UAV 7,Control Center,LOW_BATTERY,Battery level: 20.7%
345,UAV 10,Control Center,LOW_BATTERY,Battery level: 26.5%
346,UAV 1,Control Center,LOW_BATTERY,Battery level: 22.6%
346,UAV 2,Control Center,LOW_BATTERY,Battery level: 27.6%
346,UAV 5,Control Center,LOW_BATTERY,Battery level: 23.8%
346,UAV 6,Control Center,LOW_BATTERY,Battery level: 27.6%
346,UAV 7,Control Center,LOW_BATTERY,Battery level: 20.7%
346,UAV 10,Control Center,LOW_BATTERY,Battery level: 26.5%
347,UAV 1,Control Center,LOW_BATTERY,Battery level: 22.6%
347,UAV 2,Control Center,LOW_BATTERY,Battery level: 27.6%
347,UAV 5,Control Center,LOW_BATTERY,Battery level: 23.8%
347,UAV 6,Control Center,LOW_BATTERY,Battery level: 27.6%
347,UAV 7,Control Center,LOW_BATTERY,Battery level: 20.7%
347,UAV 10,Control Center,LOW_BATTERY,Battery level: 26.5%
348,UAV 1,Control Center,LOW_BATTERY,Battery level: 22.6%
348,UAV 2,Control Center,LOW_BATTERY,Battery level: 27.6%
348,UAV 5,Control Center,LOW_BATTERY,Battery level: 23.8%
348,UAV 6,Control Center,LOW_BATTERY,Battery level: 27.6%
348,UAV 7,Control Center,LOW_BATTERY,Battery level: 20.7%
348,UAV 10,Control Center,LOW_BATTERY,Battery level: 26.5%
349,UAV 1,Control Center,LOW_BATTERY,Battery level: 22.6%
349,UAV 2,Control Center,LOW_BATTERY,Battery level: 27.6%
349,UAV 5,Control Center,LOW_BATTERY,Battery level: 23.8%
349,UAV 6,Control Center,LOW_BATTERY,Battery level: 27.6%
349,UAV 7,Control Center,LOW_BATTERY,Battery level: 20.7%
349,UAV 10,Control Center,LOW_BATTERY,Battery level: 26.5%
350,UAV 1,Control Center,LOW_BATTERY,Battery level: 22.6%
350,UAV 2,Control Center,LOW_BATTERY,Battery level: 27.6%
350,UAV 5,Control Center,LOW_BATTERY,Battery level: 23.8%
350,UAV 6,Control Center,LOW_BATTERY,Battery level: 27.6%
350,UAV 7,Control Center,LOW_BATTERY,Battery level: 20.7%
350,UAV 10,Control Center,LOW_BATTERY,Battery level: 26.5%
351,UAV 1,Control Center,LOW_BATTERY,Battery level: 22.6%
351,UAV 2,Control Center,LOW_BATTERY,Battery level: 27.6%
351,UAV 5,Control Center,LOW_BATTERY,Battery level: 23.8%
351,UAV 6,Control Center,LOW_BATTERY,Battery level: 27.6%
351,UAV 7,Control Center,LOW_BATTERY,Battery level: 20.7%
351,UAV 10,Control Center,LOW_BATTERY,Battery level: 26.5%
352,UAV 1,Control Center,LOW_BATTERY,Battery level: 22.6%
352,UAV 2,Control Center,LOW_BATTERY,Battery level: 27.6%
352,UAV 5,Control Center,LOW_BATTERY,Battery level: 23.8%
352,UAV 6,Control Center,LOW_BATTERY,Battery level: 27.6%
352,UAV 7,Control Center,LOW_BATTERY,Battery level: 20.7%
352,UAV 10,Control Center,LOW_BATTERY,Battery level: 26.5%
353,UAV 1,Control Center,LOW_BATTERY,Battery level: 22.6%
353,UAV 2,Control Center,LOW_BATTERY,Battery level: 27.6%
353,UAV 5,Control Center,LOW_BATTERY,Battery level: 23.8%
353,UAV 6,Control Center,LOW_BATTERY,Battery level: 27.6%
353,UAV 7,Control Center,LOW_BATTERY,Battery level: 20.7%
353,UAV 10,Control Center,LOW_BATTERY,Battery level: 26.5%
354,UAV 1,Control Center,LOW_BATTERY,Battery level: 22.6%
354,UAV 2,Control Center,LOW_BATTERY,Battery level: 27.6%
354,UAV 5,Control Center,LOW_BATTERY,Battery level: 23.8%
354,UAV 6,Control Center,LOW_BATTERY,Battery level: 27.6%
354,UAV 7,Control Center,LOW_BATTERY,Battery level: 20.7%
354,UAV 10,Control Center,LOW_BATTERY,Battery level: 26.5%
355,UAV 1,Control Center,LOW_BATTERY,Battery level: 22.6%
355,UAV 2,Control Center,LOW_BATTERY,Battery level: 27.6%
355,UAV 5,Control Center,LOW_BATTERY,Battery level: 23.8%
355,UAV 6,Control Center,LOW_BATTERY,Battery level: 27.6%
355,UAV 7,Control Center,LOW_BATTERY,Battery level: 20.7%
355,UAV 10,Control Center,LOW_BATTERY,Battery level: 26.5%
356,UAV 1,Control Center,LOW_BATTERY,Battery level: 22.6%
356,UAV 2,Control Center,LOW_BATTERY,Battery level: 27.6%
356,UAV 5,Control Center,LOW_BATTERY,Battery level: 23.8%
356,UAV 6,Control Center,LOW_BATTERY,Battery level: 27.6%
356,UAV 7,Control Center,LOW_BATTERY,Battery level: 20.7%
356,UAV 10,Control Center,LOW_BATTERY,Battery level: 26.5%
357,UAV 1,Control Center,LOW_BATTERY,Battery level: 22.6%
357,UAV 2,Control Center,LOW_BATTERY,Battery level: 27.6%
357,UAV 5,Control Center,LOW_BATTERY,Battery level: 23.8%
357,UAV 6,Control Center,LOW_BATTERY,Battery level: 27.6%
357,UAV 7,Control Center,LOW_BATTERY,Battery level: 20.7%
357,UAV 10,Control Center,LOW_BATTERY,Battery level: 26.5%
358,UAV 1,Control Center,LOW_BATTERY,Battery level: 22.6%
358,UAV 2,Control Center,LOW_BATTERY,Battery level: 27.6%
358,UAV 5,Control Center,LOW_BATTERY,Battery level: 23.8%
358,UAV 6,Control Center,LOW_BATTERY,Battery level: 27.6%
358,UAV 7,Control Center,LOW_BATTERY,Battery level: 20.7%
358,UAV 10,Control Center,LOW_BATTERY,Battery level: 26.5%
359,UAV 1,Control Center,LOW_BATTERY,Battery level: 22.6%
359,UAV 2,Control Center,LOW_BATTERY,Battery level: 27.6%
359,UAV 5,Control Center,LOW_BATTERY,Battery level: 23.8%
359,UAV 6,Control Center,LOW_BATTERY,Battery level: 27.6%
359,UAV 7,Control Center,LOW_BATTERY,Battery level: 20.7%
359,UAV 10,Control Center,LOW_BATTERY,Battery level: 26.5%
360,UAV 1,Control Center,LOW_BATTERY,Battery level: 22.6%
360,UAV 2,Control Center,LOW_BATTERY,Battery level: 27.6%
360,UAV 5,Control Center,LOW_BATTERY,Battery level: 23.8%
360,UAV 6,Control Center,LOW_BATTERY,Battery level: 27.6%
360,UAV 7,Control Center,LOW_BATTERY,Battery level: 20.7%
360,UAV 10,Control Center,LOW_BATTERY,Battery level: 26.5%
361,UAV 1,Control Center,LOW_BATTERY,Battery level: 22.6%
361,UAV 2,Control Center,LOW_BATTERY,Battery level: 27.6%
361,UAV 5,Control Center,LOW_BATTERY,Battery level: 23.8%
361,UAV 6,Control Center,LOW_BATTERY,Battery level: 27.6%
361,UAV 7,Control Center,LOW_BATTERY,Battery level: 20.7%
361,UAV 10,Control Center,LOW_BATTERY,Battery level: 26.5%
362,UAV 1,Control Center,LOW_BATTERY,Battery level: 22.6%
362,UAV 2,Control Center,LOW_BATTERY,Battery level: 27.6%
362,UAV 5,Control Center,LOW_BATTERY,Battery level: 23.8%
362,UAV 6,Control Center,LOW_BATTERY,Battery level: 27.6%
362,UAV 7,Control Center,LOW_BATTERY,Battery level: 20.7%
362,UAV 10,Control Center,LOW_BATTERY,Battery level: 26.5%
363,UAV 1,Control Center,LOW_BATTERY,Battery level: 22.6%
363,UAV 2,Control Center,LOW_BATTERY,Battery level: 27.6%
363,UAV 5,Control Center,LOW_BATTERY,Battery level: 23.8%
363,UAV 6,Control Center,LOW_BATTERY,Battery level: 27.6%
363,UAV 7,Control Center,LOW_BATTERY,Battery level: 20.7%
363,UAV 10,Control Center,LOW_BATTERY,Battery level: 26.5%
364,UAV 1,Control Center,LOW_BATTERY,Battery level: 22.6%
364,UAV 2,Control Center,LOW_BATTERY,Battery level: 27.6%
364,UAV 5,Control Center,LOW_BATTERY,Battery level: 23.8%
364,UAV 6,Control Center,LOW_BATTERY,Battery level: 27.6%
364,UAV 7,Control Center,LOW_BATTERY,Battery level: 20.7%
364,UAV 10,Control Center,LOW_BATTERY,Battery level: 26.5%
365,UAV 1,Control Center,LOW_BATTERY,Battery level: 22.6%
365,UAV 2,Control Center,LOW_BATTERY,Battery level: 27.6%
365,UAV 5,Control Center,LOW_BATTERY,Battery level: 23.8%
365,UAV 6,Control Center,LOW_BATTERY,Battery level: 27.6%
365,UAV 7,Control Center,LOW_BATTERY,Battery level: 20.7%
365,UAV 10,Control Center,LOW_BATTERY,Battery level: 26.5%
366,UAV 1,Control Center,LOW_BATTERY,Battery level: 22.6%
366,UAV 2,Control Center,LOW_BATTERY,Battery level: 27.6%
366,UAV 5,Control Center,LOW_BATTERY,Battery level: 23.8%
366,UAV 6,Control Center,LOW_BATTERY,Battery level: 27.6%
366,UAV 7,Control Center,LOW_BATTERY,Battery level: 20.7%
366,UAV 10,Control Center,LOW_BATTERY,Battery level: 26.5%
367,UAV 1,Control Center,LOW_BATTERY,Battery level: 22.6%
367,UAV 2,Control Center,LOW_BATTERY,Battery level: 27.6%
367,UAV 5,Control Center,LOW_BATTERY,Battery level: 23.8%
367,UAV 6,Control Center,LOW_BATTERY,Battery level: 27.6%
367,UAV 7,Control Center,LOW_BATTERY,Battery level: 20.7%
367,UAV 10,Control Center,LOW_BATTERY,Battery level: 26.5%
368,UAV 1,Control Center,LOW_BATTERY,Battery level: 22.6%
368,UAV 2,Control Center,LOW_BATTERY,Battery level: 27.6%
368,UAV 5,Control Center,LOW_BATTERY,Battery level: 23.8%
368,UAV 6,Control Center,LOW_BATTERY,Battery level: 27.6%
368,UAV 7,Control Center,LOW_BATTERY,Battery level: 20.7%
368,UAV 10,Control Center,LOW_BATTERY,Battery level: 26.5%
369,UAV 1,Control Center,LOW_BATTERY,Battery level: 22.6%
369,UAV 2,Control Center,LOW_BATTERY,Battery level: 27.6%
369,UAV 5,Control Center,LOW_BATTERY,Battery level: 23.8%
369,UAV 6,Control Center,LOW_BATTERY,Battery level: 27.6%
369,UAV 7,Control Center,LOW_BATTERY,Battery level: 20.7%
369,UAV 10,Control Center,LOW_BATTERY,Battery level: 26.5%
370,UAV 1,Control Center,LOW_BATTERY,Battery level: 22.6%
370,UAV 2,Control Center,LOW_BATTERY,Battery level: 27.6%
370,UAV 5,Control Center,LOW_BATTERY,Battery level: 23.8%
370,UAV 6,Control Center,LOW_BATTERY,Battery level: 27.6%
370,UAV 7,Control Center,LOW_BATTERY,Battery level: 20.7%
370,UAV 10,Control Center,LOW_BATTERY,Battery level: 26.5%
371,UAV 1,Control Center,LOW_BATTERY,Battery level: 22.6%
371,UAV 2,Control Center,LOW_BATTERY,Battery level: 27.6%
371,UAV 5,Control Center,LOW_BATTERY,Battery level: 23.8%
371,UAV 6,Control Center,LOW_BATTERY,Battery level: 27.6%
371,UAV 7,Control Center,LOW_BATTERY,Battery level: 20.7%
371,UAV 10,Control Center,LOW_BATTERY,Battery level: 26.5%
372,UAV 1,Control Center,LOW_BATTERY,Battery level: 22.6%
372,UAV 2,Control Center,LOW_BATTERY,Battery level: 27.6%
372,UAV 5,Control Center,LOW_BATTERY,Battery level: 23.8%
372,UAV 6,Control Center,LOW_BATTERY,Battery level: 27.6%
372,UAV 7,Control Center,LOW_BATTERY,Battery level: 20.7%
372,UAV 10,Control Center,LOW_BATTERY,Battery level: 26.5%
373,UAV 1,Control Center,LOW_BATTERY,Battery level: 22.6%
373,UAV 2,Control Center,LOW_BATTERY,Battery level: 27.6%
373,UAV 5,Control Center,LOW_BATTERY,Battery level: 23.8%
373,UAV 6,Control Center,LOW_BATTERY,Battery level: 27.6%
373,UAV 7,Control Center,LOW_BATTERY,Battery level: 20.7%
373,UAV 10,Control Center,LOW_BATTERY,Battery level: 26.5%
374,UAV 1,Control Center,LOW_BATTERY,Battery level: 22.6%
374,UAV 2,Control Center,LOW_BATTERY,Battery level: 27.6%
374,UAV 5,Control Center,LOW_BATTERY,Battery level: 23.8%
374,UAV 6,Control Center,LOW_BATTERY,Battery level: 27.6%
374,UAV 7,Control Center,LOW_BATTERY,Battery level: 20.7%
374,UAV 10,Control Center,LOW_BATTERY,Battery level: 26.5%
375,UAV 1,Control Center,LOW_BATTERY,Battery level: 22.6%
375,UAV 2,Control Center,LOW_BATTERY,Battery level: 27.6%
375,UAV 5,Control Center,LOW_BATTERY,Battery level: 23.8%
375,UAV 6,Control Center,LOW_BATTERY,Battery level: 27.6%
375,UAV 7,Control Center,LOW_BATTERY,Battery level: 20.7%
375,UAV 10,Control Center,LOW_BATTERY,Battery level: 26.5%
376,UAV 1,Control Center,LOW_BATTERY,Battery level: 22.6%
376,UAV 2,Control Center,LOW_BATTERY,Battery level: 27.6%
376,UAV 5,Control Center,LOW_BATTERY,Battery level: 23.8%
376,UAV 6,Control Center,LOW_BATTERY,Battery level: 27.6%
376,UAV 7,Control Center,LOW_BATTERY,Battery level: 20.7%
376,UAV 10,Control Center,LOW_BATTERY,Battery level: 26.5%
377,UAV 1,Control Center,LOW_BATTERY,Battery level: 22.6%
377,UAV 2,Control Center,LOW_BATTERY,Battery level: 27.6%
377,UAV 5,Control Center,LOW_BATTERY,Battery level: 23.8%
377,UAV 6,Control Center,LOW_BATTERY,Battery level: 27.6%
377,UAV 7,Control Center,LOW_BATTERY,Battery level: 20.7%
377,UAV 10,Control Center,LOW_BATTERY,Battery level: 26.5%
378,UAV 1,Control Center,LOW_BATTERY,Battery level: 22.6%
378,UAV 2,Control Center,LOW_BATTERY,Battery level: 27.6%
378,UAV 5,Control Center,LOW_BATTERY,Battery level: 23.8%
378,UAV 6,Control Center,LOW_BATTERY,Battery level: 27.6%
378,UAV 7,Control Center,LOW_BATTERY,Battery level: 20.7%
378,UAV 10,Control Center,LOW_BATTERY,Battery level: 26.5%
379,UAV 1,Control Center,LOW_BATTERY,Battery level: 22.6%
379,UAV 2,Control Center,LOW_BATTERY,Battery level: 27.6%
379,UAV 5,Control Center,LOW_BATTERY,Battery level: 23.8%
379,UAV 6,Control Center,LOW_BATTERY,Battery level: 27.6%
379,UAV 7,Control Center,LOW_BATTERY,Battery level: 20.7%
379,UAV 10,Control Center,LOW_BATTERY,Battery level: 26.5%
380,UAV 1,Control Center,LOW_BATTERY,Battery level: 22.6%
380,UAV 2,Control Center,LOW_BATTERY,Battery level: 27.6%
380,UAV 5,Control Center,LOW_BATTERY,Battery level: 23.8%
380,UAV 6,Control Center,LOW_BATTERY,Battery level: 27.6%
380,UAV 7,Control Center,LOW_BATTERY,Battery level: 20.7%
380,UAV 10,Control Center,LOW_BATTERY,Battery level: 26.5%
381,UAV 1,Control Center,LOW_BATTERY,Battery level: 22.6%
381,UAV 2,Control Center,LOW_BATTERY,Battery level: 27.6%
381,UAV 5,Control Center,LOW_BATTERY,Battery level: 23.8%
381,UAV 6,Control Center,LOW_BATTERY,Battery level: 27.6%
381,UAV 7,Control Center,LOW_BATTERY,Battery level: 20.7%
381,UAV 10,Control Center,LOW_BATTERY,Battery level: 26.5%
382,UAV 1,Control Center,LOW_BATTERY,Battery level: 22.6%
382,UAV 2,Control Center,LOW_BATTERY,Battery level: 27.6%
382,UAV 5,Control Center,LOW_BATTERY,Battery level: 23.8%
382,UAV 6,Control Center,LOW_BATTERY,Battery level: 27.6%
382,UAV 7,Control Center,LOW_BATTERY,Battery level: 20.7%
382,UAV 10,Control Center,LOW_BATTERY,Battery level: 26.5%
383,UAV 1,Control Center,LOW_BATTERY,Battery level: 22.6%
383,UAV 2,Control Center,LOW_BATTERY,Battery level: 27.6%
383,UAV 5,Control Center,LOW_BATTERY,Battery level: 23.8%
383,UAV 6,Control Center,LOW_BATTERY,Battery level: 27.6%
383,UAV 7,Control Center,LOW_BATTERY,Battery level: 20.7%
383,UAV 10,Control Center,LOW_BATTERY,Battery level: 26.5%
384,UAV 1,Control Center,LOW_BATTERY,Battery level: 22.6%
384,UAV 2,Control Center,LOW_BATTERY,Battery level: 27.6%
384,UAV 5,Control Center,LOW_BATTERY,Battery level: 23.8%
384,UAV 6,Control Center,LOW_BATTERY,Battery level: 27.6%
384,UAV 7,Control Center,LOW_BATTERY,Battery level: 20.7%
384,UAV 10,Control Center,LOW_BATTERY,Battery level: 26.5%
385,UAV 1,Control Center,LOW_BATTERY,Battery level: 22.6%
385,UAV 2,Control Center,LOW_BATTERY,Battery level: 27.6%
385,UAV 5,Control Center,LOW_BATTERY,Battery level: 23.8%
385,UAV 6,Control Center,LOW_BATTERY,Battery level: 27.6%
385,UAV 7,Control Center,LOW_BATTERY,Battery level: 20.7%
385,UAV 10,Control Center,LOW_BATTERY,Battery level: 26.5%
386,UAV 1,Control Center,LOW_BATTERY,Battery level: 22.6%
386,UAV 2,Control Center,LOW_BATTERY,Battery level: 27.6%
386,UAV 5,Control Center,LOW_BATTERY,Battery level: 23.8%
386,UAV 6,Control Center,LOW_BATTERY,Battery level: 27.6%
386,UAV 7,Control Center,LOW_BATTERY,Battery level: 20.7%
386,UAV 10,Control Center,LOW_BATTERY,Battery level: 26.5%
387,UAV 1,Control Center,LOW_BATTERY,Battery level: 22.6%
387,UAV 2,Control Center,LOW_BATTERY,Battery level: 27.6%
387,UAV 5,Control Center,LOW_BATTERY,Battery level: 23.8%
387,UAV 6,Control Center,LOW_BATTERY,Battery level: 27.6%
387,UAV 7,Control Center,LOW_BATTERY,Battery level: 20.7%
387,UAV 10,Control Center,LOW_BATTERY,Battery level: 26.5%
388,UAV 1,Control Center,LOW_BATTERY,Battery level: 22.6%
388,UAV 2,Control Center,LOW_BATTERY,Battery level: 27.6%
388,UAV 5,Control Center,LOW_BATTERY,Battery level: 23.8%
388,UAV 6,Control Center,LOW_BATTERY,Battery level: 27.6%
388,UAV 7,Control Center,LOW_BATTERY,Battery level: 20.7%
388,UAV 10,Control Center,LOW_BATTERY,Battery level: 26.5%
389,UAV 1,Control Center,LOW_BATTERY,Battery level: 22.6%
389,UAV 2,Control Center,LOW_BATTERY,Battery level: 27.6%
389,UAV 5,Control Center,LOW_BATTERY,Battery level: 23.8%
389,UAV 6,Control Center,LOW_BATTERY,Battery level: 27.6%
389,UAV 7,Control Center,LOW_BATTERY,Battery level: 20.7%
389,UAV 10,Control Center,LOW_BATTERY,Battery level: 26.5%
390,UAV 1,Control Center,LOW_BATTERY,Battery level: 22.6%
390,UAV 2,Control Center,LOW_BATTERY,Battery level: 27.6%
390,UAV 5,Control Center,LOW_BATTERY,Battery level: 23.8%
390,UAV 6,Control Center,LOW_BATTERY,Battery level: 27.6%
390,UAV 7,Control Center,LOW_BATTERY,Battery level: 20.7%
390,UAV 10,Control Center,LOW_BATTERY,Battery level: 26.5%
391,UAV 1,Control Center,LOW_BATTERY,Battery level: 22.6%
391,UAV 2,Control Center,LOW_BATTERY,Battery level: 27.6%
391,UAV 5,Control Center,LOW_BATTERY,Battery level: 23.8%
391,UAV 6,Control Center,LOW_BATTERY,Battery level: 27.6%
391,UAV 7,Control Center,LOW_BATTERY,Battery level: 20.7%
391,UAV 10,Control Center,LOW_BATTERY,Battery level: 26.5%
392,UAV 1,Control Center,LOW_BATTERY,Battery level: 22.6%
392,UAV 2,Control Center,LOW_BATTERY,Battery level: 27.6%
392,UAV 5,Control Center,LOW_BATTERY,Battery level: 23.8%
392,UAV 6,Control Center,LOW_BATTERY,Battery level: 27.6%
392,UAV 7,Control Center,LOW_BATTERY,Battery level: 20.7%
392,UAV 10,Control Center,LOW_BATTERY,Battery level: 26.5%
393,UAV 1,Control Center,LOW_BATTERY,Battery level: 22.6%
393,UAV 2,Control Center,LOW_BATTERY,Battery level: 27.6%
393,UAV 5,Control Center,LOW_BATTERY,Battery level: 23.8%
393,UAV 6,Control Center,LOW_BATTERY,Battery level: 27.6%
393,UAV 7,Control Center,LOW_BATTERY,Battery level: 20.7%
393,UAV 10,Control Center,LOW_BATTERY,Battery level: 26.5%
394,UAV 1,Control Center,LOW_BATTERY,Battery level: 22.6%
394,UAV 2,Control Center,LOW_BATTERY,Battery level: 27.6%
394,UAV 5,Control Center,LOW_BATTERY,Battery level: 23.8%
394,UAV 6,Control Center,LOW_BATTERY,Battery level: 27.6%
394,UAV 7,Control Center,LOW_BATTERY,Battery level: 20.7%
394,UAV 10,Control Center,LOW_BATTERY,Battery level: 26.5%
395,UAV 1,Control Center,LOW_BATTERY,Battery level: 22.6%
395,UAV 2,Control Center,LOW_BATTERY,Battery level: 27.6%
395,UAV 5,Control Center,LOW_BATTERY,Battery level: 23.8%
395,UAV 6,Control Center,LOW_BATTERY,Battery level: 27.6%
395,UAV 7,Control Center,LOW_BATTERY,Battery level: 20.7%
395,UAV 10,Control Center,LOW_BATTERY,Battery level: 26.5%
396,UAV 1,Control Center,LOW_BATTERY,Battery level: 22.6%
396,UAV 2,Control Center,LOW_BATTERY,Battery level: 27.6%
396,UAV 5,Control Center,LOW_BATTERY,Battery level: 23.8%
396,UAV 6,Control Center,LOW_BATTERY,Battery level: 27.6%
396,UAV 7,Control Center,LOW_BATTERY,Battery level: 20.7%
396,UAV 10,Control Center,LOW_BATTERY,Battery level: 26.5%
397,UAV 1,Control Center,LOW_BATTERY,Battery level: 22.6%
397,UAV 2,Control Center,LOW_BATTERY,Battery level: 27.6%
397,UAV 5,Control Center,LOW_BATTERY,Battery level: 23.8%
397,UAV 6,Control Center,LOW_BATTERY,Battery level: 27.6%
397,UAV 7,Control Center,LOW_BATTERY,Battery level: 20.7%
397,UAV 10,Control Center,LOW_BATTERY,Battery level: 26.5%
398,UAV 1,Control Center,LOW_BATTERY,Battery level: 22.6%
398,UAV 2,Control Center,LOW_BATTERY,Battery level: 27.6%
398,UAV 5,Control Center,LOW_BATTERY,Battery level: 23.8%
398,UAV 6,Control Center,LOW_BATTERY,Battery level: 27.6%
398,UAV 7,Control Center,LOW_BATTERY,Battery level: 20.7%
398,UAV 10,Control Center,LOW_BATTERY,Battery level: 26.5%
399,UAV 1,Control Center,LOW_BATTERY,Battery level: 22.6%
399,UAV 2,Control Center,LOW_BATTERY,Battery level: 27.6%
399,UAV 5,Control Center,LOW_BATTERY,Battery level: 23.8%
399,UAV 6,Control Center,LOW_BATTERY,Battery level: 27.6%
399,UAV 7,Control Center,LOW_BATTERY,Battery level: 20.7%
399,UAV 10,Control Center,LOW_BATTERY,Battery level: 26.5%
400,UAV 1,Control Center,LOW_BATTERY,Battery level: 22.6%
400,UAV 2,Control Center,LOW_BATTERY,Battery level: 27.6%
400,UAV 5,Control Center,LOW_BATTERY,Battery level: 23.8%
400,UAV 6,Control Center,LOW_BATTERY,Battery level: 27.6%
400,UAV 7,Control Center,LOW_BATTERY,Battery level: 20.7%
400,UAV 10,Control Center,LOW_BATTERY,Battery level: 26.5%
401,UAV 1,Control Center,LOW_BATTERY,Battery level: 22.6%
401,UAV 2,Control Center,LOW_BATTERY,Battery level: 27.6%
401,UAV 5,Control Center,LOW_BATTERY,Battery level: 23.8%
401,UAV 6,Control Center,LOW_BATTERY,Battery level: 27.6%
401,UAV 7,Control Center,LOW_BATTERY,Battery level: 20.7%
401,UAV 10,Control Center,LOW_BATTERY,Battery level: 26.5%
402,UAV 1,Control Center,LOW_BATTERY,Battery level: 22.6%
402,UAV 2,Control Center,LOW_BATTERY,Battery level: 27.6%
402,UAV 5,Control Center,LOW_BATTERY,Battery level: 23.8%
402,UAV 6,Control Center,LOW_BATTERY,Battery level: 27.6%
402,UAV 7,Control Center,LOW_BATTERY,Battery level: 20.7%
402,UAV 10,Control Center,LOW_BATTERY,Battery level: 26.5%
403,UAV 1,Control Center,LOW_BATTERY,Battery level: 22.6%
403,UAV 2,Control Center,LOW_BATTERY,Battery level: 27.6%
403,UAV 5,Control Center,LOW_BATTERY,Battery level: 23.8%
403,UAV 6,Control Center,LOW_BATTERY,Battery level: 27.6%
403,UAV 7,Control Center,LOW_BATTERY,Battery level: 20.7%
403,UAV 10,Control Center,LOW_BATTERY,Battery level: 26.5%
404,UAV 1,Control Center,LOW_BATTERY,Battery level: 22.6%
404,UAV 2,Control Center,LOW_BATTERY,Battery level: 27.6%
404,UAV 5,Control Center,LOW_BATTERY,Battery level: 23.8%
404,UAV 6,Control Center,LOW_BATTERY,Battery level: 27.6%
404,UAV 7,Control Center,LOW_BATTERY,Battery level: 20.7%
404,UAV 10,Control Center,LOW_BATTERY,Battery level: 26.5%
405,UAV 1,Control Center,LOW_BATTERY,Battery level: 22.6%
405,UAV 2,Control Center,LOW_BATTERY,Battery level: 27.6%
405,UAV 5,Control Center,LOW_BATTERY,Battery level: 23.8%
405,UAV 6,Control Center,LOW_BATTERY,Battery level: 27.6%
405,UAV 7,Control Center,LOW_BATTERY,Battery level: 20.7%
405,UAV 10,Control Center,LOW_BATTERY,Battery level: 26.5%
406,UAV 1,Control Center,LOW_BATTERY,Battery level: 22.6%
406,UAV 2,Control Center,LOW_BATTERY,Battery level: 27.6%
406,UAV 5,Control Center,LOW_BATTERY,Battery level: 23.8%
406,UAV 6,Control Center,LOW_BATTERY,Battery level: 27.6%
406,UAV 7,Control Center,LOW_BATTERY,Battery level: 20.7%
406,UAV 10,Control Center,LOW_BATTERY,Battery level: 26.5%
407,UAV 1,Control Center,LOW_BATTERY,Battery level: 22.6%
407,UAV 2,Control Center,LOW_BATTERY,Battery level: 27.6%
407,UAV 5,Control Center,LOW_BATTERY,Battery level: 23.8%
407,UAV 6,Control Center,LOW_BATTERY,Battery level: 27.6%
407,UAV 7,Control Center,LOW_BATTERY,Battery level: 20.7%
407,UAV 10,Control Center,LOW_BATTERY,Battery level: 26.5%
408,UAV 1,Control Center,LOW_BATTERY,Battery level: 22.6%
408,UAV 2,Control Center,LOW_BATTERY,Battery level: 27.6%
408,UAV 5,Control Center,LOW_BATTERY,Battery level: 23.8%
408,UAV 6,Control Center,LOW_BATTERY,Battery level: 27.6%
408,UAV 7,Control Center,LOW_BATTERY,Battery level: 20.7%
408,UAV 10,Control Center,LOW_BATTERY,Battery level: 26.5%
409,UAV 1,Control Center,LOW_BATTERY,Battery level: 22.6%
409,UAV 2,Control Center,LOW_BATTERY,Battery level: 27.6%
409,UAV 5,Control Center,LOW_BATTERY,Battery level: 23.8%
409,UAV 6,Control Center,LOW_BATTERY,Battery level: 27.6%
409,UAV 7,Control Center,LOW_BATTERY,Battery level: 20.7%
409,UAV 10,Control Center,LOW_BATTERY,Battery level: 26.5%
410,UAV 1,Control Center,LOW_BATTERY,Battery level: 22.6%
410,UAV 2,Control Center,LOW_BATTERY,Battery level: 27.6%
410,UAV 5,Control Center,LOW_BATTERY,Battery level: 23.8%
410,UAV 6,Control Center,LOW_BATTERY,Battery level: 27.6%
410,UAV 7,Control Center,LOW_BATTERY,Battery level: 20.7%
410,UAV 10,Control Center,LOW_BATTERY,Battery level: 26.5%
411,UAV 1,Control Center,LOW_BATTERY,Battery level: 22.6%
411,UAV 2,Control Center,LOW_BATTERY,Battery level: 27.6%
411,UAV 5,Control Center,LOW_BATTERY,Battery level: 23.8%
411,UAV 6,Control Center,LOW_BATTERY,Battery level: 27.6%
411,UAV 7,Control Center,LOW_BATTERY,Battery level: 20.7%
411,UAV 10,Control Center,LOW_BATTERY,Battery level: 26.5%
412,UAV 1,Control Center,LOW_BATTERY,Battery level: 22.6%
412,UAV 2,Control Center,LOW_BATTERY,Battery level: 27.6%
412,UAV 5,Control Center,LOW_BATTERY,Battery level: 23.8%
412,UAV 6,Control Center,LOW_BATTERY,Battery level: 27.6%
412,UAV 7,Control Center,LOW_BATTERY,Battery level: 20.7%
412,UAV 10,Control Center,LOW_BATTERY,Battery level: 26.5%
413,UAV 1,Control Center,LOW_BATTERY,Battery level: 22.6%
413,UAV 2,Control Center,LOW_BATTERY,Battery level: 27.6%
413,UAV 5,Control Center,LOW_BATTERY,Battery level: 23.8%
413,UAV 6,Control Center,LOW_BATTERY,Battery level: 27.6%
413,UAV 7,Control Center,LOW_BATTERY,Battery level: 20.7%
413,UAV 10,Control Center,LOW_BATTERY,Battery level: 26.5%
414,UAV 1,Control Center,LOW_BATTERY,Battery level: 22.6%
414,UAV 2,Control Center,LOW_BATTERY,Battery level: 27.6%
414,UAV 5,Control Center,LOW_BATTERY,Battery level: 23.8%
414,UAV 6,Control Center,LOW_BATTERY,Battery level: 27.6%
414,UAV 7,Control Center,LOW_BATTERY,Battery level: 20.7%
414,UAV 10,Control Center,LOW_BATTERY,Battery level: 26.5%
415,UAV 1,Control Center,LOW_BATTERY,Battery level: 22.6%
415,UAV 2,Control Center,LOW_BATTERY,Battery level: 27.6%
415,UAV 5,Control Center,LOW_BATTERY,Battery level: 23.8%
415,UAV 6,Control Center,LOW_BATTERY,Battery level: 27.6%
415,UAV 7,Control Center,LOW_BATTERY,Battery level: 20.7%
415,UAV 10,Control Center,LOW_BATTERY,Battery level: 26.5%
416,UAV 1,Control Center,LOW_BATTERY,Battery level: 22.6%
416,UAV 2,Control Center,LOW_BATTERY,Battery level: 27.6%
416,UAV 5,Control Center,LOW_BATTERY,Battery level: 23.8%
416,UAV 6,Control Center,LOW_BATTERY,Battery level: 27.6%
416,UAV 7,Control Center,LOW_BATTERY,Battery level: 20.7%
416,UAV 10,Control Center,LOW_BATTERY,Battery level: 26.5%
417,UAV 1,Control Center,LOW_BATTERY,Battery level: 22.6%
417,UAV 2,Control Center,LOW_BATTERY,Battery level: 27.6%
417,UAV 5,Control Center,LOW_BATTERY,Battery level: 23.8%
417,UAV 6,Control Center,LOW_BATTERY,Battery level: 27.6%
417,UAV 7,Control Center,LOW_BATTERY,Battery level: 20.7%
417,UAV 10,Control Center,LOW_BATTERY,Battery level: 26.5%
418,UAV 1,Control Center,LOW_BATTERY,Battery level: 22.6%
418,UAV 2,Control Center,LOW_BATTERY,Battery level: 27.6%
418,UAV 5,Control Center,LOW_BATTERY,Battery level: 23.8%
418,UAV 6,Control Center,LOW_BATTERY,Battery level: 27.6%
418,UAV 7,Control Center,LOW_BATTERY,Battery level: 20.7%
418,UAV 10,Control Center,LOW_BATTERY,Battery level: 26.5%
419,UAV 1,Control Center,LOW_BATTERY,Battery level: 22.6%
419,UAV 2,Control Center,LOW_BATTERY,Battery level: 27.6%
419,UAV 5,Control Center,LOW_BATTERY,Battery level: 23.8%
419,UAV 6,Control Center,LOW_BATTERY,Battery level: 27.6%
419,UAV 7,Control Center,LOW_BATTERY,Battery level: 20.7%
419,UAV 10,Control Center,LOW_BATTERY,Battery level: 26.5%
420,UAV 1,Control Center,LOW_BATTERY,Battery level: 22.6%
420,UAV 2,Control Center,LOW_BATTERY,Battery level: 27.6%
420,UAV 5,Control Center,LOW_BATTERY,Battery level: 23.8%
420,UAV 6,Control Center,LOW_BATTERY,Battery level: 27.6%
420,UAV 7,Control Center,LOW_BATTERY,Battery level: 20.7%
420,UAV 10,Control Center,LOW_BATTERY,Battery level: 26.5%
421,UAV 1,Control Center,LOW_BATTERY,Battery level: 22.6%
421,UAV 2,Control Center,LOW_BATTERY,Battery level: 27.6%
421,UAV 5,Control Center,LOW_BATTERY,Battery level: 23.8%
421,UAV 6,Control Center,LOW_BATTERY,Battery level: 27.6%
421,UAV 7,Control Center,LOW_BATTERY,Battery level: 20.7%
421,UAV 10,Control Center,LOW_BATTERY,Battery level: 26.5%
422,UAV 1,Control Center,LOW_BATTERY,Battery level: 22.6%
422,UAV 2,Control Center,LOW_BATTERY,Battery level: 27.6%
422,UAV 5,Control Center,LOW_BATTERY,Battery level: 23.8%
422,UAV 6,Control Center,LOW_BATTERY,Battery level: 27.6%
422,UAV 7,Control Center,LOW_BATTERY,Battery level: 20.7%
422,UAV 10,Control Center,LOW_BATTERY,Battery level: 26.5%
423,UAV 1,Control Center,LOW_BATTERY,Battery level: 22.6%
423,UAV 2,Control Center,LOW_BATTERY,Battery level: 27.6%
423,UAV 5,Control Center,LOW_BATTERY,Battery level: 23.8%
423,UAV 6,Control Center,LOW_BATTERY,Battery level: 27.6%
423,UAV 7,Control Center,LOW_BATTERY,Battery level: 20.7%
423,UAV 10,Control Center,LOW_BATTERY,Battery level: 26.5%
424,UAV 1,Control Center,LOW_BATTERY,Battery level: 22.6%
424,UAV 2,Control Center,LOW_BATTERY,Battery level: 27.6%
424,UAV 5,Control Center,LOW_BATTERY,Battery level: 23.8%
424,UAV 6,Control Center,LOW_BATTERY,Battery level: 27.6%
424,UAV 7,Control Center,LOW_BATTERY,Battery level: 20.7%
424,UAV 10,Control Center,LOW_BATTERY,Battery level: 26.5%
425,UAV 1,Control Center,LOW_BATTERY,Battery level: 22.6%
425,UAV 2,Control Center,LOW_BATTERY,Battery level: 27.6%
425,UAV 5,Control Center,LOW_BATTERY,Battery level: 23.8%
425,UAV 6,Control Center,LOW_BATTERY,Battery level: 27.6%
425,UAV 7,Control Center,LOW_BATTERY,Battery level: 20.7%
425,UAV 10,Control Center,LOW_BATTERY,Battery level: 26.5%
426,UAV 1,Control Center,LOW_BATTERY,Battery level: 22.6%
426,UAV 2,Control Center,LOW_BATTERY,Battery level: 27.6%
426,UAV 5,Control Center,LOW_BATTERY,Battery level: 23.8%
426,UAV 6,Control Center,LOW_BATTERY,Battery level: 27.6%
426,UAV 7,Control Center,LOW_BATTERY,Battery level: 20.7%
426,UAV 10,Control Center,LOW_BATTERY,Battery level: 26.5%
427,UAV 1,Control Center,LOW_BATTERY,Battery level: 22.6%
427,UAV 2,Control Center,LOW_BATTERY,Battery level: 27.6%
427,UAV 5,Control Center,LOW_BATTERY,Battery level: 23.8%
427,UAV 6,Control Center,LOW_BATTERY,Battery level: 27.6%
427,UAV 7,Control Center,LOW_BATTERY,Battery level: 20.7%
427,UAV 10,Control Center,LOW_BATTERY,Battery level: 26.5%
428,UAV 1,Control Center,LOW_BATTERY,Battery level: 22.6%
428,UAV 2,Control Center,LOW_BATTERY,Battery level: 27.6%
428,UAV 5,Control Center,LOW_BATTERY,Battery level: 23.8%
428,UAV 6,Control Center,LOW_BATTERY,Battery level: 27.6%
428,UAV 7,Control Center,LOW_BATTERY,Battery level: 20.7%
428,UAV 10,Control Center,LOW_BATTERY,Battery level: 26.5%
429,UAV 1,Control Center,LOW_BATTERY,Battery level: 22.6%
429,UAV 2,Control Center,LOW_BATTERY,Battery level: 27.6%
429,UAV 5,Control Center,LOW_BATTERY,Battery level: 23.8%
429,UAV 6,Control Center,LOW_BATTERY,Battery level: 27.6%
429,UAV 7,Control Center,LOW_BATTERY,Battery level: 20.7%
429,UAV 10,Control Center,LOW_BATTERY,Battery level: 26.5%
430,UAV 1,Control Center,LOW_BATTERY,Battery level: 22.6%
430,UAV 2,Control Center,LOW_BATTERY,Battery level: 27.6%
430,UAV 5,Control Center,LOW_BATTERY,Battery level: 23.8%
430,UAV 6,Control Center,LOW_BATTERY,Battery level: 27.6%
430,UAV 7,Control Center,LOW_BATTERY,Battery level: 20.7%
430,UAV 10,Control Center,LOW_BATTERY,Battery level: 26.5%
431,UAV 1,Control Center,LOW_BATTERY,Battery level: 22.6%
431,UAV 2,Control Center,LOW_BATTERY,Battery level: 27.6%
431,UAV 5,Control Center,LOW_BATTERY,Battery level: 23.8%
431,UAV 6,Control Center,LOW_BATTERY,Battery level: 27.6%
431,UAV 7,Control Center,LOW_BATTERY,Battery level: 20.7%
431,UAV 10,Control Center,LOW_BATTERY,Battery level: 26.5%
432,UAV 1,Control Center,LOW_BATTERY,Battery level: 22.6%
432,UAV 2,Control Center,LOW_BATTERY,Battery level: 27.6%
432,UAV 5,Control Center,LOW_BATTERY,Battery level: 23.8%
432,UAV 6,Control Center,LOW_BATTERY,Battery level: 27.6%
432,UAV 7,Control Center,LOW_BATTERY,Battery level: 20.7%
432,UAV 10,Control Center,LOW_BATTERY,Battery level: 26.5%
433,UAV 1,Control Center,LOW_BATTERY,Battery level: 22.6%
433,UAV 2,Control Center,LOW_BATTERY,Battery level: 27.6%
433,UAV 5,Control Center,LOW_BATTERY,Battery level: 23.8%
433,UAV 6,Control Center,LOW_BATTERY,Battery level: 27.6%
433,UAV 7,Control Center,LOW_BATTERY,Battery level: 20.7%
433,UAV 10,Control Center,LOW_BATTERY,Battery level: 26.5%
434,UAV 1,Control Center,LOW_BATTERY,Battery level: 22.6%
434,UAV 2,Control Center,LOW_BATTERY,Battery level: 27.6%
434,UAV 5,Control Center,LOW_BATTERY,Battery level: 23.8%
434,UAV 6,Control Center,LOW_BATTERY,Battery level: 27.6%
434,UAV 7,Control Center,LOW_BATTERY,Battery level: 20.7%
434,UAV 10,Control Center,LOW_BATTERY,Battery level: 26.5%
435,UAV 1,Control Center,LOW_BATTERY,Battery level: 22.6%
435,UAV 2,Control Center,LOW_BATTERY,Battery level: 27.6%
435,UAV 5,Control Center,LOW_BATTERY,Battery level: 23.8%
435,UAV 6,Control Center,LOW_BATTERY,Battery level: 27.6%
435,UAV 7,Control Center,LOW_BATTERY,Battery level: 20.7%
435,UAV 10,Control Center,LOW_BATTERY,Battery level: 26.5%
436,UAV 1,Control Center,LOW_BATTERY,Battery level: 22.6%
436,UAV 2,Control Center,LOW_BATTERY,Battery level: 27.6%
436,UAV 5,Control Center,LOW_BATTERY,Battery level: 23.8%
436,UAV 6,Control Center,LOW_BATTERY,Battery level: 27.6%
436,UAV 7,Control Center,LOW_BATTERY,Battery level: 20.7%
436,UAV 10,Control Center,LOW_BATTERY,Battery level: 26.5%
437,UAV 1,Control Center,LOW_BATTERY,Battery level: 22.6%
437,UAV 2,Control Center,LOW_BATTERY,Battery level: 27.6%
437,UAV 5,Control Center,LOW_BATTERY,Battery level: 23.8%
437,UAV 6,Control Center,LOW_BATTERY,Battery level: 27.6%
437,UAV 7,Control Center,LOW_BATTERY,Battery level: 20.7%
437,UAV 10,Control Center,LOW_BATTERY,Battery level: 26.5%
438,UAV 1,Control Center,LOW_BATTERY,Battery level: 22.6%
438,UAV 2,Control Center,LOW_BATTERY,Battery level: 27.6%
438,UAV 5,Control Center,LOW_BATTERY,Battery level: 23.8%
438,UAV 6,Control Center,LOW_BATTERY,Battery level: 27.6%
438,UAV 7,Control Center,LOW_BATTERY,Battery level: 20.7%
438,UAV 10,Control Center,LOW_BATTERY,Battery level: 26.5%
439,UAV 1,Control Center,LOW_BATTERY,Battery level: 22.6%
439,UAV 2,Control Center,LOW_BATTERY,Battery level: 27.6%
439,UAV 5,Control Center,LOW_BATTERY,Battery level: 23.8%
439,UAV 6,Control Center,LOW_BATTERY,Battery level: 27.6%
439,UAV 7,Control Center,LOW_BATTERY,Battery level: 20.7%
439,UAV 10,Control Center,LOW_BATTERY,Battery level: 26.5%
440,UAV 1,Control Center,LOW_BATTERY,Battery level: 22.6%
440,UAV 2,Control Center,LOW_BATTERY,Battery level: 27.6%
440,UAV 5,Control Center,LOW_BATTERY,Battery level: 23.8%
440,UAV 6,Control Center,LOW_BATTERY,Battery level: 27.6%
440,UAV 7,Control Center,LOW_BATTERY,Battery level: 20.7%
440,UAV 10,Control Center,LOW_BATTERY,Battery level: 26.5%
441,UAV 1,Control Center,LOW_BATTERY,Battery level: 22.6%
441,UAV 2,Control Center,LOW_BATTERY,Battery level: 27.6%
441,UAV 5,Control Center,LOW_BATTERY,Battery level: 23.8%
441,UAV 6,Control Center,LOW_BATTERY,Battery level: 27.6%
441,UAV 7,Control Center,LOW_BATTERY,Battery level: 20.7%
441,UAV 10,Control Center,LOW_BATTERY,Battery level: 26.5%
442,UAV 1,Control Center,LOW_BATTERY,Battery level: 22.6%
442,UAV 2,Control Center,LOW_BATTERY,Battery level: 27.6%
442,UAV 5,Control Center,LOW_BATTERY,Battery level: 23.8%
442,UAV 6,Control Center,LOW_BATTERY,Battery level: 27.6%
442,UAV 7,Control Center,LOW_BATTERY,Battery level: 20.7%
442,UAV 10,Control Center,LOW_BATTERY,Battery level: 26.5%
443,UAV 1,Control Center,LOW_BATTERY,Battery level: 22.6%
443,UAV 2,Control Center,LOW_BATTERY,Battery level: 27.6%
443,UAV 5,Control Center,LOW_BATTERY,Battery level: 23.8%
443,UAV 6,Control Center,LOW_BATTERY,Battery level: 27.6%
443,UAV 7,Control Center,LOW_BATTERY,Battery level: 20.7%
443,UAV 10,Control Center,LOW_BATTERY,Battery level: 26.5%
444,UAV 1,Control Center,LOW_BATTERY,Battery level: 22.6%
444,UAV 2,Control Center,LOW_BATTERY,Battery level: 27.6%
444,UAV 5,Control Center,LOW_BATTERY,Battery level: 23.8%
444,UAV 6,Control Center,LOW_BATTERY,Battery level: 27.6%
444,UAV 7,Control Center,LOW_BATTERY,Battery level: 20.7%
444,UAV 10,Control Center,LOW_BATTERY,Battery level: 26.5%
445,UAV 1,Control Center,LOW_BATTERY,Battery level: 22.6%
445,UAV 2,Control Center,LOW_BATTERY,Battery level: 27.6%
445,UAV 5,Control Center,LOW_BATTERY,Battery level: 23.8%
445,UAV 6,Control Center,LOW_BATTERY,Battery level: 27.6%
445,UAV 7,Control Center,LOW_BATTERY,Battery level: 20.7%
445,UAV 10,Control Center,LOW_BATTERY,Battery level: 26.5%
446,UAV 1,Control Center,LOW_BATTERY,Battery level: 22.6%
446,UAV 2,Control Center,LOW_BATTERY,Battery level: 27.6%
446,UAV 5,Control Center,LOW_BATTERY,Battery level: 23.8%
446,UAV 6,Control Center,LOW_BATTERY,Battery level: 27.6%
446,UAV 7,Control Center,LOW_BATTERY,Battery level: 20.7%
446,UAV 10,Control Center,LOW_BATTERY,Battery level: 26.5%
447,UAV 1,Control Center,LOW_BATTERY,Battery level: 22.6%
447,UAV 2,Control Center,LOW_BATTERY,Battery level: 27.6%
447,UAV 5,Control Center,LOW_BATTERY,Battery level: 23.8%
447,UAV 6,Control Center,LOW_BATTERY,Battery level: 27.6%
447,UAV 7,Control Center,LOW_BATTERY,Battery level: 20.7%
447,UAV 10,Control Center,LOW_BATTERY,Battery level: 26.5%
448,UAV 1,Control Center,LOW_BATTERY,Battery level: 22.6%
448,UAV 2,Control Center,LOW_BATTERY,Battery level: 27.6%
448,UAV 5,Control Center,LOW_BATTERY,Battery level: 23.8%
448,UAV 6,Control Center,LOW_BATTERY,Battery level: 27.6%
448,UAV 7,Control Center,LOW_BATTERY,Battery level: 20.7%
448,UAV 10,Control Center,LOW_BATTERY,Battery level: 26.5%
449,UAV 1,Control Center,LOW_BATTERY,Battery level: 22.6%
449,UAV 2,Control Center,LOW_BATTERY,Battery level: 27.6%
449,UAV 5,Control Center,LOW_BATTERY,Battery level: 23.8%
449,UAV 6,Control Center,LOW_BATTERY,Battery level: 27.6%
449,UAV 7,Control Center,LOW_BATTERY,Battery level: 20.7%
449,UAV 10,Control Center,LOW_BATTERY,Battery level: 26.5%
450,UAV 1,Control Center,LOW_BATTERY,Battery level: 22.6%
450,UAV 2,Control Center,LOW_BATTERY,Battery level: 27.6%
450,UAV 5,Control Center,LOW_BATTERY,Battery level: 23.8%
450,UAV 6,Control Center,LOW_BATTERY,Battery level: 27.6%
450,UAV 7,Control Center,LOW_BATTERY,Battery level: 20.7%
450,UAV 10,Control Center,LOW_BATTERY,Battery level: 26.5%
451,UAV 1,Control Center,LOW_BATTERY,Battery level: 22.6%
451,UAV 2,Control Center,LOW_BATTERY,Battery level: 27.6%
451,UAV 5,Control Center,LOW_BATTERY,Battery level: 23.8%
451,UAV 6,Control Center,LOW_BATTERY,Battery level: 27.6%
451,UAV 7,Control Center,LOW_BATTERY,Battery level: 20.7%
451,UAV 10,Control Center,LOW_BATTERY,Battery level: 26.5%
452,UAV 1,Control Center,LOW_BATTERY,Battery level: 22.6%
452,UAV 2,Control Center,LOW_BATTERY,Battery level: 27.6%
452,UAV 5,Control Center,LOW_BATTERY,Battery level: 23.8%
452,UAV 6,Control Center,LOW_BATTERY,Battery level: 27.6%
452,UAV 7,Control Center,LOW_BATTERY,Battery level: 20.7%
452,UAV 10,Control Center,LOW_BATTERY,Battery level: 26.5%
453,UAV 1,Control Center,LOW_BATTERY,Battery level: 22.6%
453,UAV 2,Control Center,LOW_BATTERY,Battery level: 27.6%
453,UAV 5,Control Center,LOW_BATTERY,Battery level: 23.8%
453,UAV 6,Control Center,LOW_BATTERY,Battery level: 27.6%
453,UAV 7,Control Center,LOW_BATTERY,Battery level: 20.7%
453,UAV 10,Control Center,LOW_BATTERY,Battery level: 26.5%
454,UAV 1,Control Center,LOW_BATTERY,Battery level: 22.6%
454,UAV 2,Control Center,LOW_BATTERY,Battery level: 27.6%
454,UAV 5,Control Center,LOW_BATTERY,Battery level: 23.8%
454,UAV 6,Control Center,LOW_BATTERY,Battery level: 27.6%
454,UAV 7,Control Center,LOW_BATTERY,Battery level: 20.7%
454,UAV 10,Control Center,LOW_BATTERY,Battery level: 26.5%
455,UAV 1,Control Center,LOW_BATTERY,Battery level: 22.6%
455,UAV 2,Control Center,LOW_BATTERY,Battery level: 27.6%
455,UAV 5,Control Center,LOW_BATTERY,Battery level: 23.8%
455,UAV 6,Control Center,LOW_BATTERY,Battery level: 27.6%
455,UAV 7,Control Center,LOW_BATTERY,Battery level: 20.7%
455,UAV 10,Control Center,LOW_BATTERY,Battery level: 26.5%
456,UAV 1,Control Center,LOW_BATTERY,Battery level: 22.6%
456,UAV 2,Control Center,LOW_BATTERY,Battery level: 27.6%
456,UAV 5,Control Center,LOW_BATTERY,Battery level: 23.8%
456,UAV 6,Control Center,LOW_BATTERY,Battery level: 27.6%
456,UAV 7,Control Center,LOW_BATTERY,Battery level: 20.7%
456,UAV 10,Control Center,LOW_BATTERY,Battery level: 26.5%
457,UAV 1,Control Center,LOW_BATTERY,Battery level: 22.6%
457,UAV 2,Control Center,LOW_BATTERY,Battery level: 27.6%
457,UAV 5,Control Center,LOW_BATTERY,Battery level: 23.8%
457,UAV 6,Control Center,LOW_BATTERY,Battery level: 27.6%
457,UAV 7,Control Center,LOW_BATTERY,Battery level: 20.7%
457,UAV 10,Control Center,LOW_BATTERY,Battery level: 26.5%
458,UAV 1,Control Center,LOW_BATTERY,Battery level: 22.6%
458,UAV 2,Control Center,LOW_BATTERY,Battery level: 27.6%
458,UAV 5,Control Center,LOW_BATTERY,Battery level: 23.8%
458,UAV 6,Control Center,LOW_BATTERY,Battery level: 27.6%
458,UAV 7,Control Center,LOW_BATTERY,Battery level: 20.7%
458,UAV 10,Control Center,LOW_BATTERY,Battery level: 26.5%
459,UAV 1,Control Center,LOW_BATTERY,Battery level: 22.6%
459,UAV 2,Control Center,LOW_BATTERY,Battery level: 27.6%
459,UAV 5,Control Center,LOW_BATTERY,Battery level: 23.8%
459,UAV 6,Control Center,LOW_BATTERY,Battery level: 27.6%
459,UAV 7,Control Center,LOW_BATTERY,Battery level: 20.7%
459,UAV 10,Control Center,LOW_BATTERY,Battery level: 26.5%
460,UAV 1,Control Center,LOW_BATTERY,Battery level: 22.6%
460,UAV 2,Control Center,LOW_BATTERY,Battery level: 27.6%
460,UAV 5,Control Center,LOW_BATTERY,Battery level: 23.8%
460,UAV 6,Control Center,LOW_BATTERY,Battery level: 27.6%
460,UAV 7,Control Center,LOW_BATTERY,Battery level: 20.7%
460,UAV 10,Control Center,LOW_BATTERY,Battery level: 26.5%
461,UAV 1,Control Center,LOW_BATTERY,Battery level: 22.6%
461,UAV 2,Control Center,LOW_BATTERY,Battery level: 27.6%
461,UAV 5,Control Center,LOW_BATTERY,Battery level: 23.8%
461,UAV 6,Control Center,LOW_BATTERY,Battery level: 27.6%
461,UAV 7,Control Center,LOW_BATTERY,Battery level: 20.7%
461,UAV 10,Control Center,LOW_BATTERY,Battery level: 26.5%
462,UAV 1,Control Center,LOW_BATTERY,Battery level: 22.6%
462,UAV 2,Control Center,LOW_BATTERY,Battery level: 27.6%
462,UAV 5,Control Center,LOW_BATTERY,Battery level: 23.8%
462,UAV 6,Control Center,LOW_BATTERY,Battery level: 27.6%
462,UAV 7,Control Center,LOW_BATTERY,Battery level: 20.7%
462,UAV 10,Control Center,LOW_BATTERY,Battery level: 26.5%
463,UAV 1,Control Center,LOW_BATTERY,Battery level: 22.6%
463,UAV 2,Control Center,LOW_BATTERY,Battery level: 27.6%
463,UAV 5,Control Center,LOW_BATTERY,Battery level: 23.8%
463,UAV 6,Control Center,LOW_BATTERY,Battery level: 27.6%
463,UAV 7,Control Center,LOW_BATTERY,Battery level: 20.7%
463,UAV 10,Control Center,LOW_BATTERY,Battery level: 26.5%
464,UAV 1,Control Center,LOW_BATTERY,Battery level: 22.6%
464,UAV 2,Control Center,LOW_BATTERY,Battery level: 27.6%
464,UAV 5,Control Center,LOW_BATTERY,Battery level: 23.8%
464,UAV 6,Control Center,LOW_BATTERY,Battery level: 27.6%
464,UAV 7,Control Center,LOW_BATTERY,Battery level: 20.7%
464,UAV 10,Control Center,LOW_BATTERY,Battery level: 26.5%
465,UAV 1,Control Center,LOW_BATTERY,Battery level: 22.6%
465,UAV 2,Control Center,LOW_BATTERY,Battery level: 27.6%
465,UAV 5,Control Center,LOW_BATTERY,Battery level: 23.8%
465,UAV 6,Control Center,LOW_BATTERY,Battery level: 27.6%
465,UAV 7,Control Center,LOW_BATTERY,Battery level: 20.7%
465,UAV 10,Control Center,LOW_BATTERY,Battery level: 26.5%
466,UAV 1,Control Center,LOW_BATTERY,Battery level: 22.6%
466,UAV 2,Control Center,LOW_BATTERY,Battery level: 27.6%
466,UAV 5,Control Center,LOW_BATTERY,Battery level: 23.8%
466,UAV 6,Control Center,LOW_BATTERY,Battery level: 27.6%
466,UAV 7,Control Center,LOW_BATTERY,Battery level: 20.7%
466,UAV 10,Control Center,LOW_BATTERY,Battery level: 26.5%
467,UAV 1,Control Center,LOW_BATTERY,Battery level: 22.6%
467,UAV 2,Control Center,LOW_BATTERY,Battery level: 27.6%
467,UAV 5,Control Center,LOW_BATTERY,Battery level: 23.8%
467,UAV 6,Control Center,LOW_BATTERY,Battery level: 27.6%
467,UAV 7,Control Center,LOW_BATTERY,Battery level: 20.7%
467,UAV 10,Control Center,LOW_BATTERY,Battery level: 26.5%
468,UAV 1,Control Center,LOW_BATTERY,Battery level: 22.6%
468,UAV 2,Control Center,LOW_BATTERY,Battery level: 27.6%
468,UAV 5,Control Center,LOW_BATTERY,Battery level: 23.8%
468,UAV 6,Control Center,LOW_BATTERY,Battery level: 27.6%
468,UAV 7,Control Center,LOW_BATTERY,Battery level: 20.7%
468,UAV 10,Control Center,LOW_BATTERY,Battery level: 26.5%
469,UAV 1,Control Center,LOW_BATTERY,Battery level: 22.6%
469,UAV 2,Control Center,LOW_BATTERY,Battery level: 27.6%
469,UAV 5,Control Center,LOW_BATTERY,Battery level: 23.8%
469,UAV 6,Control Center,LOW_BATTERY,Battery level: 27.6%
469,UAV 7,Control Center,LOW_BATTERY,Battery level: 20.7%
469,UAV 10,Control Center,LOW_BATTERY,Battery level: 26.5%
470,UAV 1,Control Center,LOW_BATTERY,Battery level: 22.6%
470,UAV 2,Control Center,LOW_BATTERY,Battery level: 27.6%
470,UAV 5,Control Center,LOW_BATTERY,Battery level: 23.8%
470,UAV 6,Control Center,LOW_BATTERY,Battery level: 27.6%
470,UAV 7,Control Center,LOW_BATTERY,Battery level: 20.7%
470,UAV 10,Control Center,LOW_BATTERY,Battery level: 26.5%
471,UAV 1,Control Center,LOW_BATTERY,Battery level: 22.6%
471,UAV 2,Control Center,LOW_BATTERY,Battery level: 27.6%
471,UAV 5,Control Center,LOW_BATTERY,Battery level: 23.8%
471,UAV 6,Control Center,LOW_BATTERY,Battery level: 27.6%
471,UAV 7,Control Center,LOW_BATTERY,Battery level: 20.7%
471,UAV 10,Control Center,LOW_BATTERY,Battery level: 26.5%
472,UAV 1,Control Center,LOW_BATTERY,Battery level: 22.6%
472,UAV 2,Control Center,LOW_BATTERY,Battery level: 27.6%
472,UAV 5,Control Center,LOW_BATTERY,Battery level: 23.8%
472,UAV 6,Control Center,LOW_BATTERY,Battery level: 27.6%
472,UAV 7,Control Center,LOW_BATTERY,Battery level: 20.7%
472,UAV 10,Control Center,LOW_BATTERY,Battery level: 26.5%
473,UAV 1,Control Center,LOW_BATTERY,Battery level: 22.6%
473,UAV 2,Control Center,LOW_BATTERY,Battery level: 27.6%
473,UAV 5,Control Center,LOW_BATTERY,Battery level: 23.8%
473,UAV 6,Control Center,LOW_BATTERY,Battery level: 27.6%
473,UAV 7,Control Center,LOW_BATTERY,Battery level: 20.7%
473,UAV 10,Control Center,LOW_BATTERY,Battery level: 26.5%
474,UAV 1,Control Center,LOW_BATTERY,Battery level: 22.6%
474,UAV 2,Control Center,LOW_BATTERY,Battery level: 27.6%
474,UAV 5,Control Center,LOW_BATTERY,Battery level: 23.8%
474,UAV 6,Control Center,LOW_BATTERY,Battery level: 27.6%
474,UAV 7,Control Center,LOW_BATTERY,Battery level: 20.7%
474,UAV 10,Control Center,LOW_BATTERY,Battery level: 26.5%
475,UAV 1,Control Center,LOW_BATTERY,Battery level: 22.6%
475,UAV 2,Control Center,LOW_BATTERY,Battery level: 27.6%
475,UAV 5,Control Center,LOW_BATTERY,Battery level: 23.8%
475,UAV 6,Control Center,LOW_BATTERY,Battery level: 27.6%
475,UAV 7,Control Center,LOW_BATTERY,Battery level: 20.7%
475,UAV 10,Control Center,LOW_BATTERY,Battery level: 26.5%
476,UAV 1,Control Center,LOW_BATTERY,Battery level: 22.6%
476,UAV 2,Control Center,LOW_BATTERY,Battery level: 27.6%
476,UAV 5,Control Center,LOW_BATTERY,Battery level: 23.8%
476,UAV 6,Control Center,LOW_BATTERY,Battery level: 27.6%
476,UAV 7,Control Center,LOW_BATTERY,Battery level: 20.7%
476,UAV 10,Control Center,LOW_BATTERY,Battery level: 26.5%
477,UAV 1,Control Center,LOW_BATTERY,Battery level: 22.6%
477,UAV 2,Control Center,LOW_BATTERY,Battery level: 27.6%
477,UAV 5,Control Center,LOW_BATTERY,Battery level: 23.8%
477,UAV 6,Control Center,LOW_BATTERY,Battery level: 27.6%
477,UAV 7,Control Center,LOW_BATTERY,Battery level: 20.7%
477,UAV 10,Control Center,LOW_BATTERY,Battery level: 26.5%
478,UAV 1,Control Center,LOW_BATTERY,Battery level: 22.6%
478,UAV 2,Control Center,LOW_BATTERY,Battery level: 27.6%
478,UAV 5,Control Center,LOW_BATTERY,Battery level: 23.8%
478,UAV 6,Control Center,LOW_BATTERY,Battery level: 27.6%
478,UAV 7,Control Center,LOW_BATTERY,Battery level: 20.7%
478,UAV 10,Control Center,LOW_BATTERY,Battery level: 26.5%
479,UAV 1,Control Center,LOW_BATTERY,Battery level: 22.6%
479,UAV 2,Control Center,LOW_BATTERY,Battery level: 27.6%
479,UAV 5,Control Center,LOW_BATTERY,Battery level: 23.8%
479,UAV 6,Control Center,LOW_BATTERY,Battery level: 27.6%
479,UAV 7,Control Center,LOW_BATTERY,Battery level: 20.7%
479,UAV 10,Control Center,LOW_BATTERY,Battery level: 26.5%
480,UAV 1,Control Center,LOW_BATTERY,Battery level: 22.6%
480,UAV 2,Control Center,LOW_BATTERY,Battery level: 27.6%
480,UAV 5,Control Center,LOW_BATTERY,Battery level: 23.8%
480,UAV 6,Control Center,LOW_BATTERY,Battery level: 27.6%
480,UAV 7,Control Center,LOW_BATTERY,Battery level: 20.7%
480,UAV 10,Control Center,LOW_BATTERY,Battery level: 26.5%
481,UAV 1,Control Center,LOW_BATTERY,Battery level: 22.6%
481,UAV 2,Control Center,LOW_BATTERY,Battery level: 27.6%
481,UAV 5,Control Center,LOW_BATTERY,Battery level: 23.8%
481,UAV 6,Control Center,LOW_BATTERY,Battery level: 27.6%
481,UAV 7,Control Center,LOW_BATTERY,Battery level: 20.7%
481,UAV 10,Control Center,LOW_BATTERY,Battery level: 26.5%
482,UAV 1,Control Center,LOW_BATTERY,Battery level: 22.6%
482,UAV 2,Control Center,LOW_BATTERY,Battery level: 27.6%
482,UAV 5,Control Center,LOW_BATTERY,Battery level: 23.8%
482,UAV 6,Control Center,LOW_BATTERY,Battery level: 27.6%
482,UAV 7,Control Center,LOW_BATTERY,Battery level: 20.7%
482,UAV 10,Control Center,LOW_BATTERY,Battery level: 26.5%
483,UAV 1,Control Center,LOW_BATTERY,Battery level: 22.6%
483,UAV 2,Control Center,LOW_BATTERY,Battery level: 27.6%
483,UAV 5,Control Center,LOW_BATTERY,Battery level: 23.8%
483,UAV 6,Control Center,LOW_BATTERY,Battery level: 27.6%
483,UAV 7,Control Center,LOW_BATTERY,Battery level: 20.7%
483,UAV 10,Control Center,LOW_BATTERY,Battery level: 26.5%
484,UAV 1,Control Center,LOW_BATTERY,Battery level: 22.6%
484,UAV 2,Control Center,LOW_BATTERY,Battery level: 27.6%
484,UAV 5,Control Center,LOW_BATTERY,Battery level: 23.8%
484,UAV 6,Control Center,LOW_BATTERY,Battery level: 27.6%
484,UAV 7,Control Center,LOW_BATTERY,Battery level: 20.7%
484,UAV 10,Control Center,LOW_BATTERY,Battery level: 26.5%
485,UAV 1,Control Center,LOW_BATTERY,Battery level: 22.6%
485,UAV 2,Control Center,LOW_BATTERY,Battery level: 27.6%
485,UAV 5,Control Center,LOW_BATTERY,Battery level: 23.8%
485,UAV 6,Control Center,LOW_BATTERY,Battery level: 27.6%
485,UAV 7,Control Center,LOW_BATTERY,Battery level: 20.7%
485,UAV 10,Control Center,LOW_BATTERY,Battery level: 26.5%
486,UAV 1,Control Center,LOW_BATTERY,Battery level: 22.6%
486,UAV 2,Control Center,LOW_BATTERY,Battery level: 27.6%
486,UAV 5,Control Center,LOW_BATTERY,Battery level: 23.8%
486,UAV 6,Control Center,LOW_BATTERY,Battery level: 27.6%
486,UAV 7,Control Center,LOW_BATTERY,Battery level: 20.7%
486,UAV 10,Control Center,LOW_BATTERY,Battery level: 26.5%
487,UAV 1,Control Center,LOW_BATTERY,Battery level: 22.6%
487,UAV 2,Control Center,LOW_BATTERY,Battery level: 27.6%
487,UAV 5,Control Center,LOW_BATTERY,Battery level: 23.8%
487,UAV 6,Control Center,LOW_BATTERY,Battery level: 27.6%
487,UAV 7,Control Center,LOW_BATTERY,Battery level: 20.7%
487,UAV 10,Control Center,LOW_BATTERY,Battery level: 26.5%
488,UAV 1,Control Center,LOW_BATTERY,Battery level: 22.6%
488,UAV 2,Control Center,LOW_BATTERY,Battery level: 27.6%
488,UAV 5,Control Center,LOW_BATTERY,Battery level: 23.8%
488,UAV 6,Control Center,LOW_BATTERY,Battery level: 27.6%
488,UAV 7,Control Center,LOW_BATTERY,Battery level: 20.7%
488,UAV 10,Control Center,LOW_BATTERY,Battery level: 26.5%
489,UAV 1,Control Center,LOW_BATTERY,Battery level: 22.6%
489,UAV 2,Control Center,LOW_BATTERY,Battery level: 27.6%
489,UAV 5,Control Center,LOW_BATTERY,Battery level: 23.8%
489,UAV 6,Control Center,LOW_BATTERY,Battery level: 27.6%
489,UAV 7,Control Center,LOW_BATTERY,Battery level: 20.7%
489,UAV 10,Control Center,LOW_BATTERY,Battery level: 26.5%
490,UAV 1,Control Center,LOW_BATTERY,Battery level: 22.6%
490,UAV 2,Control Center,LOW_BATTERY,Battery level: 27.6%
490,UAV 5,Control Center,LOW_BATTERY,Battery level: 23.8%
490,UAV 6,Control Center,LOW_BATTERY,Battery level: 27.6%
490,UAV 7,Control Center,LOW_BATTERY,Battery level: 20.7%
490,UAV 10,Control Center,LOW_BATTERY,Battery level: 26.5%
491,UAV 1,Control Center,LOW_BATTERY,Battery level: 22.6%
491,UAV 2,Control Center,LOW_BATTERY,Battery level: 27.6%
491,UAV 5,Control Center,LOW_BATTERY,Battery level: 23.8%
491,UAV 6,Control Center,LOW_BATTERY,Battery level: 27.6%
491,UAV 7,Control Center,LOW_BATTERY,Battery level: 20.7%
491,UAV 10,Control Center,LOW_BATTERY,Battery level: 26.5%
492,UAV 1,Control Center,LOW_BATTERY,Battery level: 22.6%
492,UAV 2,Control Center,LOW_BATTERY,Battery level: 27.6%
492,UAV 5,Control Center,LOW_BATTERY,Battery level: 23.8%
492,UAV 6,Control Center,LOW_BATTERY,Battery level: 27.6%
492,UAV 7,Control Center,LOW_BATTERY,Battery level: 20.7%
492,UAV 10,Control Center,LOW_BATTERY,Battery level: 26.5%
493,UAV 1,Control Center,LOW_BATTERY,Battery level: 22.6%
493,UAV 2,Control Center,LOW_BATTERY,Battery level: 27.6%
493,UAV 5,Control Center,LOW_BATTERY,Battery level: 23.8%
493,UAV 6,Control Center,LOW_BATTERY,Battery level: 27.6%
493,UAV 7,Control Center,LOW_BATTERY,Battery level: 20.7%
493,UAV 10,Control Center,LOW_BATTERY,Battery level: 26.5%
494,UAV 1,Control Center,LOW_BATTERY,Battery level: 22.6%
494,UAV 2,Control Center,LOW_BATTERY,Battery level: 27.6%
494,UAV 5,Control Center,LOW_BATTERY,Battery level: 23.8%
494,UAV 6,Control Center,LOW_BATTERY,Battery level: 27.6%
494,UAV 7,Control Center,LOW_BATTERY,Battery level: 20.7%
494,UAV 10,Control Center,LOW_BATTERY,Battery level: 26.5%
495,UAV 1,Control Center,LOW_BATTERY,Battery level: 22.6%
495,UAV 2,Control Center,LOW_BATTERY,Battery level: 27.6%
495,UAV 5,Control Center,LOW_BATTERY,Battery level: 23.8%
495,UAV 6,Control Center,LOW_BATTERY,Battery level: 27.6%
495,UAV 7,Control Center,LOW_BATTERY,Battery level: 20.7%
495,UAV 10,Control Center,LOW_BATTERY,Battery level: 26.5%
496,UAV 1,Control Center,LOW_BATTERY,Battery level: 22.6%
496,UAV 2,Control Center,LOW_BATTERY,Battery level: 27.6%
496,UAV 5,Control Center,LOW_BATTERY,Battery level: 23.8%
496,UAV 6,Control Center,LOW_BATTERY,Battery level: 27.6%
496,UAV 7,Control Center,LOW_BATTERY,Battery level: 20.7%
496,UAV 10,Control Center,LOW_BATTERY,Battery level: 26.5%
497,UAV 1,Control Center,LOW_BATTERY,Battery level: 22.6%
497,UAV 2,Control Center,LOW_BATTERY,Battery level: 27.6%
497,UAV 5,Control Center,LOW_BATTERY,Battery level: 23.8%
497,UAV 6,Control Center,LOW_BATTERY,Battery level: 27.6%
497,UAV 7,Control Center,LOW_BATTERY,Battery level: 20.7%
497,UAV 10,Control Center,LOW_BATTERY,Battery level: 26.5%
498,UAV 1,Control Center,LOW_BATTERY,Battery level: 22.6%
498,UAV 2,Control Center,LOW_BATTERY,Battery level: 27.6%
498,UAV 5,Control Center,LOW_BATTERY,Battery level: 23.8%
498,UAV 6,Control Center,LOW_BATTERY,Battery level: 27.6%
498,UAV 7,Control Center,LOW_BATTERY,Battery level: 20.7%
498,UAV 10,Control Center,LOW_BATTERY,Battery level: 26.5%
499,UAV 1,Control Center,LOW_BATTERY,Battery level: 22.6%
499,UAV 2,Control Center,LOW_BATTERY,Battery level: 27.6%
499,UAV 5,Control Center,LOW_BATTERY,Battery level: 23.8%
499,UAV 6,Control Center,LOW_BATTERY,Battery level: 27.6%
499,UAV 7,Control Center,LOW_BATTERY,Battery level: 20.7%
499,UAV 10,Control Center,LOW_BATTERY,Battery level: 26.5%
