timestamp,sender,receiver,message_type,content
0,Control Center,UAV 8,TASK_ASSIGNMENT,Assign task 10
0,Control Center,UAV 10,TASK_ASSIGNMENT,Assign task 24
0,Control Center,UAV 5,TASK_ASSIGNMENT,Assign task 46
0,Control Center,UAV 4,TASK_ASSIGNMENT,Assign task 47
0,Control Center,UAV 7,TASK_ASSIGNMENT,Assign task 6
0,Control Center,UAV 9,TASK_ASSIGNMENT,Assign task 40
0,Control Center,UAV 6,TASK_ASSIGNMENT,Assign task 42
0,Control Center,UAV 3,TASK_ASSIGNMENT,Assign task 38
0,Control Center,UAV 2,TASK_ASSIGNMENT,Assign task 36
0,Control Center,UAV 1,TASK_ASSIGNMENT,Assign task 17
0,UAV 7,Control Center,TASK_START,Start task 6
0,UAV 8,Control Center,TASK_START,Start task 10
0,UAV 1,Control Center,TASK_START,Start task 17
0,UAV 10,Control Center,TASK_START,Start task 24
0,UAV 2,Control Center,TASK_START,Start task 36
0,UAV 3,Control Center,TASK_START,Start task 38
0,UAV 9,Control Center,TASK_START,Start task 40
0,UAV 6,Control Center,TASK_START,Start task 42
0,UAV 5,Control Center,TASK_START,Start task 46
0,UAV 4,Control Center,TASK_START,Start task 47
1,UAV 1,Control Center,TASK_COMPLETE,Complete task 17
1,UAV 2,Control Center,TASK_COMPLETE,Complete task 36
1,UAV 3,Control Center,TASK_COMPLETE,Complete task 38
1,UAV 4,Control Center,TASK_COMPLETE,Complete task 47
1,UAV 5,Control Center,TASK_COMPLETE,Complete task 46
1,UAV 6,Control Center,TASK_COMPLETE,Complete task 42
1,UAV 7,Control Center,TASK_COMPLETE,Complete task 6
1,UAV 8,Control Center,TASK_COMPLETE,Complete task 10
1,UAV 9,Control Center,TASK_COMPLETE,Complete task 40
1,UAV 10,Control Center,TASK_COMPLETE,Complete task 24
2,Control Center,UAV 5,TASK_ASSIGNMENT,Assign task 9
2,Control Center,UAV 1,TASK_ASSIGNMENT,Assign task 27
2,Control Center,UAV 9,TASK_ASSIGNMENT,Assign task 35
2,Control Center,UAV 2,TASK_ASSIGNMENT,Assign task 1
2,Control Center,UAV 10,TASK_ASSIGNMENT,Assign task 48
2,Control Center,UAV 6,TASK_ASSIGNMENT,Assign task 19
2,Control Center,UAV 3,TASK_ASSIGNMENT,Assign task 41
2,Control Center,UAV 4,TASK_ASSIGNMENT,Assign task 8
2,Control Center,UAV 8,TASK_ASSIGNMENT,Assign task 4
2,Control Center,UAV 7,TASK_ASSIGNMENT,Assign task 16
2,UAV 2,Control Center,TASK_START,Start task 1
2,UAV 8,Control Center,TASK_START,Start task 4
2,UAV 4,Control Center,TASK_START,Start task 8
2,UAV 5,Control Center,TASK_START,Start task 9
2,UAV 7,Control Center,TASK_START,Start task 16
2,UAV 6,Control Center,TASK_START,Start task 19
2,UAV 1,Control Center,TASK_START,Start task 27
2,UAV 9,Control Center,TASK_START,Start task 35
2,UAV 3,Control Center,TASK_START,Start task 41
2,UAV 10,Control Center,TASK_START,Start task 48
2,UAV 8,Control Center,LOW_BATTERY,Battery level: 25.2%
3,UAV 1,Control Center,TASK_COMPLETE,Complete task 27
3,UAV 1,Control Center,LOW_BATTERY,Battery level: 26.7%
3,UAV 2,Control Center,TASK_COMPLETE,Complete task 1
3,UAV 2,Control Center,LOW_BATTERY,Battery level: 26.4%
3,UAV 3,Control Center,TASK_COMPLETE,Complete task 41
3,UAV 3,Control Center,CHARGING_REQUEST,"Request charging, battery: 12.4%"
3,Control Center,AGV 1,CHARGING_COMMAND,Charge UAV 3
3,AGV 1,UAV 3,CHARGING_START,Start charging
3,UAV 4,Control Center,TASK_COMPLETE,Complete task 8
3,UAV 4,Control Center,LOW_BATTERY,Battery level: 25.7%
3,UAV 5,Control Center,TASK_COMPLETE,Complete task 9
3,UAV 5,Control Center,LOW_BATTERY,Battery level: 24.2%
3,UAV 6,Control Center,TASK_COMPLETE,Complete task 19
3,UAV 6,Control Center,LOW_BATTERY,Battery level: 23.3%
3,UAV 7,Control Center,TASK_COMPLETE,Complete task 16
3,UAV 7,Control Center,CHARGING_REQUEST,"Request charging, battery: 13.6%"
3,Control Center,AGV 4,CHARGING_COMMAND,Charge UAV 7
3,AGV 4,UAV 7,CHARGING_START,Start charging
3,UAV 8,Control Center,TASK_COMPLETE,Complete task 4
3,UAV 8,Control Center,CHARGING_REQUEST,"Request charging, battery: 5.2%"
3,Control Center,AGV 4,CHARGING_COMMAND,Charge UAV 8
3,AGV 4,UAV 8,CHARGING_START,Start charging
3,UAV 9,Control Center,TASK_COMPLETE,Complete task 35
3,UAV 9,Control Center,LOW_BATTERY,Battery level: 29.0%
3,UAV 10,Control Center,TASK_COMPLETE,Complete task 48
3,UAV 10,Control Center,LOW_BATTERY,Battery level: 26.5%
4,UAV 1,Control Center,LOW_BATTERY,Battery level: 26.7%
4,UAV 2,Control Center,LOW_BATTERY,Battery level: 26.4%
4,UAV 4,Control Center,LOW_BATTERY,Battery level: 25.7%
4,UAV 5,Control Center,LOW_BATTERY,Battery level: 24.2%
4,UAV 6,Control Center,LOW_BATTERY,Battery level: 23.3%
4,UAV 9,Control Center,LOW_BATTERY,Battery level: 29.0%
4,UAV 10,Control Center,LOW_BATTERY,Battery level: 26.5%
5,UAV 1,Control Center,LOW_BATTERY,Battery level: 26.7%
5,UAV 2,Control Center,LOW_BATTERY,Battery level: 26.4%
5,UAV 4,Control Center,LOW_BATTERY,Battery level: 25.7%
5,UAV 5,Control Center,LOW_BATTERY,Battery level: 24.2%
5,UAV 6,Control Center,LOW_BATTERY,Battery level: 23.3%
5,UAV 9,Control Center,LOW_BATTERY,Battery level: 29.0%
5,UAV 10,Control Center,LOW_BATTERY,Battery level: 26.5%
6,UAV 1,Control Center,LOW_BATTERY,Battery level: 26.7%
6,UAV 2,Control Center,LOW_BATTERY,Battery level: 26.4%
6,UAV 4,Control Center,LOW_BATTERY,Battery level: 25.7%
6,UAV 5,Control Center,LOW_BATTERY,Battery level: 24.2%
6,UAV 6,Control Center,LOW_BATTERY,Battery level: 23.3%
6,UAV 9,Control Center,LOW_BATTERY,Battery level: 29.0%
6,UAV 10,Control Center,LOW_BATTERY,Battery level: 26.5%
7,UAV 1,Control Center,LOW_BATTERY,Battery level: 26.7%
7,UAV 2,Control Center,LOW_BATTERY,Battery level: 26.4%
7,UAV 4,Control Center,LOW_BATTERY,Battery level: 25.7%
7,UAV 5,Control Center,LOW_BATTERY,Battery level: 24.2%
7,UAV 6,Control Center,LOW_BATTERY,Battery level: 23.3%
7,UAV 9,Control Center,LOW_BATTERY,Battery level: 29.0%
7,UAV 10,Control Center,LOW_BATTERY,Battery level: 26.5%
8,UAV 1,Control Center,LOW_BATTERY,Battery level: 26.7%
8,UAV 2,Control Center,LOW_BATTERY,Battery level: 26.4%
8,UAV 4,Control Center,LOW_BATTERY,Battery level: 25.7%
8,UAV 5,Control Center,LOW_BATTERY,Battery level: 24.2%
8,UAV 6,Control Center,LOW_BATTERY,Battery level: 23.3%
8,UAV 9,Control Center,LOW_BATTERY,Battery level: 29.0%
8,UAV 10,Control Center,LOW_BATTERY,Battery level: 26.5%
9,UAV 1,Control Center,LOW_BATTERY,Battery level: 26.7%
9,UAV 2,Control Center,LOW_BATTERY,Battery level: 26.4%
9,UAV 4,Control Center,LOW_BATTERY,Battery level: 25.7%
9,UAV 5,Control Center,LOW_BATTERY,Battery level: 24.2%
9,UAV 6,Control Center,LOW_BATTERY,Battery level: 23.3%
9,UAV 9,Control Center,LOW_BATTERY,Battery level: 29.0%
9,UAV 10,Control Center,LOW_BATTERY,Battery level: 26.5%
10,UAV 1,Control Center,LOW_BATTERY,Battery level: 26.7%
10,UAV 2,Control Center,LOW_BATTERY,Battery level: 26.4%
10,UAV 4,Control Center,LOW_BATTERY,Battery level: 25.7%
10,UAV 5,Control Center,LOW_BATTERY,Battery level: 24.2%
10,UAV 6,Control Center,LOW_BATTERY,Battery level: 23.3%
10,UAV 9,Control Center,LOW_BATTERY,Battery level: 29.0%
10,UAV 10,Control Center,LOW_BATTERY,Battery level: 26.5%
11,Control Center,UAV 7,TASK_ASSIGNMENT,Assign task 14
11,Control Center,UAV 3,TASK_ASSIGNMENT,Assign task 50
11,UAV 7,Control Center,TASK_START,Start task 14
11,UAV 3,Control Center,TASK_START,Start task 50
11,UAV 1,Control Center,LOW_BATTERY,Battery level: 26.7%
11,UAV 2,Control Center,LOW_BATTERY,Battery level: 26.4%
11,UAV 4,Control Center,LOW_BATTERY,Battery level: 25.7%
11,UAV 5,Control Center,LOW_BATTERY,Battery level: 24.2%
11,UAV 6,Control Center,LOW_BATTERY,Battery level: 23.3%
11,UAV 9,Control Center,LOW_BATTERY,Battery level: 29.0%
11,UAV 10,Control Center,LOW_BATTERY,Battery level: 26.5%
12,UAV 1,Control Center,LOW_BATTERY,Battery level: 26.7%
12,UAV 2,Control Center,LOW_BATTERY,Battery level: 26.4%
12,UAV 4,Control Center,LOW_BATTERY,Battery level: 25.7%
12,UAV 5,Control Center,LOW_BATTERY,Battery level: 24.2%
12,UAV 6,Control Center,LOW_BATTERY,Battery level: 23.3%
12,UAV 9,Control Center,LOW_BATTERY,Battery level: 29.0%
12,UAV 10,Control Center,LOW_BATTERY,Battery level: 26.5%
13,Control Center,UAV 8,TASK_ASSIGNMENT,Assign task 15
13,UAV 8,Control Center,TASK_START,Start task 15
13,UAV 1,Control Center,LOW_BATTERY,Battery level: 26.7%
13,UAV 2,Control Center,LOW_BATTERY,Battery level: 26.4%
13,UAV 4,Control Center,LOW_BATTERY,Battery level: 25.7%
13,UAV 5,Control Center,LOW_BATTERY,Battery level: 24.2%
13,UAV 6,Control Center,LOW_BATTERY,Battery level: 23.3%
13,UAV 9,Control Center,LOW_BATTERY,Battery level: 29.0%
13,UAV 10,Control Center,LOW_BATTERY,Battery level: 26.5%
14,UAV 1,Control Center,LOW_BATTERY,Battery level: 26.7%
14,UAV 2,Control Center,LOW_BATTERY,Battery level: 26.4%
14,UAV 4,Control Center,LOW_BATTERY,Battery level: 25.7%
14,UAV 5,Control Center,LOW_BATTERY,Battery level: 24.2%
14,UAV 6,Control Center,LOW_BATTERY,Battery level: 23.3%
14,UAV 9,Control Center,LOW_BATTERY,Battery level: 29.0%
14,UAV 10,Control Center,LOW_BATTERY,Battery level: 26.5%
15,UAV 1,Control Center,LOW_BATTERY,Battery level: 26.7%
15,UAV 2,Control Center,LOW_BATTERY,Battery level: 26.4%
15,UAV 4,Control Center,LOW_BATTERY,Battery level: 25.7%
15,UAV 5,Control Center,LOW_BATTERY,Battery level: 24.2%
15,UAV 6,Control Center,LOW_BATTERY,Battery level: 23.3%
15,UAV 9,Control Center,LOW_BATTERY,Battery level: 29.0%
15,UAV 10,Control Center,LOW_BATTERY,Battery level: 26.5%
16,UAV 1,Control Center,LOW_BATTERY,Battery level: 26.7%
16,UAV 2,Control Center,LOW_BATTERY,Battery level: 26.4%
16,UAV 4,Control Center,LOW_BATTERY,Battery level: 25.7%
16,UAV 5,Control Center,LOW_BATTERY,Battery level: 24.2%
16,UAV 6,Control Center,LOW_BATTERY,Battery level: 23.3%
16,UAV 9,Control Center,LOW_BATTERY,Battery level: 29.0%
16,UAV 10,Control Center,LOW_BATTERY,Battery level: 26.5%
17,UAV 1,Control Center,LOW_BATTERY,Battery level: 26.7%
17,UAV 2,Control Center,LOW_BATTERY,Battery level: 26.4%
17,UAV 4,Control Center,LOW_BATTERY,Battery level: 25.7%
17,UAV 5,Control Center,LOW_BATTERY,Battery level: 24.2%
17,UAV 6,Control Center,LOW_BATTERY,Battery level: 23.3%
17,UAV 9,Control Center,LOW_BATTERY,Battery level: 29.0%
17,UAV 10,Control Center,LOW_BATTERY,Battery level: 26.5%
18,UAV 1,Control Center,LOW_BATTERY,Battery level: 26.7%
18,UAV 2,Control Center,LOW_BATTERY,Battery level: 26.4%
18,UAV 3,Control Center,TASK_COMPLETE,Complete task 50
18,UAV 4,Control Center,LOW_BATTERY,Battery level: 25.7%
18,UAV 5,Control Center,LOW_BATTERY,Battery level: 24.2%
18,UAV 6,Control Center,LOW_BATTERY,Battery level: 23.3%
18,UAV 7,Control Center,TASK_COMPLETE,Complete task 14
18,UAV 9,Control Center,LOW_BATTERY,Battery level: 29.0%
18,UAV 10,Control Center,LOW_BATTERY,Battery level: 26.5%
19,Control Center,UAV 3,TASK_ASSIGNMENT,Assign task 12
19,UAV 3,Control Center,TASK_START,Start task 12
19,UAV 1,Control Center,LOW_BATTERY,Battery level: 26.7%
19,UAV 2,Control Center,LOW_BATTERY,Battery level: 26.4%
19,UAV 3,Control Center,LOW_BATTERY,Battery level: 27.6%
19,UAV 4,Control Center,LOW_BATTERY,Battery level: 25.7%
19,UAV 5,Control Center,LOW_BATTERY,Battery level: 24.2%
19,UAV 6,Control Center,LOW_BATTERY,Battery level: 23.3%
19,UAV 8,Control Center,TASK_COMPLETE,Complete task 15
19,UAV 9,Control Center,LOW_BATTERY,Battery level: 29.0%
19,UAV 10,Control Center,LOW_BATTERY,Battery level: 26.5%
20,UAV 1,Control Center,LOW_BATTERY,Battery level: 26.7%
20,UAV 2,Control Center,LOW_BATTERY,Battery level: 26.4%
20,UAV 3,Control Center,TASK_COMPLETE,Complete task 12
20,UAV 3,Control Center,CHARGING_REQUEST,"Request charging, battery: 8.2%"
20,Control Center,AGV 4,CHARGING_COMMAND,Charge UAV 3
20,AGV 4,UAV 3,CHARGING_START,Start charging
20,UAV 4,Control Center,LOW_BATTERY,Battery level: 25.7%
20,UAV 5,Control Center,LOW_BATTERY,Battery level: 24.2%
20,UAV 6,Control Center,LOW_BATTERY,Battery level: 23.3%
20,UAV 9,Control Center,LOW_BATTERY,Battery level: 29.0%
20,UAV 10,Control Center,LOW_BATTERY,Battery level: 26.5%
21,UAV 1,Control Center,LOW_BATTERY,Battery level: 26.7%
21,UAV 2,Control Center,LOW_BATTERY,Battery level: 26.4%
21,UAV 4,Control Center,LOW_BATTERY,Battery level: 25.7%
21,UAV 5,Control Center,LOW_BATTERY,Battery level: 24.2%
21,UAV 6,Control Center,LOW_BATTERY,Battery level: 23.3%
21,UAV 9,Control Center,LOW_BATTERY,Battery level: 29.0%
21,UAV 10,Control Center,LOW_BATTERY,Battery level: 26.5%
22,UAV 1,Control Center,LOW_BATTERY,Battery level: 26.7%
22,UAV 2,Control Center,LOW_BATTERY,Battery level: 26.4%
22,UAV 4,Control Center,LOW_BATTERY,Battery level: 25.7%
22,UAV 5,Control Center,LOW_BATTERY,Battery level: 24.2%
22,UAV 6,Control Center,LOW_BATTERY,Battery level: 23.3%
22,UAV 9,Control Center,LOW_BATTERY,Battery level: 29.0%
22,UAV 10,Control Center,LOW_BATTERY,Battery level: 26.5%
23,UAV 1,Control Center,LOW_BATTERY,Battery level: 26.7%
23,UAV 2,Control Center,LOW_BATTERY,Battery level: 26.4%
23,UAV 4,Control Center,LOW_BATTERY,Battery level: 25.7%
23,UAV 5,Control Center,LOW_BATTERY,Battery level: 24.2%
23,UAV 6,Control Center,LOW_BATTERY,Battery level: 23.3%
23,UAV 9,Control Center,LOW_BATTERY,Battery level: 29.0%
23,UAV 10,Control Center,LOW_BATTERY,Battery level: 26.5%
24,UAV 1,Control Center,LOW_BATTERY,Battery level: 26.7%
24,UAV 2,Control Center,LOW_BATTERY,Battery level: 26.4%
24,UAV 4,Control Center,LOW_BATTERY,Battery level: 25.7%
24,UAV 5,Control Center,LOW_BATTERY,Battery level: 24.2%
24,UAV 6,Control Center,LOW_BATTERY,Battery level: 23.3%
24,UAV 9,Control Center,LOW_BATTERY,Battery level: 29.0%
24,UAV 10,Control Center,LOW_BATTERY,Battery level: 26.5%
25,UAV 1,Control Center,LOW_BATTERY,Battery level: 26.7%
25,UAV 2,Control Center,LOW_BATTERY,Battery level: 26.4%
25,UAV 4,Control Center,LOW_BATTERY,Battery level: 25.7%
25,UAV 5,Control Center,LOW_BATTERY,Battery level: 24.2%
25,UAV 6,Control Center,LOW_BATTERY,Battery level: 23.3%
25,UAV 9,Control Center,LOW_BATTERY,Battery level: 29.0%
25,UAV 10,Control Center,LOW_BATTERY,Battery level: 26.5%
26,UAV 1,Control Center,LOW_BATTERY,Battery level: 26.7%
26,UAV 2,Control Center,LOW_BATTERY,Battery level: 26.4%
26,UAV 4,Control Center,LOW_BATTERY,Battery level: 25.7%
26,UAV 5,Control Center,LOW_BATTERY,Battery level: 24.2%
26,UAV 6,Control Center,LOW_BATTERY,Battery level: 23.3%
26,UAV 9,Control Center,LOW_BATTERY,Battery level: 29.0%
26,UAV 10,Control Center,LOW_BATTERY,Battery level: 26.5%
27,UAV 1,Control Center,LOW_BATTERY,Battery level: 26.7%
27,UAV 2,Control Center,LOW_BATTERY,Battery level: 26.4%
27,UAV 4,Control Center,LOW_BATTERY,Battery level: 25.7%
27,UAV 5,Control Center,LOW_BATTERY,Battery level: 24.2%
27,UAV 6,Control Center,LOW_BATTERY,Battery level: 23.3%
27,UAV 9,Control Center,LOW_BATTERY,Battery level: 29.0%
27,UAV 10,Control Center,LOW_BATTERY,Battery level: 26.5%
28,UAV 1,Control Center,LOW_BATTERY,Battery level: 26.7%
28,UAV 2,Control Center,LOW_BATTERY,Battery level: 26.4%
28,UAV 4,Control Center,LOW_BATTERY,Battery level: 25.7%
28,UAV 5,Control Center,LOW_BATTERY,Battery level: 24.2%
28,UAV 6,Control Center,LOW_BATTERY,Battery level: 23.3%
28,UAV 9,Control Center,LOW_BATTERY,Battery level: 29.0%
28,UAV 10,Control Center,LOW_BATTERY,Battery level: 26.5%
29,Control Center,UAV 3,TASK_ASSIGNMENT,Assign task 37
29,UAV 3,Control Center,TASK_START,Start task 37
29,UAV 1,Control Center,LOW_BATTERY,Battery level: 26.7%
29,UAV 2,Control Center,LOW_BATTERY,Battery level: 26.4%
29,UAV 4,Control Center,LOW_BATTERY,Battery level: 25.7%
29,UAV 5,Control Center,LOW_BATTERY,Battery level: 24.2%
29,UAV 6,Control Center,LOW_BATTERY,Battery level: 23.3%
29,UAV 9,Control Center,LOW_BATTERY,Battery level: 29.0%
29,UAV 10,Control Center,LOW_BATTERY,Battery level: 26.5%
30,UAV 1,Control Center,LOW_BATTERY,Battery level: 26.7%
30,UAV 2,Control Center,LOW_BATTERY,Battery level: 26.4%
30,UAV 4,Control Center,LOW_BATTERY,Battery level: 25.7%
30,UAV 5,Control Center,LOW_BATTERY,Battery level: 24.2%
30,UAV 6,Control Center,LOW_BATTERY,Battery level: 23.3%
30,UAV 9,Control Center,LOW_BATTERY,Battery level: 29.0%
30,UAV 10,Control Center,LOW_BATTERY,Battery level: 26.5%
31,UAV 1,Control Center,LOW_BATTERY,Battery level: 26.7%
31,UAV 2,Control Center,LOW_BATTERY,Battery level: 26.4%
31,UAV 4,Control Center,LOW_BATTERY,Battery level: 25.7%
31,UAV 5,Control Center,LOW_BATTERY,Battery level: 24.2%
31,UAV 6,Control Center,LOW_BATTERY,Battery level: 23.3%
31,UAV 9,Control Center,LOW_BATTERY,Battery level: 29.0%
31,UAV 10,Control Center,LOW_BATTERY,Battery level: 26.5%
32,UAV 1,Control Center,LOW_BATTERY,Battery level: 26.7%
32,UAV 2,Control Center,LOW_BATTERY,Battery level: 26.4%
32,UAV 4,Control Center,LOW_BATTERY,Battery level: 25.7%
32,UAV 5,Control Center,LOW_BATTERY,Battery level: 24.2%
32,UAV 6,Control Center,LOW_BATTERY,Battery level: 23.3%
32,UAV 9,Control Center,LOW_BATTERY,Battery level: 29.0%
32,UAV 10,Control Center,LOW_BATTERY,Battery level: 26.5%
33,UAV 1,Control Center,LOW_BATTERY,Battery level: 26.7%
33,UAV 2,Control Center,LOW_BATTERY,Battery level: 26.4%
33,UAV 4,Control Center,LOW_BATTERY,Battery level: 25.7%
33,UAV 5,Control Center,LOW_BATTERY,Battery level: 24.2%
33,UAV 6,Control Center,LOW_BATTERY,Battery level: 23.3%
33,UAV 9,Control Center,LOW_BATTERY,Battery level: 29.0%
33,UAV 10,Control Center,LOW_BATTERY,Battery level: 26.5%
34,UAV 1,Control Center,LOW_BATTERY,Battery level: 26.7%
34,UAV 2,Control Center,LOW_BATTERY,Battery level: 26.4%
34,UAV 4,Control Center,LOW_BATTERY,Battery level: 25.7%
34,UAV 5,Control Center,LOW_BATTERY,Battery level: 24.2%
34,UAV 6,Control Center,LOW_BATTERY,Battery level: 23.3%
34,UAV 9,Control Center,LOW_BATTERY,Battery level: 29.0%
34,UAV 10,Control Center,LOW_BATTERY,Battery level: 26.5%
35,UAV 1,Control Center,LOW_BATTERY,Battery level: 26.7%
35,UAV 2,Control Center,LOW_BATTERY,Battery level: 26.4%
35,UAV 4,Control Center,LOW_BATTERY,Battery level: 25.7%
35,UAV 5,Control Center,LOW_BATTERY,Battery level: 24.2%
35,UAV 6,Control Center,LOW_BATTERY,Battery level: 23.3%
35,UAV 9,Control Center,LOW_BATTERY,Battery level: 29.0%
35,UAV 10,Control Center,LOW_BATTERY,Battery level: 26.5%
36,UAV 1,Control Center,LOW_BATTERY,Battery level: 26.7%
36,UAV 2,Control Center,LOW_BATTERY,Battery level: 26.4%
36,UAV 3,Control Center,TASK_COMPLETE,Complete task 37
36,UAV 4,Control Center,LOW_BATTERY,Battery level: 25.7%
36,UAV 5,Control Center,LOW_BATTERY,Battery level: 24.2%
36,UAV 6,Control Center,LOW_BATTERY,Battery level: 23.3%
36,UAV 9,Control Center,LOW_BATTERY,Battery level: 29.0%
36,UAV 10,Control Center,LOW_BATTERY,Battery level: 26.5%
37,Control Center,UAV 3,TASK_ASSIGNMENT,Assign task 30
37,UAV 3,Control Center,TASK_START,Start task 30
37,UAV 1,Control Center,LOW_BATTERY,Battery level: 26.7%
37,UAV 2,Control Center,LOW_BATTERY,Battery level: 26.4%
37,UAV 4,Control Center,LOW_BATTERY,Battery level: 25.7%
37,UAV 5,Control Center,LOW_BATTERY,Battery level: 24.2%
37,UAV 6,Control Center,LOW_BATTERY,Battery level: 23.3%
37,UAV 9,Control Center,LOW_BATTERY,Battery level: 29.0%
37,UAV 10,Control Center,LOW_BATTERY,Battery level: 26.5%
38,UAV 1,Control Center,LOW_BATTERY,Battery level: 26.7%
38,UAV 2,Control Center,LOW_BATTERY,Battery level: 26.4%
38,UAV 3,Control Center,TASK_COMPLETE,Complete task 30
38,UAV 3,Control Center,CHARGING_REQUEST,"Request charging, battery: 10.9%"
38,Control Center,AGV 4,CHARGING_COMMAND,Charge UAV 3
38,AGV 4,UAV 3,CHARGING_START,Start charging
38,UAV 4,Control Center,LOW_BATTERY,Battery level: 25.7%
38,UAV 5,Control Center,LOW_BATTERY,Battery level: 24.2%
38,UAV 6,Control Center,LOW_BATTERY,Battery level: 23.3%
38,UAV 9,Control Center,LOW_BATTERY,Battery level: 29.0%
38,UAV 10,Control Center,LOW_BATTERY,Battery level: 26.5%
39,UAV 1,Control Center,LOW_BATTERY,Battery level: 26.7%
39,UAV 2,Control Center,LOW_BATTERY,Battery level: 26.4%
39,UAV 4,Control Center,LOW_BATTERY,Battery level: 25.7%
39,UAV 5,Control Center,LOW_BATTERY,Battery level: 24.2%
39,UAV 6,Control Center,LOW_BATTERY,Battery level: 23.3%
39,UAV 9,Control Center,LOW_BATTERY,Battery level: 29.0%
39,UAV 10,Control Center,LOW_BATTERY,Battery level: 26.5%
40,UAV 1,Control Center,LOW_BATTERY,Battery level: 26.7%
40,UAV 2,Control Center,LOW_BATTERY,Battery level: 26.4%
40,UAV 4,Control Center,LOW_BATTERY,Battery level: 25.7%
40,UAV 5,Control Center,LOW_BATTERY,Battery level: 24.2%
40,UAV 6,Control Center,LOW_BATTERY,Battery level: 23.3%
40,UAV 9,Control Center,LOW_BATTERY,Battery level: 29.0%
40,UAV 10,Control Center,LOW_BATTERY,Battery level: 26.5%
41,UAV 1,Control Center,LOW_BATTERY,Battery level: 26.7%
41,UAV 2,Control Center,LOW_BATTERY,Battery level: 26.4%
41,UAV 4,Control Center,LOW_BATTERY,Battery level: 25.7%
41,UAV 5,Control Center,LOW_BATTERY,Battery level: 24.2%
41,UAV 6,Control Center,LOW_BATTERY,Battery level: 23.3%
41,UAV 9,Control Center,LOW_BATTERY,Battery level: 29.0%
41,UAV 10,Control Center,LOW_BATTERY,Battery level: 26.5%
42,UAV 1,Control Center,LOW_BATTERY,Battery level: 26.7%
42,UAV 2,Control Center,LOW_BATTERY,Battery level: 26.4%
42,UAV 4,Control Center,LOW_BATTERY,Battery level: 25.7%
42,UAV 5,Control Center,LOW_BATTERY,Battery level: 24.2%
42,UAV 6,Control Center,LOW_BATTERY,Battery level: 23.3%
42,UAV 9,Control Center,LOW_BATTERY,Battery level: 29.0%
42,UAV 10,Control Center,LOW_BATTERY,Battery level: 26.5%
43,UAV 1,Control Center,LOW_BATTERY,Battery level: 26.7%
43,UAV 2,Control Center,LOW_BATTERY,Battery level: 26.4%
43,UAV 4,Control Center,LOW_BATTERY,Battery level: 25.7%
43,UAV 5,Control Center,LOW_BATTERY,Battery level: 24.2%
43,UAV 6,Control Center,LOW_BATTERY,Battery level: 23.3%
43,UAV 9,Control Center,LOW_BATTERY,Battery level: 29.0%
43,UAV 10,Control Center,LOW_BATTERY,Battery level: 26.5%
44,UAV 1,Control Center,LOW_BATTERY,Battery level: 26.7%
44,UAV 2,Control Center,LOW_BATTERY,Battery level: 26.4%
44,UAV 4,Control Center,LOW_BATTERY,Battery level: 25.7%
44,UAV 5,Control Center,LOW_BATTERY,Battery level: 24.2%
44,UAV 6,Control Center,LOW_BATTERY,Battery level: 23.3%
44,UAV 9,Control Center,LOW_BATTERY,Battery level: 29.0%
44,UAV 10,Control Center,LOW_BATTERY,Battery level: 26.5%
45,UAV 1,Control Center,LOW_BATTERY,Battery level: 26.7%
45,UAV 2,Control Center,LOW_BATTERY,Battery level: 26.4%
45,UAV 4,Control Center,LOW_BATTERY,Battery level: 25.7%
45,UAV 5,Control Center,LOW_BATTERY,Battery level: 24.2%
45,UAV 6,Control Center,LOW_BATTERY,Battery level: 23.3%
45,UAV 9,Control Center,LOW_BATTERY,Battery level: 29.0%
45,UAV 10,Control Center,LOW_BATTERY,Battery level: 26.5%
46,UAV 1,Control Center,LOW_BATTERY,Battery level: 26.7%
46,UAV 2,Control Center,LOW_BATTERY,Battery level: 26.4%
46,UAV 4,Control Center,LOW_BATTERY,Battery level: 25.7%
46,UAV 5,Control Center,LOW_BATTERY,Battery level: 24.2%
46,UAV 6,Control Center,LOW_BATTERY,Battery level: 23.3%
46,UAV 9,Control Center,LOW_BATTERY,Battery level: 29.0%
46,UAV 10,Control Center,LOW_BATTERY,Battery level: 26.5%
47,Control Center,UAV 3,TASK_ASSIGNMENT,Assign task 21
47,UAV 3,Control Center,TASK_START,Start task 21
47,UAV 1,Control Center,LOW_BATTERY,Battery level: 26.7%
47,UAV 2,Control Center,LOW_BATTERY,Battery level: 26.4%
47,UAV 4,Control Center,LOW_BATTERY,Battery level: 25.7%
47,UAV 5,Control Center,LOW_BATTERY,Battery level: 24.2%
47,UAV 6,Control Center,LOW_BATTERY,Battery level: 23.3%
47,UAV 9,Control Center,LOW_BATTERY,Battery level: 29.0%
47,UAV 10,Control Center,LOW_BATTERY,Battery level: 26.5%
48,UAV 1,Control Center,LOW_BATTERY,Battery level: 26.7%
48,UAV 2,Control Center,LOW_BATTERY,Battery level: 26.4%
48,UAV 4,Control Center,LOW_BATTERY,Battery level: 25.7%
48,UAV 5,Control Center,LOW_BATTERY,Battery level: 24.2%
48,UAV 6,Control Center,LOW_BATTERY,Battery level: 23.3%
48,UAV 9,Control Center,LOW_BATTERY,Battery level: 29.0%
48,UAV 10,Control Center,LOW_BATTERY,Battery level: 26.5%
49,UAV 1,Control Center,LOW_BATTERY,Battery level: 26.7%
49,UAV 2,Control Center,LOW_BATTERY,Battery level: 26.4%
49,UAV 4,Control Center,LOW_BATTERY,Battery level: 25.7%
49,UAV 5,Control Center,LOW_BATTERY,Battery level: 24.2%
49,UAV 6,Control Center,LOW_BATTERY,Battery level: 23.3%
49,UAV 9,Control Center,LOW_BATTERY,Battery level: 29.0%
49,UAV 10,Control Center,LOW_BATTERY,Battery level: 26.5%
50,UAV 1,Control Center,LOW_BATTERY,Battery level: 26.7%
50,UAV 2,Control Center,LOW_BATTERY,Battery level: 26.4%
50,UAV 4,Control Center,LOW_BATTERY,Battery level: 25.7%
50,UAV 5,Control Center,LOW_BATTERY,Battery level: 24.2%
50,UAV 6,Control Center,LOW_BATTERY,Battery level: 23.3%
50,UAV 9,Control Center,LOW_BATTERY,Battery level: 29.0%
50,UAV 10,Control Center,LOW_BATTERY,Battery level: 26.5%
51,UAV 1,Control Center,LOW_BATTERY,Battery level: 26.7%
51,UAV 2,Control Center,LOW_BATTERY,Battery level: 26.4%
51,UAV 4,Control Center,LOW_BATTERY,Battery level: 25.7%
51,UAV 5,Control Center,LOW_BATTERY,Battery level: 24.2%
51,UAV 6,Control Center,LOW_BATTERY,Battery level: 23.3%
51,UAV 9,Control Center,LOW_BATTERY,Battery level: 29.0%
51,UAV 10,Control Center,LOW_BATTERY,Battery level: 26.5%
52,UAV 1,Control Center,LOW_BATTERY,Battery level: 26.7%
52,UAV 2,Control Center,LOW_BATTERY,Battery level: 26.4%
52,UAV 4,Control Center,LOW_BATTERY,Battery level: 25.7%
52,UAV 5,Control Center,LOW_BATTERY,Battery level: 24.2%
52,UAV 6,Control Center,LOW_BATTERY,Battery level: 23.3%
52,UAV 9,Control Center,LOW_BATTERY,Battery level: 29.0%
52,UAV 10,Control Center,LOW_BATTERY,Battery level: 26.5%
53,UAV 1,Control Center,LOW_BATTERY,Battery level: 26.7%
53,UAV 2,Control Center,LOW_BATTERY,Battery level: 26.4%
53,UAV 3,Control Center,TASK_COMPLETE,Complete task 21
53,UAV 4,Control Center,LOW_BATTERY,Battery level: 25.7%
53,UAV 5,Control Center,LOW_BATTERY,Battery level: 24.2%
53,UAV 6,Control Center,LOW_BATTERY,Battery level: 23.3%
53,UAV 9,Control Center,LOW_BATTERY,Battery level: 29.0%
53,UAV 10,Control Center,LOW_BATTERY,Battery level: 26.5%
54,UAV 1,Control Center,LOW_BATTERY,Battery level: 26.7%
54,UAV 2,Control Center,LOW_BATTERY,Battery level: 26.4%
54,UAV 4,Control Center,LOW_BATTERY,Battery level: 25.7%
54,UAV 5,Control Center,LOW_BATTERY,Battery level: 24.2%
54,UAV 6,Control Center,LOW_BATTERY,Battery level: 23.3%
54,UAV 9,Control Center,LOW_BATTERY,Battery level: 29.0%
54,UAV 10,Control Center,LOW_BATTERY,Battery level: 26.5%
55,UAV 1,Control Center,LOW_BATTERY,Battery level: 26.7%
55,UAV 2,Control Center,LOW_BATTERY,Battery level: 26.4%
55,UAV 4,Control Center,LOW_BATTERY,Battery level: 25.7%
55,UAV 5,Control Center,LOW_BATTERY,Battery level: 24.2%
55,UAV 6,Control Center,LOW_BATTERY,Battery level: 23.3%
55,UAV 9,Control Center,LOW_BATTERY,Battery level: 29.0%
55,UAV 10,Control Center,LOW_BATTERY,Battery level: 26.5%
56,UAV 1,Control Center,LOW_BATTERY,Battery level: 26.7%
56,UAV 2,Control Center,LOW_BATTERY,Battery level: 26.4%
56,UAV 4,Control Center,LOW_BATTERY,Battery level: 25.7%
56,UAV 5,Control Center,LOW_BATTERY,Battery level: 24.2%
56,UAV 6,Control Center,LOW_BATTERY,Battery level: 23.3%
56,UAV 9,Control Center,LOW_BATTERY,Battery level: 29.0%
56,UAV 10,Control Center,LOW_BATTERY,Battery level: 26.5%
57,UAV 1,Control Center,LOW_BATTERY,Battery level: 26.7%
57,UAV 2,Control Center,LOW_BATTERY,Battery level: 26.4%
57,UAV 4,Control Center,LOW_BATTERY,Battery level: 25.7%
57,UAV 5,Control Center,LOW_BATTERY,Battery level: 24.2%
57,UAV 6,Control Center,LOW_BATTERY,Battery level: 23.3%
57,UAV 9,Control Center,LOW_BATTERY,Battery level: 29.0%
57,UAV 10,Control Center,LOW_BATTERY,Battery level: 26.5%
58,UAV 1,Control Center,LOW_BATTERY,Battery level: 26.7%
58,UAV 2,Control Center,LOW_BATTERY,Battery level: 26.4%
58,UAV 4,Control Center,LOW_BATTERY,Battery level: 25.7%
58,UAV 5,Control Center,LOW_BATTERY,Battery level: 24.2%
58,UAV 6,Control Center,LOW_BATTERY,Battery level: 23.3%
58,UAV 9,Control Center,LOW_BATTERY,Battery level: 29.0%
58,UAV 10,Control Center,LOW_BATTERY,Battery level: 26.5%
59,UAV 1,Control Center,LOW_BATTERY,Battery level: 26.7%
59,UAV 2,Control Center,LOW_BATTERY,Battery level: 26.4%
59,UAV 4,Control Center,LOW_BATTERY,Battery level: 25.7%
59,UAV 5,Control Center,LOW_BATTERY,Battery level: 24.2%
59,UAV 6,Control Center,LOW_BATTERY,Battery level: 23.3%
59,UAV 9,Control Center,LOW_BATTERY,Battery level: 29.0%
59,UAV 10,Control Center,LOW_BATTERY,Battery level: 26.5%
60,UAV 1,Control Center,LOW_BATTERY,Battery level: 26.7%
60,UAV 2,Control Center,LOW_BATTERY,Battery level: 26.4%
60,UAV 4,Control Center,LOW_BATTERY,Battery level: 25.7%
60,UAV 5,Control Center,LOW_BATTERY,Battery level: 24.2%
60,UAV 6,Control Center,LOW_BATTERY,Battery level: 23.3%
60,UAV 9,Control Center,LOW_BATTERY,Battery level: 29.0%
60,UAV 10,Control Center,LOW_BATTERY,Battery level: 26.5%
61,UAV 1,Control Center,LOW_BATTERY,Battery level: 26.7%
61,UAV 2,Control Center,LOW_BATTERY,Battery level: 26.4%
61,UAV 4,Control Center,LOW_BATTERY,Battery level: 25.7%
61,UAV 5,Control Center,LOW_BATTERY,Battery level: 24.2%
61,UAV 6,Control Center,LOW_BATTERY,Battery level: 23.3%
61,UAV 9,Control Center,LOW_BATTERY,Battery level: 29.0%
61,UAV 10,Control Center,LOW_BATTERY,Battery level: 26.5%
62,UAV 1,Control Center,LOW_BATTERY,Battery level: 26.7%
62,UAV 2,Control Center,LOW_BATTERY,Battery level: 26.4%
62,UAV 4,Control Center,LOW_BATTERY,Battery level: 25.7%
62,UAV 5,Control Center,LOW_BATTERY,Battery level: 24.2%
62,UAV 6,Control Center,LOW_BATTERY,Battery level: 23.3%
62,UAV 9,Control Center,LOW_BATTERY,Battery level: 29.0%
62,UAV 10,Control Center,LOW_BATTERY,Battery level: 26.5%
63,UAV 1,Control Center,LOW_BATTERY,Battery level: 26.7%
63,UAV 2,Control Center,LOW_BATTERY,Battery level: 26.4%
63,UAV 4,Control Center,LOW_BATTERY,Battery level: 25.7%
63,UAV 5,Control Center,LOW_BATTERY,Battery level: 24.2%
63,UAV 6,Control Center,LOW_BATTERY,Battery level: 23.3%
63,UAV 9,Control Center,LOW_BATTERY,Battery level: 29.0%
63,UAV 10,Control Center,LOW_BATTERY,Battery level: 26.5%
64,UAV 1,Control Center,LOW_BATTERY,Battery level: 26.7%
64,UAV 2,Control Center,LOW_BATTERY,Battery level: 26.4%
64,UAV 4,Control Center,LOW_BATTERY,Battery level: 25.7%
64,UAV 5,Control Center,LOW_BATTERY,Battery level: 24.2%
64,UAV 6,Control Center,LOW_BATTERY,Battery level: 23.3%
64,UAV 9,Control Center,LOW_BATTERY,Battery level: 29.0%
64,UAV 10,Control Center,LOW_BATTERY,Battery level: 26.5%
65,UAV 1,Control Center,LOW_BATTERY,Battery level: 26.7%
65,UAV 2,Control Center,LOW_BATTERY,Battery level: 26.4%
65,UAV 4,Control Center,LOW_BATTERY,Battery level: 25.7%
65,UAV 5,Control Center,LOW_BATTERY,Battery level: 24.2%
65,UAV 6,Control Center,LOW_BATTERY,Battery level: 23.3%
65,UAV 9,Control Center,LOW_BATTERY,Battery level: 29.0%
65,UAV 10,Control Center,LOW_BATTERY,Battery level: 26.5%
66,UAV 1,Control Center,LOW_BATTERY,Battery level: 26.7%
66,UAV 2,Control Center,LOW_BATTERY,Battery level: 26.4%
66,UAV 4,Control Center,LOW_BATTERY,Battery level: 25.7%
66,UAV 5,Control Center,LOW_BATTERY,Battery level: 24.2%
66,UAV 6,Control Center,LOW_BATTERY,Battery level: 23.3%
66,UAV 9,Control Center,LOW_BATTERY,Battery level: 29.0%
66,UAV 10,Control Center,LOW_BATTERY,Battery level: 26.5%
67,UAV 1,Control Center,LOW_BATTERY,Battery level: 26.7%
67,UAV 2,Control Center,LOW_BATTERY,Battery level: 26.4%
67,UAV 4,Control Center,LOW_BATTERY,Battery level: 25.7%
67,UAV 5,Control Center,LOW_BATTERY,Battery level: 24.2%
67,UAV 6,Control Center,LOW_BATTERY,Battery level: 23.3%
67,UAV 9,Control Center,LOW_BATTERY,Battery level: 29.0%
67,UAV 10,Control Center,LOW_BATTERY,Battery level: 26.5%
68,UAV 1,Control Center,LOW_BATTERY,Battery level: 26.7%
68,UAV 2,Control Center,LOW_BATTERY,Battery level: 26.4%
68,UAV 4,Control Center,LOW_BATTERY,Battery level: 25.7%
68,UAV 5,Control Center,LOW_BATTERY,Battery level: 24.2%
68,UAV 6,Control Center,LOW_BATTERY,Battery level: 23.3%
68,UAV 9,Control Center,LOW_BATTERY,Battery level: 29.0%
68,UAV 10,Control Center,LOW_BATTERY,Battery level: 26.5%
69,UAV 1,Control Center,LOW_BATTERY,Battery level: 26.7%
69,UAV 2,Control Center,LOW_BATTERY,Battery level: 26.4%
69,UAV 4,Control Center,LOW_BATTERY,Battery level: 25.7%
69,UAV 5,Control Center,LOW_BATTERY,Battery level: 24.2%
69,UAV 6,Control Center,LOW_BATTERY,Battery level: 23.3%
69,UAV 9,Control Center,LOW_BATTERY,Battery level: 29.0%
69,UAV 10,Control Center,LOW_BATTERY,Battery level: 26.5%
70,UAV 1,Control Center,LOW_BATTERY,Battery level: 26.7%
70,UAV 2,Control Center,LOW_BATTERY,Battery level: 26.4%
70,UAV 4,Control Center,LOW_BATTERY,Battery level: 25.7%
70,UAV 5,Control Center,LOW_BATTERY,Battery level: 24.2%
70,UAV 6,Control Center,LOW_BATTERY,Battery level: 23.3%
70,UAV 9,Control Center,LOW_BATTERY,Battery level: 29.0%
70,UAV 10,Control Center,LOW_BATTERY,Battery level: 26.5%
71,UAV 1,Control Center,LOW_BATTERY,Battery level: 26.7%
71,UAV 2,Control Center,LOW_BATTERY,Battery level: 26.4%
71,UAV 4,Control Center,LOW_BATTERY,Battery level: 25.7%
71,UAV 5,Control Center,LOW_BATTERY,Battery level: 24.2%
71,UAV 6,Control Center,LOW_BATTERY,Battery level: 23.3%
71,UAV 9,Control Center,LOW_BATTERY,Battery level: 29.0%
71,UAV 10,Control Center,LOW_BATTERY,Battery level: 26.5%
72,UAV 1,Control Center,LOW_BATTERY,Battery level: 26.7%
72,UAV 2,Control Center,LOW_BATTERY,Battery level: 26.4%
72,UAV 4,Control Center,LOW_BATTERY,Battery level: 25.7%
72,UAV 5,Control Center,LOW_BATTERY,Battery level: 24.2%
72,UAV 6,Control Center,LOW_BATTERY,Battery level: 23.3%
72,UAV 9,Control Center,LOW_BATTERY,Battery level: 29.0%
72,UAV 10,Control Center,LOW_BATTERY,Battery level: 26.5%
73,UAV 1,Control Center,LOW_BATTERY,Battery level: 26.7%
73,UAV 2,Control Center,LOW_BATTERY,Battery level: 26.4%
73,UAV 4,Control Center,LOW_BATTERY,Battery level: 25.7%
73,UAV 5,Control Center,LOW_BATTERY,Battery level: 24.2%
73,UAV 6,Control Center,LOW_BATTERY,Battery level: 23.3%
73,UAV 9,Control Center,LOW_BATTERY,Battery level: 29.0%
73,UAV 10,Control Center,LOW_BATTERY,Battery level: 26.5%
74,UAV 1,Control Center,LOW_BATTERY,Battery level: 26.7%
74,UAV 2,Control Center,LOW_BATTERY,Battery level: 26.4%
74,UAV 4,Control Center,LOW_BATTERY,Battery level: 25.7%
74,UAV 5,Control Center,LOW_BATTERY,Battery level: 24.2%
74,UAV 6,Control Center,LOW_BATTERY,Battery level: 23.3%
74,UAV 9,Control Center,LOW_BATTERY,Battery level: 29.0%
74,UAV 10,Control Center,LOW_BATTERY,Battery level: 26.5%
75,UAV 1,Control Center,LOW_BATTERY,Battery level: 26.7%
75,UAV 2,Control Center,LOW_BATTERY,Battery level: 26.4%
75,UAV 4,Control Center,LOW_BATTERY,Battery level: 25.7%
75,UAV 5,Control Center,LOW_BATTERY,Battery level: 24.2%
75,UAV 6,Control Center,LOW_BATTERY,Battery level: 23.3%
75,UAV 9,Control Center,LOW_BATTERY,Battery level: 29.0%
75,UAV 10,Control Center,LOW_BATTERY,Battery level: 26.5%
76,UAV 1,Control Center,LOW_BATTERY,Battery level: 26.7%
76,UAV 2,Control Center,LOW_BATTERY,Battery level: 26.4%
76,UAV 4,Control Center,LOW_BATTERY,Battery level: 25.7%
76,UAV 5,Control Center,LOW_BATTERY,Battery level: 24.2%
76,UAV 6,Control Center,LOW_BATTERY,Battery level: 23.3%
76,UAV 9,Control Center,LOW_BATTERY,Battery level: 29.0%
76,UAV 10,Control Center,LOW_BATTERY,Battery level: 26.5%
77,UAV 1,Control Center,LOW_BATTERY,Battery level: 26.7%
77,UAV 2,Control Center,LOW_BATTERY,Battery level: 26.4%
77,UAV 4,Control Center,LOW_BATTERY,Battery level: 25.7%
77,UAV 5,Control Center,LOW_BATTERY,Battery level: 24.2%
77,UAV 6,Control Center,LOW_BATTERY,Battery level: 23.3%
77,UAV 9,Control Center,LOW_BATTERY,Battery level: 29.0%
77,UAV 10,Control Center,LOW_BATTERY,Battery level: 26.5%
78,UAV 1,Control Center,LOW_BATTERY,Battery level: 26.7%
78,UAV 2,Control Center,LOW_BATTERY,Battery level: 26.4%
78,UAV 4,Control Center,LOW_BATTERY,Battery level: 25.7%
78,UAV 5,Control Center,LOW_BATTERY,Battery level: 24.2%
78,UAV 6,Control Center,LOW_BATTERY,Battery level: 23.3%
78,UAV 9,Control Center,LOW_BATTERY,Battery level: 29.0%
78,UAV 10,Control Center,LOW_BATTERY,Battery level: 26.5%
79,UAV 1,Control Center,LOW_BATTERY,Battery level: 26.7%
79,UAV 2,Control Center,LOW_BATTERY,Battery level: 26.4%
79,UAV 4,Control Center,LOW_BATTERY,Battery level: 25.7%
79,UAV 5,Control Center,LOW_BATTERY,Battery level: 24.2%
79,UAV 6,Control Center,LOW_BATTERY,Battery level: 23.3%
79,UAV 9,Control Center,LOW_BATTERY,Battery level: 29.0%
79,UAV 10,Control Center,LOW_BATTERY,Battery level: 26.5%
80,UAV 1,Control Center,LOW_BATTERY,Battery level: 26.7%
80,UAV 2,Control Center,LOW_BATTERY,Battery level: 26.4%
80,UAV 4,Control Center,LOW_BATTERY,Battery level: 25.7%
80,UAV 5,Control Center,LOW_BATTERY,Battery level: 24.2%
80,UAV 6,Control Center,LOW_BATTERY,Battery level: 23.3%
80,UAV 9,Control Center,LOW_BATTERY,Battery level: 29.0%
80,UAV 10,Control Center,LOW_BATTERY,Battery level: 26.5%
81,UAV 1,Control Center,LOW_BATTERY,Battery level: 26.7%
81,UAV 2,Control Center,LOW_BATTERY,Battery level: 26.4%
81,UAV 4,Control Center,LOW_BATTERY,Battery level: 25.7%
81,UAV 5,Control Center,LOW_BATTERY,Battery level: 24.2%
81,UAV 6,Control Center,LOW_BATTERY,Battery level: 23.3%
81,UAV 9,Control Center,LOW_BATTERY,Battery level: 29.0%
81,UAV 10,Control Center,LOW_BATTERY,Battery level: 26.5%
82,UAV 1,Control Center,LOW_BATTERY,Battery level: 26.7%
82,UAV 2,Control Center,LOW_BATTERY,Battery level: 26.4%
82,UAV 4,Control Center,LOW_BATTERY,Battery level: 25.7%
82,UAV 5,Control Center,LOW_BATTERY,Battery level: 24.2%
82,UAV 6,Control Center,LOW_BATTERY,Battery level: 23.3%
82,UAV 9,Control Center,LOW_BATTERY,Battery level: 29.0%
82,UAV 10,Control Center,LOW_BATTERY,Battery level: 26.5%
83,UAV 1,Control Center,LOW_BATTERY,Battery level: 26.7%
83,UAV 2,Control Center,LOW_BATTERY,Battery level: 26.4%
83,UAV 4,Control Center,LOW_BATTERY,Battery level: 25.7%
83,UAV 5,Control Center,LOW_BATTERY,Battery level: 24.2%
83,UAV 6,Control Center,LOW_BATTERY,Battery level: 23.3%
83,UAV 9,Control Center,LOW_BATTERY,Battery level: 29.0%
83,UAV 10,Control Center,LOW_BATTERY,Battery level: 26.5%
84,UAV 1,Control Center,LOW_BATTERY,Battery level: 26.7%
84,UAV 2,Control Center,LOW_BATTERY,Battery level: 26.4%
84,UAV 4,Control Center,LOW_BATTERY,Battery level: 25.7%
84,UAV 5,Control Center,LOW_BATTERY,Battery level: 24.2%
84,UAV 6,Control Center,LOW_BATTERY,Battery level: 23.3%
84,UAV 9,Control Center,LOW_BATTERY,Battery level: 29.0%
84,UAV 10,Control Center,LOW_BATTERY,Battery level: 26.5%
85,UAV 1,Control Center,LOW_BATTERY,Battery level: 26.7%
85,UAV 2,Control Center,LOW_BATTERY,Battery level: 26.4%
85,UAV 4,Control Center,LOW_BATTERY,Battery level: 25.7%
85,UAV 5,Control Center,LOW_BATTERY,Battery level: 24.2%
85,UAV 6,Control Center,LOW_BATTERY,Battery level: 23.3%
85,UAV 9,Control Center,LOW_BATTERY,Battery level: 29.0%
85,UAV 10,Control Center,LOW_BATTERY,Battery level: 26.5%
86,UAV 1,Control Center,LOW_BATTERY,Battery level: 26.7%
86,UAV 2,Control Center,LOW_BATTERY,Battery level: 26.4%
86,UAV 4,Control Center,LOW_BATTERY,Battery level: 25.7%
86,UAV 5,Control Center,LOW_BATTERY,Battery level: 24.2%
86,UAV 6,Control Center,LOW_BATTERY,Battery level: 23.3%
86,UAV 9,Control Center,LOW_BATTERY,Battery level: 29.0%
86,UAV 10,Control Center,LOW_BATTERY,Battery level: 26.5%
87,UAV 1,Control Center,LOW_BATTERY,Battery level: 26.7%
87,UAV 2,Control Center,LOW_BATTERY,Battery level: 26.4%
87,UAV 4,Control Center,LOW_BATTERY,Battery level: 25.7%
87,UAV 5,Control Center,LOW_BATTERY,Battery level: 24.2%
87,UAV 6,Control Center,LOW_BATTERY,Battery level: 23.3%
87,UAV 9,Control Center,LOW_BATTERY,Battery level: 29.0%
87,UAV 10,Control Center,LOW_BATTERY,Battery level: 26.5%
88,UAV 1,Control Center,LOW_BATTERY,Battery level: 26.7%
88,UAV 2,Control Center,LOW_BATTERY,Battery level: 26.4%
88,UAV 4,Control Center,LOW_BATTERY,Battery level: 25.7%
88,UAV 5,Control Center,LOW_BATTERY,Battery level: 24.2%
88,UAV 6,Control Center,LOW_BATTERY,Battery level: 23.3%
88,UAV 9,Control Center,LOW_BATTERY,Battery level: 29.0%
88,UAV 10,Control Center,LOW_BATTERY,Battery level: 26.5%
89,UAV 1,Control Center,LOW_BATTERY,Battery level: 26.7%
89,UAV 2,Control Center,LOW_BATTERY,Battery level: 26.4%
89,UAV 4,Control Center,LOW_BATTERY,Battery level: 25.7%
89,UAV 5,Control Center,LOW_BATTERY,Battery level: 24.2%
89,UAV 6,Control Center,LOW_BATTERY,Battery level: 23.3%
89,UAV 9,Control Center,LOW_BATTERY,Battery level: 29.0%
89,UAV 10,Control Center,LOW_BATTERY,Battery level: 26.5%
90,UAV 1,Control Center,LOW_BATTERY,Battery level: 26.7%
90,UAV 2,Control Center,LOW_BATTERY,Battery level: 26.4%
90,UAV 4,Control Center,LOW_BATTERY,Battery level: 25.7%
90,UAV 5,Control Center,LOW_BATTERY,Battery level: 24.2%
90,UAV 6,Control Center,LOW_BATTERY,Battery level: 23.3%
90,UAV 9,Control Center,LOW_BATTERY,Battery level: 29.0%
90,UAV 10,Control Center,LOW_BATTERY,Battery level: 26.5%
91,UAV 1,Control Center,LOW_BATTERY,Battery level: 26.7%
91,UAV 2,Control Center,LOW_BATTERY,Battery level: 26.4%
91,UAV 4,Control Center,LOW_BATTERY,Battery level: 25.7%
91,UAV 5,Control Center,LOW_BATTERY,Battery level: 24.2%
91,UAV 6,Control Center,LOW_BATTERY,Battery level: 23.3%
91,UAV 9,Control Center,LOW_BATTERY,Battery level: 29.0%
91,UAV 10,Control Center,LOW_BATTERY,Battery level: 26.5%
92,UAV 1,Control Center,LOW_BATTERY,Battery level: 26.7%
92,UAV 2,Control Center,LOW_BATTERY,Battery level: 26.4%
92,UAV 4,Control Center,LOW_BATTERY,Battery level: 25.7%
92,UAV 5,Control Center,LOW_BATTERY,Battery level: 24.2%
92,UAV 6,Control Center,LOW_BATTERY,Battery level: 23.3%
92,UAV 9,Control Center,LOW_BATTERY,Battery level: 29.0%
92,UAV 10,Control Center,LOW_BATTERY,Battery level: 26.5%
93,UAV 1,Control Center,LOW_BATTERY,Battery level: 26.7%
93,UAV 2,Control Center,LOW_BATTERY,Battery level: 26.4%
93,UAV 4,Control Center,LOW_BATTERY,Battery level: 25.7%
93,UAV 5,Control Center,LOW_BATTERY,Battery level: 24.2%
93,UAV 6,Control Center,LOW_BATTERY,Battery level: 23.3%
93,UAV 9,Control Center,LOW_BATTERY,Battery level: 29.0%
93,UAV 10,Control Center,LOW_BATTERY,Battery level: 26.5%
94,UAV 1,Control Center,LOW_BATTERY,Battery level: 26.7%
94,UAV 2,Control Center,LOW_BATTERY,Battery level: 26.4%
94,UAV 4,Control Center,LOW_BATTERY,Battery level: 25.7%
94,UAV 5,Control Center,LOW_BATTERY,Battery level: 24.2%
94,UAV 6,Control Center,LOW_BATTERY,Battery level: 23.3%
94,UAV 9,Control Center,LOW_BATTERY,Battery level: 29.0%
94,UAV 10,Control Center,LOW_BATTERY,Battery level: 26.5%
95,UAV 1,Control Center,LOW_BATTERY,Battery level: 26.7%
95,UAV 2,Control Center,LOW_BATTERY,Battery level: 26.4%
95,UAV 4,Control Center,LOW_BATTERY,Battery level: 25.7%
95,UAV 5,Control Center,LOW_BATTERY,Battery level: 24.2%
95,UAV 6,Control Center,LOW_BATTERY,Battery level: 23.3%
95,UAV 9,Control Center,LOW_BATTERY,Battery level: 29.0%
95,UAV 10,Control Center,LOW_BATTERY,Battery level: 26.5%
96,UAV 1,Control Center,LOW_BATTERY,Battery level: 26.7%
96,UAV 2,Control Center,LOW_BATTERY,Battery level: 26.4%
96,UAV 4,Control Center,LOW_BATTERY,Battery level: 25.7%
96,UAV 5,Control Center,LOW_BATTERY,Battery level: 24.2%
96,UAV 6,Control Center,LOW_BATTERY,Battery level: 23.3%
96,UAV 9,Control Center,LOW_BATTERY,Battery level: 29.0%
96,UAV 10,Control Center,LOW_BATTERY,Battery level: 26.5%
97,UAV 1,Control Center,LOW_BATTERY,Battery level: 26.7%
97,UAV 2,Control Center,LOW_BATTERY,Battery level: 26.4%
97,UAV 4,Control Center,LOW_BATTERY,Battery level: 25.7%
97,UAV 5,Control Center,LOW_BATTERY,Battery level: 24.2%
97,UAV 6,Control Center,LOW_BATTERY,Battery level: 23.3%
97,UAV 9,Control Center,LOW_BATTERY,Battery level: 29.0%
97,UAV 10,Control Center,LOW_BATTERY,Battery level: 26.5%
98,UAV 1,Control Center,LOW_BATTERY,Battery level: 26.7%
98,UAV 2,Control Center,LOW_BATTERY,Battery level: 26.4%
98,UAV 4,Control Center,LOW_BATTERY,Battery level: 25.7%
98,UAV 5,Control Center,LOW_BATTERY,Battery level: 24.2%
98,UAV 6,Control Center,LOW_BATTERY,Battery level: 23.3%
98,UAV 9,Control Center,LOW_BATTERY,Battery level: 29.0%
98,UAV 10,Control Center,LOW_BATTERY,Battery level: 26.5%
99,UAV 1,Control Center,LOW_BATTERY,Battery level: 26.7%
99,UAV 2,Control Center,LOW_BATTERY,Battery level: 26.4%
99,UAV 4,Control Center,LOW_BATTERY,Battery level: 25.7%
99,UAV 5,Control Center,LOW_BATTERY,Battery level: 24.2%
99,UAV 6,Control Center,LOW_BATTERY,Battery level: 23.3%
99,UAV 9,Control Center,LOW_BATTERY,Battery level: 29.0%
99,UAV 10,Control Center,LOW_BATTERY,Battery level: 26.5%
100,UAV 1,Control Center,LOW_BATTERY,Battery level: 26.7%
100,UAV 2,Control Center,LOW_BATTERY,Battery level: 26.4%
100,UAV 4,Control Center,LOW_BATTERY,Battery level: 25.7%
100,UAV 5,Control Center,LOW_BATTERY,Battery level: 24.2%
100,UAV 6,Control Center,LOW_BATTERY,Battery level: 23.3%
100,UAV 9,Control Center,LOW_BATTERY,Battery level: 29.0%
100,UAV 10,Control Center,LOW_BATTERY,Battery level: 26.5%
101,UAV 1,Control Center,LOW_BATTERY,Battery level: 26.7%
101,UAV 2,Control Center,LOW_BATTERY,Battery level: 26.4%
101,UAV 4,Control Center,LOW_BATTERY,Battery level: 25.7%
101,UAV 5,Control Center,LOW_BATTERY,Battery level: 24.2%
101,UAV 6,Control Center,LOW_BATTERY,Battery level: 23.3%
101,UAV 9,Control Center,LOW_BATTERY,Battery level: 29.0%
101,UAV 10,Control Center,LOW_BATTERY,Battery level: 26.5%
102,UAV 1,Control Center,LOW_BATTERY,Battery level: 26.7%
102,UAV 2,Control Center,LOW_BATTERY,Battery level: 26.4%
102,UAV 4,Control Center,LOW_BATTERY,Battery level: 25.7%
102,UAV 5,Control Center,LOW_BATTERY,Battery level: 24.2%
102,UAV 6,Control Center,LOW_BATTERY,Battery level: 23.3%
102,UAV 9,Control Center,LOW_BATTERY,Battery level: 29.0%
102,UAV 10,Control Center,LOW_BATTERY,Battery level: 26.5%
103,UAV 1,Control Center,LOW_BATTERY,Battery level: 26.7%
103,UAV 2,Control Center,LOW_BATTERY,Battery level: 26.4%
103,UAV 4,Control Center,LOW_BATTERY,Battery level: 25.7%
103,UAV 5,Control Center,LOW_BATTERY,Battery level: 24.2%
103,UAV 6,Control Center,LOW_BATTERY,Battery level: 23.3%
103,UAV 9,Control Center,LOW_BATTERY,Battery level: 29.0%
103,UAV 10,Control Center,LOW_BATTERY,Battery level: 26.5%
104,UAV 1,Control Center,LOW_BATTERY,Battery level: 26.7%
104,UAV 2,Control Center,LOW_BATTERY,Battery level: 26.4%
104,UAV 4,Control Center,LOW_BATTERY,Battery level: 25.7%
104,UAV 5,Control Center,LOW_BATTERY,Battery level: 24.2%
104,UAV 6,Control Center,LOW_BATTERY,Battery level: 23.3%
104,UAV 9,Control Center,LOW_BATTERY,Battery level: 29.0%
104,UAV 10,Control Center,LOW_BATTERY,Battery level: 26.5%
105,UAV 1,Control Center,LOW_BATTERY,Battery level: 26.7%
105,UAV 2,Control Center,LOW_BATTERY,Battery level: 26.4%
105,UAV 4,Control Center,LOW_BATTERY,Battery level: 25.7%
105,UAV 5,Control Center,LOW_BATTERY,Battery level: 24.2%
105,UAV 6,Control Center,LOW_BATTERY,Battery level: 23.3%
105,UAV 9,Control Center,LOW_BATTERY,Battery level: 29.0%
105,UAV 10,Control Center,LOW_BATTERY,Battery level: 26.5%
106,UAV 1,Control Center,LOW_BATTERY,Battery level: 26.7%
106,UAV 2,Control Center,LOW_BATTERY,Battery level: 26.4%
106,UAV 4,Control Center,LOW_BATTERY,Battery level: 25.7%
106,UAV 5,Control Center,LOW_BATTERY,Battery level: 24.2%
106,UAV 6,Control Center,LOW_BATTERY,Battery level: 23.3%
106,UAV 9,Control Center,LOW_BATTERY,Battery level: 29.0%
106,UAV 10,Control Center,LOW_BATTERY,Battery level: 26.5%
107,UAV 1,Control Center,LOW_BATTERY,Battery level: 26.7%
107,UAV 2,Control Center,LOW_BATTERY,Battery level: 26.4%
107,UAV 4,Control Center,LOW_BATTERY,Battery level: 25.7%
107,UAV 5,Control Center,LOW_BATTERY,Battery level: 24.2%
107,UAV 6,Control Center,LOW_BATTERY,Battery level: 23.3%
107,UAV 9,Control Center,LOW_BATTERY,Battery level: 29.0%
107,UAV 10,Control Center,LOW_BATTERY,Battery level: 26.5%
108,UAV 1,Control Center,LOW_BATTERY,Battery level: 26.7%
108,UAV 2,Control Center,LOW_BATTERY,Battery level: 26.4%
108,UAV 4,Control Center,LOW_BATTERY,Battery level: 25.7%
108,UAV 5,Control Center,LOW_BATTERY,Battery level: 24.2%
108,UAV 6,Control Center,LOW_BATTERY,Battery level: 23.3%
108,UAV 9,Control Center,LOW_BATTERY,Battery level: 29.0%
108,UAV 10,Control Center,LOW_BATTERY,Battery level: 26.5%
109,UAV 1,Control Center,LOW_BATTERY,Battery level: 26.7%
109,UAV 2,Control Center,LOW_BATTERY,Battery level: 26.4%
109,UAV 4,Control Center,LOW_BATTERY,Battery level: 25.7%
109,UAV 5,Control Center,LOW_BATTERY,Battery level: 24.2%
109,UAV 6,Control Center,LOW_BATTERY,Battery level: 23.3%
109,UAV 9,Control Center,LOW_BATTERY,Battery level: 29.0%
109,UAV 10,Control Center,LOW_BATTERY,Battery level: 26.5%
110,UAV 1,Control Center,LOW_BATTERY,Battery level: 26.7%
110,UAV 2,Control Center,LOW_BATTERY,Battery level: 26.4%
110,UAV 4,Control Center,LOW_BATTERY,Battery level: 25.7%
110,UAV 5,Control Center,LOW_BATTERY,Battery level: 24.2%
110,UAV 6,Control Center,LOW_BATTERY,Battery level: 23.3%
110,UAV 9,Control Center,LOW_BATTERY,Battery level: 29.0%
110,UAV 10,Control Center,LOW_BATTERY,Battery level: 26.5%
111,UAV 1,Control Center,LOW_BATTERY,Battery level: 26.7%
111,UAV 2,Control Center,LOW_BATTERY,Battery level: 26.4%
111,UAV 4,Control Center,LOW_BATTERY,Battery level: 25.7%
111,UAV 5,Control Center,LOW_BATTERY,Battery level: 24.2%
111,UAV 6,Control Center,LOW_BATTERY,Battery level: 23.3%
111,UAV 9,Control Center,LOW_BATTERY,Battery level: 29.0%
111,UAV 10,Control Center,LOW_BATTERY,Battery level: 26.5%
112,UAV 1,Control Center,LOW_BATTERY,Battery level: 26.7%
112,UAV 2,Control Center,LOW_BATTERY,Battery level: 26.4%
112,UAV 4,Control Center,LOW_BATTERY,Battery level: 25.7%
112,UAV 5,Control Center,LOW_BATTERY,Battery level: 24.2%
112,UAV 6,Control Center,LOW_BATTERY,Battery level: 23.3%
112,UAV 9,Control Center,LOW_BATTERY,Battery level: 29.0%
112,UAV 10,Control Center,LOW_BATTERY,Battery level: 26.5%
113,UAV 1,Control Center,LOW_BATTERY,Battery level: 26.7%
113,UAV 2,Control Center,LOW_BATTERY,Battery level: 26.4%
113,UAV 4,Control Center,LOW_BATTERY,Battery level: 25.7%
113,UAV 5,Control Center,LOW_BATTERY,Battery level: 24.2%
113,UAV 6,Control Center,LOW_BATTERY,Battery level: 23.3%
113,UAV 9,Control Center,LOW_BATTERY,Battery level: 29.0%
113,UAV 10,Control Center,LOW_BATTERY,Battery level: 26.5%
114,UAV 1,Control Center,LOW_BATTERY,Battery level: 26.7%
114,UAV 2,Control Center,LOW_BATTERY,Battery level: 26.4%
114,UAV 4,Control Center,LOW_BATTERY,Battery level: 25.7%
114,UAV 5,Control Center,LOW_BATTERY,Battery level: 24.2%
114,UAV 6,Control Center,LOW_BATTERY,Battery level: 23.3%
114,UAV 9,Control Center,LOW_BATTERY,Battery level: 29.0%
114,UAV 10,Control Center,LOW_BATTERY,Battery level: 26.5%
115,UAV 1,Control Center,LOW_BATTERY,Battery level: 26.7%
115,UAV 2,Control Center,LOW_BATTERY,Battery level: 26.4%
115,UAV 4,Control Center,LOW_BATTERY,Battery level: 25.7%
115,UAV 5,Control Center,LOW_BATTERY,Battery level: 24.2%
115,UAV 6,Control Center,LOW_BATTERY,Battery level: 23.3%
115,UAV 9,Control Center,LOW_BATTERY,Battery level: 29.0%
115,UAV 10,Control Center,LOW_BATTERY,Battery level: 26.5%
116,UAV 1,Control Center,LOW_BATTERY,Battery level: 26.7%
116,UAV 2,Control Center,LOW_BATTERY,Battery level: 26.4%
116,UAV 4,Control Center,LOW_BATTERY,Battery level: 25.7%
116,UAV 5,Control Center,LOW_BATTERY,Battery level: 24.2%
116,UAV 6,Control Center,LOW_BATTERY,Battery level: 23.3%
116,UAV 9,Control Center,LOW_BATTERY,Battery level: 29.0%
116,UAV 10,Control Center,LOW_BATTERY,Battery level: 26.5%
117,UAV 1,Control Center,LOW_BATTERY,Battery level: 26.7%
117,UAV 2,Control Center,LOW_BATTERY,Battery level: 26.4%
117,UAV 4,Control Center,LOW_BATTERY,Battery level: 25.7%
117,UAV 5,Control Center,LOW_BATTERY,Battery level: 24.2%
117,UAV 6,Control Center,LOW_BATTERY,Battery level: 23.3%
117,UAV 9,Control Center,LOW_BATTERY,Battery level: 29.0%
117,UAV 10,Control Center,LOW_BATTERY,Battery level: 26.5%
118,UAV 1,Control Center,LOW_BATTERY,Battery level: 26.7%
118,UAV 2,Control Center,LOW_BATTERY,Battery level: 26.4%
118,UAV 4,Control Center,LOW_BATTERY,Battery level: 25.7%
118,UAV 5,Control Center,LOW_BATTERY,Battery level: 24.2%
118,UAV 6,Control Center,LOW_BATTERY,Battery level: 23.3%
118,UAV 9,Control Center,LOW_BATTERY,Battery level: 29.0%
118,UAV 10,Control Center,LOW_BATTERY,Battery level: 26.5%
119,UAV 1,Control Center,LOW_BATTERY,Battery level: 26.7%
119,UAV 2,Control Center,LOW_BATTERY,Battery level: 26.4%
119,UAV 4,Control Center,LOW_BATTERY,Battery level: 25.7%
119,UAV 5,Control Center,LOW_BATTERY,Battery level: 24.2%
119,UAV 6,Control Center,LOW_BATTERY,Battery level: 23.3%
119,UAV 9,Control Center,LOW_BATTERY,Battery level: 29.0%
119,UAV 10,Control Center,LOW_BATTERY,Battery level: 26.5%
120,UAV 1,Control Center,LOW_BATTERY,Battery level: 26.7%
120,UAV 2,Control Center,LOW_BATTERY,Battery level: 26.4%
120,UAV 4,Control Center,LOW_BATTERY,Battery level: 25.7%
120,UAV 5,Control Center,LOW_BATTERY,Battery level: 24.2%
120,UAV 6,Control Center,LOW_BATTERY,Battery level: 23.3%
120,UAV 9,Control Center,LOW_BATTERY,Battery level: 29.0%
120,UAV 10,Control Center,LOW_BATTERY,Battery level: 26.5%
121,UAV 1,Control Center,LOW_BATTERY,Battery level: 26.7%
121,UAV 2,Control Center,LOW_BATTERY,Battery level: 26.4%
121,UAV 4,Control Center,LOW_BATTERY,Battery level: 25.7%
121,UAV 5,Control Center,LOW_BATTERY,Battery level: 24.2%
121,UAV 6,Control Center,LOW_BATTERY,Battery level: 23.3%
121,UAV 9,Control Center,LOW_BATTERY,Battery level: 29.0%
121,UAV 10,Control Center,LOW_BATTERY,Battery level: 26.5%
122,UAV 1,Control Center,LOW_BATTERY,Battery level: 26.7%
122,UAV 2,Control Center,LOW_BATTERY,Battery level: 26.4%
122,UAV 4,Control Center,LOW_BATTERY,Battery level: 25.7%
122,UAV 5,Control Center,LOW_BATTERY,Battery level: 24.2%
122,UAV 6,Control Center,LOW_BATTERY,Battery level: 23.3%
122,UAV 9,Control Center,LOW_BATTERY,Battery level: 29.0%
122,UAV 10,Control Center,LOW_BATTERY,Battery level: 26.5%
123,UAV 1,Control Center,LOW_BATTERY,Battery level: 26.7%
123,UAV 2,Control Center,LOW_BATTERY,Battery level: 26.4%
123,UAV 4,Control Center,LOW_BATTERY,Battery level: 25.7%
123,UAV 5,Control Center,LOW_BATTERY,Battery level: 24.2%
123,UAV 6,Control Center,LOW_BATTERY,Battery level: 23.3%
123,UAV 9,Control Center,LOW_BATTERY,Battery level: 29.0%
123,UAV 10,Control Center,LOW_BATTERY,Battery level: 26.5%
124,UAV 1,Control Center,LOW_BATTERY,Battery level: 26.7%
124,UAV 2,Control Center,LOW_BATTERY,Battery level: 26.4%
124,UAV 4,Control Center,LOW_BATTERY,Battery level: 25.7%
124,UAV 5,Control Center,LOW_BATTERY,Battery level: 24.2%
124,UAV 6,Control Center,LOW_BATTERY,Battery level: 23.3%
124,UAV 9,Control Center,LOW_BATTERY,Battery level: 29.0%
124,UAV 10,Control Center,LOW_BATTERY,Battery level: 26.5%
125,UAV 1,Control Center,LOW_BATTERY,Battery level: 26.7%
125,UAV 2,Control Center,LOW_BATTERY,Battery level: 26.4%
125,UAV 4,Control Center,LOW_BATTERY,Battery level: 25.7%
125,UAV 5,Control Center,LOW_BATTERY,Battery level: 24.2%
125,UAV 6,Control Center,LOW_BATTERY,Battery level: 23.3%
125,UAV 9,Control Center,LOW_BATTERY,Battery level: 29.0%
125,UAV 10,Control Center,LOW_BATTERY,Battery level: 26.5%
126,UAV 1,Control Center,LOW_BATTERY,Battery level: 26.7%
126,UAV 2,Control Center,LOW_BATTERY,Battery level: 26.4%
126,UAV 4,Control Center,LOW_BATTERY,Battery level: 25.7%
126,UAV 5,Control Center,LOW_BATTERY,Battery level: 24.2%
126,UAV 6,Control Center,LOW_BATTERY,Battery level: 23.3%
126,UAV 9,Control Center,LOW_BATTERY,Battery level: 29.0%
126,UAV 10,Control Center,LOW_BATTERY,Battery level: 26.5%
127,UAV 1,Control Center,LOW_BATTERY,Battery level: 26.7%
127,UAV 2,Control Center,LOW_BATTERY,Battery level: 26.4%
127,UAV 4,Control Center,LOW_BATTERY,Battery level: 25.7%
127,UAV 5,Control Center,LOW_BATTERY,Battery level: 24.2%
127,UAV 6,Control Center,LOW_BATTERY,Battery level: 23.3%
127,UAV 9,Control Center,LOW_BATTERY,Battery level: 29.0%
127,UAV 10,Control Center,LOW_BATTERY,Battery level: 26.5%
128,UAV 1,Control Center,LOW_BATTERY,Battery level: 26.7%
128,UAV 2,Control Center,LOW_BATTERY,Battery level: 26.4%
128,UAV 4,Control Center,LOW_BATTERY,Battery level: 25.7%
128,UAV 5,Control Center,LOW_BATTERY,Battery level: 24.2%
128,UAV 6,Control Center,LOW_BATTERY,Battery level: 23.3%
128,UAV 9,Control Center,LOW_BATTERY,Battery level: 29.0%
128,UAV 10,Control Center,LOW_BATTERY,Battery level: 26.5%
129,UAV 1,Control Center,LOW_BATTERY,Battery level: 26.7%
129,UAV 2,Control Center,LOW_BATTERY,Battery level: 26.4%
129,UAV 4,Control Center,LOW_BATTERY,Battery level: 25.7%
129,UAV 5,Control Center,LOW_BATTERY,Battery level: 24.2%
129,UAV 6,Control Center,LOW_BATTERY,Battery level: 23.3%
129,UAV 9,Control Center,LOW_BATTERY,Battery level: 29.0%
129,UAV 10,Control Center,LOW_BATTERY,Battery level: 26.5%
130,UAV 1,Control Center,LOW_BATTERY,Battery level: 26.7%
130,UAV 2,Control Center,LOW_BATTERY,Battery level: 26.4%
130,UAV 4,Control Center,LOW_BATTERY,Battery level: 25.7%
130,UAV 5,Control Center,LOW_BATTERY,Battery level: 24.2%
130,UAV 6,Control Center,LOW_BATTERY,Battery level: 23.3%
130,UAV 9,Control Center,LOW_BATTERY,Battery level: 29.0%
130,UAV 10,Control Center,LOW_BATTERY,Battery level: 26.5%
131,UAV 1,Control Center,LOW_BATTERY,Battery level: 26.7%
131,UAV 2,Control Center,LOW_BATTERY,Battery level: 26.4%
131,UAV 4,Control Center,LOW_BATTERY,Battery level: 25.7%
131,UAV 5,Control Center,LOW_BATTERY,Battery level: 24.2%
131,UAV 6,Control Center,LOW_BATTERY,Battery level: 23.3%
131,UAV 9,Control Center,LOW_BATTERY,Battery level: 29.0%
131,UAV 10,Control Center,LOW_BATTERY,Battery level: 26.5%
132,UAV 1,Control Center,LOW_BATTERY,Battery level: 26.7%
132,UAV 2,Control Center,LOW_BATTERY,Battery level: 26.4%
132,UAV 4,Control Center,LOW_BATTERY,Battery level: 25.7%
132,UAV 5,Control Center,LOW_BATTERY,Battery level: 24.2%
132,UAV 6,Control Center,LOW_BATTERY,Battery level: 23.3%
132,UAV 9,Control Center,LOW_BATTERY,Battery level: 29.0%
132,UAV 10,Control Center,LOW_BATTERY,Battery level: 26.5%
133,UAV 1,Control Center,LOW_BATTERY,Battery level: 26.7%
133,UAV 2,Control Center,LOW_BATTERY,Battery level: 26.4%
133,UAV 4,Control Center,LOW_BATTERY,Battery level: 25.7%
133,UAV 5,Control Center,LOW_BATTERY,Battery level: 24.2%
133,UAV 6,Control Center,LOW_BATTERY,Battery level: 23.3%
133,UAV 9,Control Center,LOW_BATTERY,Battery level: 29.0%
133,UAV 10,Control Center,LOW_BATTERY,Battery level: 26.5%
134,UAV 1,Control Center,LOW_BATTERY,Battery level: 26.7%
134,UAV 2,Control Center,LOW_BATTERY,Battery level: 26.4%
134,UAV 4,Control Center,LOW_BATTERY,Battery level: 25.7%
134,UAV 5,Control Center,LOW_BATTERY,Battery level: 24.2%
134,UAV 6,Control Center,LOW_BATTERY,Battery level: 23.3%
134,UAV 9,Control Center,LOW_BATTERY,Battery level: 29.0%
134,UAV 10,Control Center,LOW_BATTERY,Battery level: 26.5%
135,UAV 1,Control Center,LOW_BATTERY,Battery level: 26.7%
135,UAV 2,Control Center,LOW_BATTERY,Battery level: 26.4%
135,UAV 4,Control Center,LOW_BATTERY,Battery level: 25.7%
135,UAV 5,Control Center,LOW_BATTERY,Battery level: 24.2%
135,UAV 6,Control Center,LOW_BATTERY,Battery level: 23.3%
135,UAV 9,Control Center,LOW_BATTERY,Battery level: 29.0%
135,UAV 10,Control Center,LOW_BATTERY,Battery level: 26.5%
136,UAV 1,Control Center,LOW_BATTERY,Battery level: 26.7%
136,UAV 2,Control Center,LOW_BATTERY,Battery level: 26.4%
136,UAV 4,Control Center,LOW_BATTERY,Battery level: 25.7%
136,UAV 5,Control Center,LOW_BATTERY,Battery level: 24.2%
136,UAV 6,Control Center,LOW_BATTERY,Battery level: 23.3%
136,UAV 9,Control Center,LOW_BATTERY,Battery level: 29.0%
136,UAV 10,Control Center,LOW_BATTERY,Battery level: 26.5%
137,UAV 1,Control Center,LOW_BATTERY,Battery level: 26.7%
137,UAV 2,Control Center,LOW_BATTERY,Battery level: 26.4%
137,UAV 4,Control Center,LOW_BATTERY,Battery level: 25.7%
137,UAV 5,Control Center,LOW_BATTERY,Battery level: 24.2%
137,UAV 6,Control Center,LOW_BATTERY,Battery level: 23.3%
137,UAV 9,Control Center,LOW_BATTERY,Battery level: 29.0%
137,UAV 10,Control Center,LOW_BATTERY,Battery level: 26.5%
138,UAV 1,Control Center,LOW_BATTERY,Battery level: 26.7%
138,UAV 2,Control Center,LOW_BATTERY,Battery level: 26.4%
138,UAV 4,Control Center,LOW_BATTERY,Battery level: 25.7%
138,UAV 5,Control Center,LOW_BATTERY,Battery level: 24.2%
138,UAV 6,Control Center,LOW_BATTERY,Battery level: 23.3%
138,UAV 9,Control Center,LOW_BATTERY,Battery level: 29.0%
138,UAV 10,Control Center,LOW_BATTERY,Battery level: 26.5%
139,UAV 1,Control Center,LOW_BATTERY,Battery level: 26.7%
139,UAV 2,Control Center,LOW_BATTERY,Battery level: 26.4%
139,UAV 4,Control Center,LOW_BATTERY,Battery level: 25.7%
139,UAV 5,Control Center,LOW_BATTERY,Battery level: 24.2%
139,UAV 6,Control Center,LOW_BATTERY,Battery level: 23.3%
139,UAV 9,Control Center,LOW_BATTERY,Battery level: 29.0%
139,UAV 10,Control Center,LOW_BATTERY,Battery level: 26.5%
140,UAV 1,Control Center,LOW_BATTERY,Battery level: 26.7%
140,UAV 2,Control Center,LOW_BATTERY,Battery level: 26.4%
140,UAV 4,Control Center,LOW_BATTERY,Battery level: 25.7%
140,UAV 5,Control Center,LOW_BATTERY,Battery level: 24.2%
140,UAV 6,Control Center,LOW_BATTERY,Battery level: 23.3%
140,UAV 9,Control Center,LOW_BATTERY,Battery level: 29.0%
140,UAV 10,Control Center,LOW_BATTERY,Battery level: 26.5%
141,UAV 1,Control Center,LOW_BATTERY,Battery level: 26.7%
141,UAV 2,Control Center,LOW_BATTERY,Battery level: 26.4%
141,UAV 4,Control Center,LOW_BATTERY,Battery level: 25.7%
141,UAV 5,Control Center,LOW_BATTERY,Battery level: 24.2%
141,UAV 6,Control Center,LOW_BATTERY,Battery level: 23.3%
141,UAV 9,Control Center,LOW_BATTERY,Battery level: 29.0%
141,UAV 10,Control Center,LOW_BATTERY,Battery level: 26.5%
142,UAV 1,Control Center,LOW_BATTERY,Battery level: 26.7%
142,UAV 2,Control Center,LOW_BATTERY,Battery level: 26.4%
142,UAV 4,Control Center,LOW_BATTERY,Battery level: 25.7%
142,UAV 5,Control Center,LOW_BATTERY,Battery level: 24.2%
142,UAV 6,Control Center,LOW_BATTERY,Battery level: 23.3%
142,UAV 9,Control Center,LOW_BATTERY,Battery level: 29.0%
142,UAV 10,Control Center,LOW_BATTERY,Battery level: 26.5%
143,UAV 1,Control Center,LOW_BATTERY,Battery level: 26.7%
143,UAV 2,Control Center,LOW_BATTERY,Battery level: 26.4%
143,UAV 4,Control Center,LOW_BATTERY,Battery level: 25.7%
143,UAV 5,Control Center,LOW_BATTERY,Battery level: 24.2%
143,UAV 6,Control Center,LOW_BATTERY,Battery level: 23.3%
143,UAV 9,Control Center,LOW_BATTERY,Battery level: 29.0%
143,UAV 10,Control Center,LOW_BATTERY,Battery level: 26.5%
144,UAV 1,Control Center,LOW_BATTERY,Battery level: 26.7%
144,UAV 2,Control Center,LOW_BATTERY,Battery level: 26.4%
144,UAV 4,Control Center,LOW_BATTERY,Battery level: 25.7%
144,UAV 5,Control Center,LOW_BATTERY,Battery level: 24.2%
144,UAV 6,Control Center,LOW_BATTERY,Battery level: 23.3%
144,UAV 9,Control Center,LOW_BATTERY,Battery level: 29.0%
144,UAV 10,Control Center,LOW_BATTERY,Battery level: 26.5%
145,UAV 1,Control Center,LOW_BATTERY,Battery level: 26.7%
145,UAV 2,Control Center,LOW_BATTERY,Battery level: 26.4%
145,UAV 4,Control Center,LOW_BATTERY,Battery level: 25.7%
145,UAV 5,Control Center,LOW_BATTERY,Battery level: 24.2%
145,UAV 6,Control Center,LOW_BATTERY,Battery level: 23.3%
145,UAV 9,Control Center,LOW_BATTERY,Battery level: 29.0%
145,UAV 10,Control Center,LOW_BATTERY,Battery level: 26.5%
146,UAV 1,Control Center,LOW_BATTERY,Battery level: 26.7%
146,UAV 2,Control Center,LOW_BATTERY,Battery level: 26.4%
146,UAV 4,Control Center,LOW_BATTERY,Battery level: 25.7%
146,UAV 5,Control Center,LOW_BATTERY,Battery level: 24.2%
146,UAV 6,Control Center,LOW_BATTERY,Battery level: 23.3%
146,UAV 9,Control Center,LOW_BATTERY,Battery level: 29.0%
146,UAV 10,Control Center,LOW_BATTERY,Battery level: 26.5%
147,UAV 1,Control Center,LOW_BATTERY,Battery level: 26.7%
147,UAV 2,Control Center,LOW_BATTERY,Battery level: 26.4%
147,UAV 4,Control Center,LOW_BATTERY,Battery level: 25.7%
147,UAV 5,Control Center,LOW_BATTERY,Battery level: 24.2%
147,UAV 6,Control Center,LOW_BATTERY,Battery level: 23.3%
147,UAV 9,Control Center,LOW_BATTERY,Battery level: 29.0%
147,UAV 10,Control Center,LOW_BATTERY,Battery level: 26.5%
148,UAV 1,Control Center,LOW_BATTERY,Battery level: 26.7%
148,UAV 2,Control Center,LOW_BATTERY,Battery level: 26.4%
148,UAV 4,Control Center,LOW_BATTERY,Battery level: 25.7%
148,UAV 5,Control Center,LOW_BATTERY,Battery level: 24.2%
148,UAV 6,Control Center,LOW_BATTERY,Battery level: 23.3%
148,UAV 9,Control Center,LOW_BATTERY,Battery level: 29.0%
148,UAV 10,Control Center,LOW_BATTERY,Battery level: 26.5%
149,UAV 1,Control Center,LOW_BATTERY,Battery level: 26.7%
149,UAV 2,Control Center,LOW_BATTERY,Battery level: 26.4%
149,UAV 4,Control Center,LOW_BATTERY,Battery level: 25.7%
149,UAV 5,Control Center,LOW_BATTERY,Battery level: 24.2%
149,UAV 6,Control Center,LOW_BATTERY,Battery level: 23.3%
149,UAV 9,Control Center,LOW_BATTERY,Battery level: 29.0%
149,UAV 10,Control Center,LOW_BATTERY,Battery level: 26.5%
150,UAV 1,Control Center,LOW_BATTERY,Battery level: 26.7%
150,UAV 2,Control Center,LOW_BATTERY,Battery level: 26.4%
150,UAV 4,Control Center,LOW_BATTERY,Battery level: 25.7%
150,UAV 5,Control Center,LOW_BATTERY,Battery level: 24.2%
150,UAV 6,Control Center,LOW_BATTERY,Battery level: 23.3%
150,UAV 9,Control Center,LOW_BATTERY,Battery level: 29.0%
150,UAV 10,Control Center,LOW_BATTERY,Battery level: 26.5%
151,UAV 1,Control Center,LOW_BATTERY,Battery level: 26.7%
151,UAV 2,Control Center,LOW_BATTERY,Battery level: 26.4%
151,UAV 4,Control Center,LOW_BATTERY,Battery level: 25.7%
151,UAV 5,Control Center,LOW_BATTERY,Battery level: 24.2%
151,UAV 6,Control Center,LOW_BATTERY,Battery level: 23.3%
151,UAV 9,Control Center,LOW_BATTERY,Battery level: 29.0%
151,UAV 10,Control Center,LOW_BATTERY,Battery level: 26.5%
152,UAV 1,Control Center,LOW_BATTERY,Battery level: 26.7%
152,UAV 2,Control Center,LOW_BATTERY,Battery level: 26.4%
152,UAV 4,Control Center,LOW_BATTERY,Battery level: 25.7%
152,UAV 5,Control Center,LOW_BATTERY,Battery level: 24.2%
152,UAV 6,Control Center,LOW_BATTERY,Battery level: 23.3%
152,UAV 9,Control Center,LOW_BATTERY,Battery level: 29.0%
152,UAV 10,Control Center,LOW_BATTERY,Battery level: 26.5%
153,UAV 1,Control Center,LOW_BATTERY,Battery level: 26.7%
153,UAV 2,Control Center,LOW_BATTERY,Battery level: 26.4%
153,UAV 4,Control Center,LOW_BATTERY,Battery level: 25.7%
153,UAV 5,Control Center,LOW_BATTERY,Battery level: 24.2%
153,UAV 6,Control Center,LOW_BATTERY,Battery level: 23.3%
153,UAV 9,Control Center,LOW_BATTERY,Battery level: 29.0%
153,UAV 10,Control Center,LOW_BATTERY,Battery level: 26.5%
154,UAV 1,Control Center,LOW_BATTERY,Battery level: 26.7%
154,UAV 2,Control Center,LOW_BATTERY,Battery level: 26.4%
154,UAV 4,Control Center,LOW_BATTERY,Battery level: 25.7%
154,UAV 5,Control Center,LOW_BATTERY,Battery level: 24.2%
154,UAV 6,Control Center,LOW_BATTERY,Battery level: 23.3%
154,UAV 9,Control Center,LOW_BATTERY,Battery level: 29.0%
154,UAV 10,Control Center,LOW_BATTERY,Battery level: 26.5%
155,UAV 1,Control Center,LOW_BATTERY,Battery level: 26.7%
155,UAV 2,Control Center,LOW_BATTERY,Battery level: 26.4%
155,UAV 4,Control Center,LOW_BATTERY,Battery level: 25.7%
155,UAV 5,Control Center,LOW_BATTERY,Battery level: 24.2%
155,UAV 6,Control Center,LOW_BATTERY,Battery level: 23.3%
155,UAV 9,Control Center,LOW_BATTERY,Battery level: 29.0%
155,UAV 10,Control Center,LOW_BATTERY,Battery level: 26.5%
156,UAV 1,Control Center,LOW_BATTERY,Battery level: 26.7%
156,UAV 2,Control Center,LOW_BATTERY,Battery level: 26.4%
156,UAV 4,Control Center,LOW_BATTERY,Battery level: 25.7%
156,UAV 5,Control Center,LOW_BATTERY,Battery level: 24.2%
156,UAV 6,Control Center,LOW_BATTERY,Battery level: 23.3%
156,UAV 9,Control Center,LOW_BATTERY,Battery level: 29.0%
156,UAV 10,Control Center,LOW_BATTERY,Battery level: 26.5%
157,UAV 1,Control Center,LOW_BATTERY,Battery level: 26.7%
157,UAV 2,Control Center,LOW_BATTERY,Battery level: 26.4%
157,UAV 4,Control Center,LOW_BATTERY,Battery level: 25.7%
157,UAV 5,Control Center,LOW_BATTERY,Battery level: 24.2%
157,UAV 6,Control Center,LOW_BATTERY,Battery level: 23.3%
157,UAV 9,Control Center,LOW_BATTERY,Battery level: 29.0%
157,UAV 10,Control Center,LOW_BATTERY,Battery level: 26.5%
158,UAV 1,Control Center,LOW_BATTERY,Battery level: 26.7%
158,UAV 2,Control Center,LOW_BATTERY,Battery level: 26.4%
158,UAV 4,Control Center,LOW_BATTERY,Battery level: 25.7%
158,UAV 5,Control Center,LOW_BATTERY,Battery level: 24.2%
158,UAV 6,Control Center,LOW_BATTERY,Battery level: 23.3%
158,UAV 9,Control Center,LOW_BATTERY,Battery level: 29.0%
158,UAV 10,Control Center,LOW_BATTERY,Battery level: 26.5%
159,UAV 1,Control Center,LOW_BATTERY,Battery level: 26.7%
159,UAV 2,Control Center,LOW_BATTERY,Battery level: 26.4%
159,UAV 4,Control Center,LOW_BATTERY,Battery level: 25.7%
159,UAV 5,Control Center,LOW_BATTERY,Battery level: 24.2%
159,UAV 6,Control Center,LOW_BATTERY,Battery level: 23.3%
159,UAV 9,Control Center,LOW_BATTERY,Battery level: 29.0%
159,UAV 10,Control Center,LOW_BATTERY,Battery level: 26.5%
160,UAV 1,Control Center,LOW_BATTERY,Battery level: 26.7%
160,UAV 2,Control Center,LOW_BATTERY,Battery level: 26.4%
160,UAV 4,Control Center,LOW_BATTERY,Battery level: 25.7%
160,UAV 5,Control Center,LOW_BATTERY,Battery level: 24.2%
160,UAV 6,Control Center,LOW_BATTERY,Battery level: 23.3%
160,UAV 9,Control Center,LOW_BATTERY,Battery level: 29.0%
160,UAV 10,Control Center,LOW_BATTERY,Battery level: 26.5%
161,UAV 1,Control Center,LOW_BATTERY,Battery level: 26.7%
161,UAV 2,Control Center,LOW_BATTERY,Battery level: 26.4%
161,UAV 4,Control Center,LOW_BATTERY,Battery level: 25.7%
161,UAV 5,Control Center,LOW_BATTERY,Battery level: 24.2%
161,UAV 6,Control Center,LOW_BATTERY,Battery level: 23.3%
161,UAV 9,Control Center,LOW_BATTERY,Battery level: 29.0%
161,UAV 10,Control Center,LOW_BATTERY,Battery level: 26.5%
162,UAV 1,Control Center,LOW_BATTERY,Battery level: 26.7%
162,UAV 2,Control Center,LOW_BATTERY,Battery level: 26.4%
162,UAV 4,Control Center,LOW_BATTERY,Battery level: 25.7%
162,UAV 5,Control Center,LOW_BATTERY,Battery level: 24.2%
162,UAV 6,Control Center,LOW_BATTERY,Battery level: 23.3%
162,UAV 9,Control Center,LOW_BATTERY,Battery level: 29.0%
162,UAV 10,Control Center,LOW_BATTERY,Battery level: 26.5%
163,UAV 1,Control Center,LOW_BATTERY,Battery level: 26.7%
163,UAV 2,Control Center,LOW_BATTERY,Battery level: 26.4%
163,UAV 4,Control Center,LOW_BATTERY,Battery level: 25.7%
163,UAV 5,Control Center,LOW_BATTERY,Battery level: 24.2%
163,UAV 6,Control Center,LOW_BATTERY,Battery level: 23.3%
163,UAV 9,Control Center,LOW_BATTERY,Battery level: 29.0%
163,UAV 10,Control Center,LOW_BATTERY,Battery level: 26.5%
164,UAV 1,Control Center,LOW_BATTERY,Battery level: 26.7%
164,UAV 2,Control Center,LOW_BATTERY,Battery level: 26.4%
164,UAV 4,Control Center,LOW_BATTERY,Battery level: 25.7%
164,UAV 5,Control Center,LOW_BATTERY,Battery level: 24.2%
164,UAV 6,Control Center,LOW_BATTERY,Battery level: 23.3%
164,UAV 9,Control Center,LOW_BATTERY,Battery level: 29.0%
164,UAV 10,Control Center,LOW_BATTERY,Battery level: 26.5%
165,UAV 1,Control Center,LOW_BATTERY,Battery level: 26.7%
165,UAV 2,Control Center,LOW_BATTERY,Battery level: 26.4%
165,UAV 4,Control Center,LOW_BATTERY,Battery level: 25.7%
165,UAV 5,Control Center,LOW_BATTERY,Battery level: 24.2%
165,UAV 6,Control Center,LOW_BATTERY,Battery level: 23.3%
165,UAV 9,Control Center,LOW_BATTERY,Battery level: 29.0%
165,UAV 10,Control Center,LOW_BATTERY,Battery level: 26.5%
166,UAV 1,Control Center,LOW_BATTERY,Battery level: 26.7%
166,UAV 2,Control Center,LOW_BATTERY,Battery level: 26.4%
166,UAV 4,Control Center,LOW_BATTERY,Battery level: 25.7%
166,UAV 5,Control Center,LOW_BATTERY,Battery level: 24.2%
166,UAV 6,Control Center,LOW_BATTERY,Battery level: 23.3%
166,UAV 9,Control Center,LOW_BATTERY,Battery level: 29.0%
166,UAV 10,Control Center,LOW_BATTERY,Battery level: 26.5%
167,UAV 1,Control Center,LOW_BATTERY,Battery level: 26.7%
167,UAV 2,Control Center,LOW_BATTERY,Battery level: 26.4%
167,UAV 4,Control Center,LOW_BATTERY,Battery level: 25.7%
167,UAV 5,Control Center,LOW_BATTERY,Battery level: 24.2%
167,UAV 6,Control Center,LOW_BATTERY,Battery level: 23.3%
167,UAV 9,Control Center,LOW_BATTERY,Battery level: 29.0%
167,UAV 10,Control Center,LOW_BATTERY,Battery level: 26.5%
168,UAV 1,Control Center,LOW_BATTERY,Battery level: 26.7%
168,UAV 2,Control Center,LOW_BATTERY,Battery level: 26.4%
168,UAV 4,Control Center,LOW_BATTERY,Battery level: 25.7%
168,UAV 5,Control Center,LOW_BATTERY,Battery level: 24.2%
168,UAV 6,Control Center,LOW_BATTERY,Battery level: 23.3%
168,UAV 9,Control Center,LOW_BATTERY,Battery level: 29.0%
168,UAV 10,Control Center,LOW_BATTERY,Battery level: 26.5%
169,UAV 1,Control Center,LOW_BATTERY,Battery level: 26.7%
169,UAV 2,Control Center,LOW_BATTERY,Battery level: 26.4%
169,UAV 4,Control Center,LOW_BATTERY,Battery level: 25.7%
169,UAV 5,Control Center,LOW_BATTERY,Battery level: 24.2%
169,UAV 6,Control Center,LOW_BATTERY,Battery level: 23.3%
169,UAV 9,Control Center,LOW_BATTERY,Battery level: 29.0%
169,UAV 10,Control Center,LOW_BATTERY,Battery level: 26.5%
170,UAV 1,Control Center,LOW_BATTERY,Battery level: 26.7%
170,UAV 2,Control Center,LOW_BATTERY,Battery level: 26.4%
170,UAV 4,Control Center,LOW_BATTERY,Battery level: 25.7%
170,UAV 5,Control Center,LOW_BATTERY,Battery level: 24.2%
170,UAV 6,Control Center,LOW_BATTERY,Battery level: 23.3%
170,UAV 9,Control Center,LOW_BATTERY,Battery level: 29.0%
170,UAV 10,Control Center,LOW_BATTERY,Battery level: 26.5%
171,UAV 1,Control Center,LOW_BATTERY,Battery level: 26.7%
171,UAV 2,Control Center,LOW_BATTERY,Battery level: 26.4%
171,UAV 4,Control Center,LOW_BATTERY,Battery level: 25.7%
171,UAV 5,Control Center,LOW_BATTERY,Battery level: 24.2%
171,UAV 6,Control Center,LOW_BATTERY,Battery level: 23.3%
171,UAV 9,Control Center,LOW_BATTERY,Battery level: 29.0%
171,UAV 10,Control Center,LOW_BATTERY,Battery level: 26.5%
172,UAV 1,Control Center,LOW_BATTERY,Battery level: 26.7%
172,UAV 2,Control Center,LOW_BATTERY,Battery level: 26.4%
172,UAV 4,Control Center,LOW_BATTERY,Battery level: 25.7%
172,UAV 5,Control Center,LOW_BATTERY,Battery level: 24.2%
172,UAV 6,Control Center,LOW_BATTERY,Battery level: 23.3%
172,UAV 9,Control Center,LOW_BATTERY,Battery level: 29.0%
172,UAV 10,Control Center,LOW_BATTERY,Battery level: 26.5%
173,UAV 1,Control Center,LOW_BATTERY,Battery level: 26.7%
173,UAV 2,Control Center,LOW_BATTERY,Battery level: 26.4%
173,UAV 4,Control Center,LOW_BATTERY,Battery level: 25.7%
173,UAV 5,Control Center,LOW_BATTERY,Battery level: 24.2%
173,UAV 6,Control Center,LOW_BATTERY,Battery level: 23.3%
173,UAV 9,Control Center,LOW_BATTERY,Battery level: 29.0%
173,UAV 10,Control Center,LOW_BATTERY,Battery level: 26.5%
174,UAV 1,Control Center,LOW_BATTERY,Battery level: 26.7%
174,UAV 2,Control Center,LOW_BATTERY,Battery level: 26.4%
174,UAV 4,Control Center,LOW_BATTERY,Battery level: 25.7%
174,UAV 5,Control Center,LOW_BATTERY,Battery level: 24.2%
174,UAV 6,Control Center,LOW_BATTERY,Battery level: 23.3%
174,UAV 9,Control Center,LOW_BATTERY,Battery level: 29.0%
174,UAV 10,Control Center,LOW_BATTERY,Battery level: 26.5%
175,UAV 1,Control Center,LOW_BATTERY,Battery level: 26.7%
175,UAV 2,Control Center,LOW_BATTERY,Battery level: 26.4%
175,UAV 4,Control Center,LOW_BATTERY,Battery level: 25.7%
175,UAV 5,Control Center,LOW_BATTERY,Battery level: 24.2%
175,UAV 6,Control Center,LOW_BATTERY,Battery level: 23.3%
175,UAV 9,Control Center,LOW_BATTERY,Battery level: 29.0%
175,UAV 10,Control Center,LOW_BATTERY,Battery level: 26.5%
176,UAV 1,Control Center,LOW_BATTERY,Battery level: 26.7%
176,UAV 2,Control Center,LOW_BATTERY,Battery level: 26.4%
176,UAV 4,Control Center,LOW_BATTERY,Battery level: 25.7%
176,UAV 5,Control Center,LOW_BATTERY,Battery level: 24.2%
176,UAV 6,Control Center,LOW_BATTERY,Battery level: 23.3%
176,UAV 9,Control Center,LOW_BATTERY,Battery level: 29.0%
176,UAV 10,Control Center,LOW_BATTERY,Battery level: 26.5%
177,UAV 1,Control Center,LOW_BATTERY,Battery level: 26.7%
177,UAV 2,Control Center,LOW_BATTERY,Battery level: 26.4%
177,UAV 4,Control Center,LOW_BATTERY,Battery level: 25.7%
177,UAV 5,Control Center,LOW_BATTERY,Battery level: 24.2%
177,UAV 6,Control Center,LOW_BATTERY,Battery level: 23.3%
177,UAV 9,Control Center,LOW_BATTERY,Battery level: 29.0%
177,UAV 10,Control Center,LOW_BATTERY,Battery level: 26.5%
178,UAV 1,Control Center,LOW_BATTERY,Battery level: 26.7%
178,UAV 2,Control Center,LOW_BATTERY,Battery level: 26.4%
178,UAV 4,Control Center,LOW_BATTERY,Battery level: 25.7%
178,UAV 5,Control Center,LOW_BATTERY,Battery level: 24.2%
178,UAV 6,Control Center,LOW_BATTERY,Battery level: 23.3%
178,UAV 9,Control Center,LOW_BATTERY,Battery level: 29.0%
178,UAV 10,Control Center,LOW_BATTERY,Battery level: 26.5%
179,UAV 1,Control Center,LOW_BATTERY,Battery level: 26.7%
179,UAV 2,Control Center,LOW_BATTERY,Battery level: 26.4%
179,UAV 4,Control Center,LOW_BATTERY,Battery level: 25.7%
179,UAV 5,Control Center,LOW_BATTERY,Battery level: 24.2%
179,UAV 6,Control Center,LOW_BATTERY,Battery level: 23.3%
179,UAV 9,Control Center,LOW_BATTERY,Battery level: 29.0%
179,UAV 10,Control Center,LOW_BATTERY,Battery level: 26.5%
180,UAV 1,Control Center,LOW_BATTERY,Battery level: 26.7%
180,UAV 2,Control Center,LOW_BATTERY,Battery level: 26.4%
180,UAV 4,Control Center,LOW_BATTERY,Battery level: 25.7%
180,UAV 5,Control Center,LOW_BATTERY,Battery level: 24.2%
180,UAV 6,Control Center,LOW_BATTERY,Battery level: 23.3%
180,UAV 9,Control Center,LOW_BATTERY,Battery level: 29.0%
180,UAV 10,Control Center,LOW_BATTERY,Battery level: 26.5%
181,UAV 1,Control Center,LOW_BATTERY,Battery level: 26.7%
181,UAV 2,Control Center,LOW_BATTERY,Battery level: 26.4%
181,UAV 4,Control Center,LOW_BATTERY,Battery level: 25.7%
181,UAV 5,Control Center,LOW_BATTERY,Battery level: 24.2%
181,UAV 6,Control Center,LOW_BATTERY,Battery level: 23.3%
181,UAV 9,Control Center,LOW_BATTERY,Battery level: 29.0%
181,UAV 10,Control Center,LOW_BATTERY,Battery level: 26.5%
182,UAV 1,Control Center,LOW_BATTERY,Battery level: 26.7%
182,UAV 2,Control Center,LOW_BATTERY,Battery level: 26.4%
182,UAV 4,Control Center,LOW_BATTERY,Battery level: 25.7%
182,UAV 5,Control Center,LOW_BATTERY,Battery level: 24.2%
182,UAV 6,Control Center,LOW_BATTERY,Battery level: 23.3%
182,UAV 9,Control Center,LOW_BATTERY,Battery level: 29.0%
182,UAV 10,Control Center,LOW_BATTERY,Battery level: 26.5%
183,UAV 1,Control Center,LOW_BATTERY,Battery level: 26.7%
183,UAV 2,Control Center,LOW_BATTERY,Battery level: 26.4%
183,UAV 4,Control Center,LOW_BATTERY,Battery level: 25.7%
183,UAV 5,Control Center,LOW_BATTERY,Battery level: 24.2%
183,UAV 6,Control Center,LOW_BATTERY,Battery level: 23.3%
183,UAV 9,Control Center,LOW_BATTERY,Battery level: 29.0%
183,UAV 10,Control Center,LOW_BATTERY,Battery level: 26.5%
184,UAV 1,Control Center,LOW_BATTERY,Battery level: 26.7%
184,UAV 2,Control Center,LOW_BATTERY,Battery level: 26.4%
184,UAV 4,Control Center,LOW_BATTERY,Battery level: 25.7%
184,UAV 5,Control Center,LOW_BATTERY,Battery level: 24.2%
184,UAV 6,Control Center,LOW_BATTERY,Battery level: 23.3%
184,UAV 9,Control Center,LOW_BATTERY,Battery level: 29.0%
184,UAV 10,Control Center,LOW_BATTERY,Battery level: 26.5%
185,UAV 1,Control Center,LOW_BATTERY,Battery level: 26.7%
185,UAV 2,Control Center,LOW_BATTERY,Battery level: 26.4%
185,UAV 4,Control Center,LOW_BATTERY,Battery level: 25.7%
185,UAV 5,Control Center,LOW_BATTERY,Battery level: 24.2%
185,UAV 6,Control Center,LOW_BATTERY,Battery level: 23.3%
185,UAV 9,Control Center,LOW_BATTERY,Battery level: 29.0%
185,UAV 10,Control Center,LOW_BATTERY,Battery level: 26.5%
186,UAV 1,Control Center,LOW_BATTERY,Battery level: 26.7%
186,UAV 2,Control Center,LOW_BATTERY,Battery level: 26.4%
186,UAV 4,Control Center,LOW_BATTERY,Battery level: 25.7%
186,UAV 5,Control Center,LOW_BATTERY,Battery level: 24.2%
186,UAV 6,Control Center,LOW_BATTERY,Battery level: 23.3%
186,UAV 9,Control Center,LOW_BATTERY,Battery level: 29.0%
186,UAV 10,Control Center,LOW_BATTERY,Battery level: 26.5%
187,UAV 1,Control Center,LOW_BATTERY,Battery level: 26.7%
187,UAV 2,Control Center,LOW_BATTERY,Battery level: 26.4%
187,UAV 4,Control Center,LOW_BATTERY,Battery level: 25.7%
187,UAV 5,Control Center,LOW_BATTERY,Battery level: 24.2%
187,UAV 6,Control Center,LOW_BATTERY,Battery level: 23.3%
187,UAV 9,Control Center,LOW_BATTERY,Battery level: 29.0%
187,UAV 10,Control Center,LOW_BATTERY,Battery level: 26.5%
188,UAV 1,Control Center,LOW_BATTERY,Battery level: 26.7%
188,UAV 2,Control Center,LOW_BATTERY,Battery level: 26.4%
188,UAV 4,Control Center,LOW_BATTERY,Battery level: 25.7%
188,UAV 5,Control Center,LOW_BATTERY,Battery level: 24.2%
188,UAV 6,Control Center,LOW_BATTERY,Battery level: 23.3%
188,UAV 9,Control Center,LOW_BATTERY,Battery level: 29.0%
188,UAV 10,Control Center,LOW_BATTERY,Battery level: 26.5%
189,UAV 1,Control Center,LOW_BATTERY,Battery level: 26.7%
189,UAV 2,Control Center,LOW_BATTERY,Battery level: 26.4%
189,UAV 4,Control Center,LOW_BATTERY,Battery level: 25.7%
189,UAV 5,Control Center,LOW_BATTERY,Battery level: 24.2%
189,UAV 6,Control Center,LOW_BATTERY,Battery level: 23.3%
189,UAV 9,Control Center,LOW_BATTERY,Battery level: 29.0%
189,UAV 10,Control Center,LOW_BATTERY,Battery level: 26.5%
190,UAV 1,Control Center,LOW_BATTERY,Battery level: 26.7%
190,UAV 2,Control Center,LOW_BATTERY,Battery level: 26.4%
190,UAV 4,Control Center,LOW_BATTERY,Battery level: 25.7%
190,UAV 5,Control Center,LOW_BATTERY,Battery level: 24.2%
190,UAV 6,Control Center,LOW_BATTERY,Battery level: 23.3%
190,UAV 9,Control Center,LOW_BATTERY,Battery level: 29.0%
190,UAV 10,Control Center,LOW_BATTERY,Battery level: 26.5%
191,UAV 1,Control Center,LOW_BATTERY,Battery level: 26.7%
191,UAV 2,Control Center,LOW_BATTERY,Battery level: 26.4%
191,UAV 4,Control Center,LOW_BATTERY,Battery level: 25.7%
191,UAV 5,Control Center,LOW_BATTERY,Battery level: 24.2%
191,UAV 6,Control Center,LOW_BATTERY,Battery level: 23.3%
191,UAV 9,Control Center,LOW_BATTERY,Battery level: 29.0%
191,UAV 10,Control Center,LOW_BATTERY,Battery level: 26.5%
192,UAV 1,Control Center,LOW_BATTERY,Battery level: 26.7%
192,UAV 2,Control Center,LOW_BATTERY,Battery level: 26.4%
192,UAV 4,Control Center,LOW_BATTERY,Battery level: 25.7%
192,UAV 5,Control Center,LOW_BATTERY,Battery level: 24.2%
192,UAV 6,Control Center,LOW_BATTERY,Battery level: 23.3%
192,UAV 9,Control Center,LOW_BATTERY,Battery level: 29.0%
192,UAV 10,Control Center,LOW_BATTERY,Battery level: 26.5%
193,UAV 1,Control Center,LOW_BATTERY,Battery level: 26.7%
193,UAV 2,Control Center,LOW_BATTERY,Battery level: 26.4%
193,UAV 4,Control Center,LOW_BATTERY,Battery level: 25.7%
193,UAV 5,Control Center,LOW_BATTERY,Battery level: 24.2%
193,UAV 6,Control Center,LOW_BATTERY,Battery level: 23.3%
193,UAV 9,Control Center,LOW_BATTERY,Battery level: 29.0%
193,UAV 10,Control Center,LOW_BATTERY,Battery level: 26.5%
194,UAV 1,Control Center,LOW_BATTERY,Battery level: 26.7%
194,UAV 2,Control Center,LOW_BATTERY,Battery level: 26.4%
194,UAV 4,Control Center,LOW_BATTERY,Battery level: 25.7%
194,UAV 5,Control Center,LOW_BATTERY,Battery level: 24.2%
194,UAV 6,Control Center,LOW_BATTERY,Battery level: 23.3%
194,UAV 9,Control Center,LOW_BATTERY,Battery level: 29.0%
194,UAV 10,Control Center,LOW_BATTERY,Battery level: 26.5%
195,UAV 1,Control Center,LOW_BATTERY,Battery level: 26.7%
195,UAV 2,Control Center,LOW_BATTERY,Battery level: 26.4%
195,UAV 4,Control Center,LOW_BATTERY,Battery level: 25.7%
195,UAV 5,Control Center,LOW_BATTERY,Battery level: 24.2%
195,UAV 6,Control Center,LOW_BATTERY,Battery level: 23.3%
195,UAV 9,Control Center,LOW_BATTERY,Battery level: 29.0%
195,UAV 10,Control Center,LOW_BATTERY,Battery level: 26.5%
196,UAV 1,Control Center,LOW_BATTERY,Battery level: 26.7%
196,UAV 2,Control Center,LOW_BATTERY,Battery level: 26.4%
196,UAV 4,Control Center,LOW_BATTERY,Battery level: 25.7%
196,UAV 5,Control Center,LOW_BATTERY,Battery level: 24.2%
196,UAV 6,Control Center,LOW_BATTERY,Battery level: 23.3%
196,UAV 9,Control Center,LOW_BATTERY,Battery level: 29.0%
196,UAV 10,Control Center,LOW_BATTERY,Battery level: 26.5%
197,UAV 1,Control Center,LOW_BATTERY,Battery level: 26.7%
197,UAV 2,Control Center,LOW_BATTERY,Battery level: 26.4%
197,UAV 4,Control Center,LOW_BATTERY,Battery level: 25.7%
197,UAV 5,Control Center,LOW_BATTERY,Battery level: 24.2%
197,UAV 6,Control Center,LOW_BATTERY,Battery level: 23.3%
197,UAV 9,Control Center,LOW_BATTERY,Battery level: 29.0%
197,UAV 10,Control Center,LOW_BATTERY,Battery level: 26.5%
198,UAV 1,Control Center,LOW_BATTERY,Battery level: 26.7%
198,UAV 2,Control Center,LOW_BATTERY,Battery level: 26.4%
198,UAV 4,Control Center,LOW_BATTERY,Battery level: 25.7%
198,UAV 5,Control Center,LOW_BATTERY,Battery level: 24.2%
198,UAV 6,Control Center,LOW_BATTERY,Battery level: 23.3%
198,UAV 9,Control Center,LOW_BATTERY,Battery level: 29.0%
198,UAV 10,Control Center,LOW_BATTERY,Battery level: 26.5%
199,UAV 1,Control Center,LOW_BATTERY,Battery level: 26.7%
199,UAV 2,Control Center,LOW_BATTERY,Battery level: 26.4%
199,UAV 4,Control Center,LOW_BATTERY,Battery level: 25.7%
199,UAV 5,Control Center,LOW_BATTERY,Battery level: 24.2%
199,UAV 6,Control Center,LOW_BATTERY,Battery level: 23.3%
199,UAV 9,Control Center,LOW_BATTERY,Battery level: 29.0%
199,UAV 10,Control Center,LOW_BATTERY,Battery level: 26.5%
200,UAV 1,Control Center,LOW_BATTERY,Battery level: 26.7%
200,UAV 2,Control Center,LOW_BATTERY,Battery level: 26.4%
200,UAV 4,Control Center,LOW_BATTERY,Battery level: 25.7%
200,UAV 5,Control Center,LOW_BATTERY,Battery level: 24.2%
200,UAV 6,Control Center,LOW_BATTERY,Battery level: 23.3%
200,UAV 9,Control Center,LOW_BATTERY,Battery level: 29.0%
200,UAV 10,Control Center,LOW_BATTERY,Battery level: 26.5%
201,UAV 1,Control Center,LOW_BATTERY,Battery level: 26.7%
201,UAV 2,Control Center,LOW_BATTERY,Battery level: 26.4%
201,UAV 4,Control Center,LOW_BATTERY,Battery level: 25.7%
201,UAV 5,Control Center,LOW_BATTERY,Battery level: 24.2%
201,UAV 6,Control Center,LOW_BATTERY,Battery level: 23.3%
201,UAV 9,Control Center,LOW_BATTERY,Battery level: 29.0%
201,UAV 10,Control Center,LOW_BATTERY,Battery level: 26.5%
202,UAV 1,Control Center,LOW_BATTERY,Battery level: 26.7%
202,UAV 2,Control Center,LOW_BATTERY,Battery level: 26.4%
202,UAV 4,Control Center,LOW_BATTERY,Battery level: 25.7%
202,UAV 5,Control Center,LOW_BATTERY,Battery level: 24.2%
202,UAV 6,Control Center,LOW_BATTERY,Battery level: 23.3%
202,UAV 9,Control Center,LOW_BATTERY,Battery level: 29.0%
202,UAV 10,Control Center,LOW_BATTERY,Battery level: 26.5%
203,UAV 1,Control Center,LOW_BATTERY,Battery level: 26.7%
203,UAV 2,Control Center,LOW_BATTERY,Battery level: 26.4%
203,UAV 4,Control Center,LOW_BATTERY,Battery level: 25.7%
203,UAV 5,Control Center,LOW_BATTERY,Battery level: 24.2%
203,UAV 6,Control Center,LOW_BATTERY,Battery level: 23.3%
203,UAV 9,Control Center,LOW_BATTERY,Battery level: 29.0%
203,UAV 10,Control Center,LOW_BATTERY,Battery level: 26.5%
204,UAV 1,Control Center,LOW_BATTERY,Battery level: 26.7%
204,UAV 2,Control Center,LOW_BATTERY,Battery level: 26.4%
204,UAV 4,Control Center,LOW_BATTERY,Battery level: 25.7%
204,UAV 5,Control Center,LOW_BATTERY,Battery level: 24.2%
204,UAV 6,Control Center,LOW_BATTERY,Battery level: 23.3%
204,UAV 9,Control Center,LOW_BATTERY,Battery level: 29.0%
204,UAV 10,Control Center,LOW_BATTERY,Battery level: 26.5%
205,UAV 1,Control Center,LOW_BATTERY,Battery level: 26.7%
205,UAV 2,Control Center,LOW_BATTERY,Battery level: 26.4%
205,UAV 4,Control Center,LOW_BATTERY,Battery level: 25.7%
205,UAV 5,Control Center,LOW_BATTERY,Battery level: 24.2%
205,UAV 6,Control Center,LOW_BATTERY,Battery level: 23.3%
205,UAV 9,Control Center,LOW_BATTERY,Battery level: 29.0%
205,UAV 10,Control Center,LOW_BATTERY,Battery level: 26.5%
206,UAV 1,Control Center,LOW_BATTERY,Battery level: 26.7%
206,UAV 2,Control Center,LOW_BATTERY,Battery level: 26.4%
206,UAV 4,Control Center,LOW_BATTERY,Battery level: 25.7%
206,UAV 5,Control Center,LOW_BATTERY,Battery level: 24.2%
206,UAV 6,Control Center,LOW_BATTERY,Battery level: 23.3%
206,UAV 9,Control Center,LOW_BATTERY,Battery level: 29.0%
206,UAV 10,Control Center,LOW_BATTERY,Battery level: 26.5%
207,UAV 1,Control Center,LOW_BATTERY,Battery level: 26.7%
207,UAV 2,Control Center,LOW_BATTERY,Battery level: 26.4%
207,UAV 4,Control Center,LOW_BATTERY,Battery level: 25.7%
207,UAV 5,Control Center,LOW_BATTERY,Battery level: 24.2%
207,UAV 6,Control Center,LOW_BATTERY,Battery level: 23.3%
207,UAV 9,Control Center,LOW_BATTERY,Battery level: 29.0%
207,UAV 10,Control Center,LOW_BATTERY,Battery level: 26.5%
208,UAV 1,Control Center,LOW_BATTERY,Battery level: 26.7%
208,UAV 2,Control Center,LOW_BATTERY,Battery level: 26.4%
208,UAV 4,Control Center,LOW_BATTERY,Battery level: 25.7%
208,UAV 5,Control Center,LOW_BATTERY,Battery level: 24.2%
208,UAV 6,Control Center,LOW_BATTERY,Battery level: 23.3%
208,UAV 9,Control Center,LOW_BATTERY,Battery level: 29.0%
208,UAV 10,Control Center,LOW_BATTERY,Battery level: 26.5%
209,UAV 1,Control Center,LOW_BATTERY,Battery level: 26.7%
209,UAV 2,Control Center,LOW_BATTERY,Battery level: 26.4%
209,UAV 4,Control Center,LOW_BATTERY,Battery level: 25.7%
209,UAV 5,Control Center,LOW_BATTERY,Battery level: 24.2%
209,UAV 6,Control Center,LOW_BATTERY,Battery level: 23.3%
209,UAV 9,Control Center,LOW_BATTERY,Battery level: 29.0%
209,UAV 10,Control Center,LOW_BATTERY,Battery level: 26.5%
210,UAV 1,Control Center,LOW_BATTERY,Battery level: 26.7%
210,UAV 2,Control Center,LOW_BATTERY,Battery level: 26.4%
210,UAV 4,Control Center,LOW_BATTERY,Battery level: 25.7%
210,UAV 5,Control Center,LOW_BATTERY,Battery level: 24.2%
210,UAV 6,Control Center,LOW_BATTERY,Battery level: 23.3%
210,UAV 9,Control Center,LOW_BATTERY,Battery level: 29.0%
210,UAV 10,Control Center,LOW_BATTERY,Battery level: 26.5%
211,UAV 1,Control Center,LOW_BATTERY,Battery level: 26.7%
211,UAV 2,Control Center,LOW_BATTERY,Battery level: 26.4%
211,UAV 4,Control Center,LOW_BATTERY,Battery level: 25.7%
211,UAV 5,Control Center,LOW_BATTERY,Battery level: 24.2%
211,UAV 6,Control Center,LOW_BATTERY,Battery level: 23.3%
211,UAV 9,Control Center,LOW_BATTERY,Battery level: 29.0%
211,UAV 10,Control Center,LOW_BATTERY,Battery level: 26.5%
212,UAV 1,Control Center,LOW_BATTERY,Battery level: 26.7%
212,UAV 2,Control Center,LOW_BATTERY,Battery level: 26.4%
212,UAV 4,Control Center,LOW_BATTERY,Battery level: 25.7%
212,UAV 5,Control Center,LOW_BATTERY,Battery level: 24.2%
212,UAV 6,Control Center,LOW_BATTERY,Battery level: 23.3%
212,UAV 9,Control Center,LOW_BATTERY,Battery level: 29.0%
212,UAV 10,Control Center,LOW_BATTERY,Battery level: 26.5%
213,UAV 1,Control Center,LOW_BATTERY,Battery level: 26.7%
213,UAV 2,Control Center,LOW_BATTERY,Battery level: 26.4%
213,UAV 4,Control Center,LOW_BATTERY,Battery level: 25.7%
213,UAV 5,Control Center,LOW_BATTERY,Battery level: 24.2%
213,UAV 6,Control Center,LOW_BATTERY,Battery level: 23.3%
213,UAV 9,Control Center,LOW_BATTERY,Battery level: 29.0%
213,UAV 10,Control Center,LOW_BATTERY,Battery level: 26.5%
214,UAV 1,Control Center,LOW_BATTERY,Battery level: 26.7%
214,UAV 2,Control Center,LOW_BATTERY,Battery level: 26.4%
214,UAV 4,Control Center,LOW_BATTERY,Battery level: 25.7%
214,UAV 5,Control Center,LOW_BATTERY,Battery level: 24.2%
214,UAV 6,Control Center,LOW_BATTERY,Battery level: 23.3%
214,UAV 9,Control Center,LOW_BATTERY,Battery level: 29.0%
214,UAV 10,Control Center,LOW_BATTERY,Battery level: 26.5%
215,UAV 1,Control Center,LOW_BATTERY,Battery level: 26.7%
215,UAV 2,Control Center,LOW_BATTERY,Battery level: 26.4%
215,UAV 4,Control Center,LOW_BATTERY,Battery level: 25.7%
215,UAV 5,Control Center,LOW_BATTERY,Battery level: 24.2%
215,UAV 6,Control Center,LOW_BATTERY,Battery level: 23.3%
215,UAV 9,Control Center,LOW_BATTERY,Battery level: 29.0%
215,UAV 10,Control Center,LOW_BATTERY,Battery level: 26.5%
216,UAV 1,Control Center,LOW_BATTERY,Battery level: 26.7%
216,UAV 2,Control Center,LOW_BATTERY,Battery level: 26.4%
216,UAV 4,Control Center,LOW_BATTERY,Battery level: 25.7%
216,UAV 5,Control Center,LOW_BATTERY,Battery level: 24.2%
216,UAV 6,Control Center,LOW_BATTERY,Battery level: 23.3%
216,UAV 9,Control Center,LOW_BATTERY,Battery level: 29.0%
216,UAV 10,Control Center,LOW_BATTERY,Battery level: 26.5%
217,UAV 1,Control Center,LOW_BATTERY,Battery level: 26.7%
217,UAV 2,Control Center,LOW_BATTERY,Battery level: 26.4%
217,UAV 4,Control Center,LOW_BATTERY,Battery level: 25.7%
217,UAV 5,Control Center,LOW_BATTERY,Battery level: 24.2%
217,UAV 6,Control Center,LOW_BATTERY,Battery level: 23.3%
217,UAV 9,Control Center,LOW_BATTERY,Battery level: 29.0%
217,UAV 10,Control Center,LOW_BATTERY,Battery level: 26.5%
218,UAV 1,Control Center,LOW_BATTERY,Battery level: 26.7%
218,UAV 2,Control Center,LOW_BATTERY,Battery level: 26.4%
218,UAV 4,Control Center,LOW_BATTERY,Battery level: 25.7%
218,UAV 5,Control Center,LOW_BATTERY,Battery level: 24.2%
218,UAV 6,Control Center,LOW_BATTERY,Battery level: 23.3%
218,UAV 9,Control Center,LOW_BATTERY,Battery level: 29.0%
218,UAV 10,Control Center,LOW_BATTERY,Battery level: 26.5%
219,UAV 1,Control Center,LOW_BATTERY,Battery level: 26.7%
219,UAV 2,Control Center,LOW_BATTERY,Battery level: 26.4%
219,UAV 4,Control Center,LOW_BATTERY,Battery level: 25.7%
219,UAV 5,Control Center,LOW_BATTERY,Battery level: 24.2%
219,UAV 6,Control Center,LOW_BATTERY,Battery level: 23.3%
219,UAV 9,Control Center,LOW_BATTERY,Battery level: 29.0%
219,UAV 10,Control Center,LOW_BATTERY,Battery level: 26.5%
220,UAV 1,Control Center,LOW_BATTERY,Battery level: 26.7%
220,UAV 2,Control Center,LOW_BATTERY,Battery level: 26.4%
220,UAV 4,Control Center,LOW_BATTERY,Battery level: 25.7%
220,UAV 5,Control Center,LOW_BATTERY,Battery level: 24.2%
220,UAV 6,Control Center,LOW_BATTERY,Battery level: 23.3%
220,UAV 9,Control Center,LOW_BATTERY,Battery level: 29.0%
220,UAV 10,Control Center,LOW_BATTERY,Battery level: 26.5%
221,UAV 1,Control Center,LOW_BATTERY,Battery level: 26.7%
221,UAV 2,Control Center,LOW_BATTERY,Battery level: 26.4%
221,UAV 4,Control Center,LOW_BATTERY,Battery level: 25.7%
221,UAV 5,Control Center,LOW_BATTERY,Battery level: 24.2%
221,UAV 6,Control Center,LOW_BATTERY,Battery level: 23.3%
221,UAV 9,Control Center,LOW_BATTERY,Battery level: 29.0%
221,UAV 10,Control Center,LOW_BATTERY,Battery level: 26.5%
222,UAV 1,Control Center,LOW_BATTERY,Battery level: 26.7%
222,UAV 2,Control Center,LOW_BATTERY,Battery level: 26.4%
222,UAV 4,Control Center,LOW_BATTERY,Battery level: 25.7%
222,UAV 5,Control Center,LOW_BATTERY,Battery level: 24.2%
222,UAV 6,Control Center,LOW_BATTERY,Battery level: 23.3%
222,UAV 9,Control Center,LOW_BATTERY,Battery level: 29.0%
222,UAV 10,Control Center,LOW_BATTERY,Battery level: 26.5%
223,UAV 1,Control Center,LOW_BATTERY,Battery level: 26.7%
223,UAV 2,Control Center,LOW_BATTERY,Battery level: 26.4%
223,UAV 4,Control Center,LOW_BATTERY,Battery level: 25.7%
223,UAV 5,Control Center,LOW_BATTERY,Battery level: 24.2%
223,UAV 6,Control Center,LOW_BATTERY,Battery level: 23.3%
223,UAV 9,Control Center,LOW_BATTERY,Battery level: 29.0%
223,UAV 10,Control Center,LOW_BATTERY,Battery level: 26.5%
224,UAV 1,Control Center,LOW_BATTERY,Battery level: 26.7%
224,UAV 2,Control Center,LOW_BATTERY,Battery level: 26.4%
224,UAV 4,Control Center,LOW_BATTERY,Battery level: 25.7%
224,UAV 5,Control Center,LOW_BATTERY,Battery level: 24.2%
224,UAV 6,Control Center,LOW_BATTERY,Battery level: 23.3%
224,UAV 9,Control Center,LOW_BATTERY,Battery level: 29.0%
224,UAV 10,Control Center,LOW_BATTERY,Battery level: 26.5%
225,UAV 1,Control Center,LOW_BATTERY,Battery level: 26.7%
225,UAV 2,Control Center,LOW_BATTERY,Battery level: 26.4%
225,UAV 4,Control Center,LOW_BATTERY,Battery level: 25.7%
225,UAV 5,Control Center,LOW_BATTERY,Battery level: 24.2%
225,UAV 6,Control Center,LOW_BATTERY,Battery level: 23.3%
225,UAV 9,Control Center,LOW_BATTERY,Battery level: 29.0%
225,UAV 10,Control Center,LOW_BATTERY,Battery level: 26.5%
226,UAV 1,Control Center,LOW_BATTERY,Battery level: 26.7%
226,UAV 2,Control Center,LOW_BATTERY,Battery level: 26.4%
226,UAV 4,Control Center,LOW_BATTERY,Battery level: 25.7%
226,UAV 5,Control Center,LOW_BATTERY,Battery level: 24.2%
226,UAV 6,Control Center,LOW_BATTERY,Battery level: 23.3%
226,UAV 9,Control Center,LOW_BATTERY,Battery level: 29.0%
226,UAV 10,Control Center,LOW_BATTERY,Battery level: 26.5%
227,UAV 1,Control Center,LOW_BATTERY,Battery level: 26.7%
227,UAV 2,Control Center,LOW_BATTERY,Battery level: 26.4%
227,UAV 4,Control Center,LOW_BATTERY,Battery level: 25.7%
227,UAV 5,Control Center,LOW_BATTERY,Battery level: 24.2%
227,UAV 6,Control Center,LOW_BATTERY,Battery level: 23.3%
227,UAV 9,Control Center,LOW_BATTERY,Battery level: 29.0%
227,UAV 10,Control Center,LOW_BATTERY,Battery level: 26.5%
228,UAV 1,Control Center,LOW_BATTERY,Battery level: 26.7%
228,UAV 2,Control Center,LOW_BATTERY,Battery level: 26.4%
228,UAV 4,Control Center,LOW_BATTERY,Battery level: 25.7%
228,UAV 5,Control Center,LOW_BATTERY,Battery level: 24.2%
228,UAV 6,Control Center,LOW_BATTERY,Battery level: 23.3%
228,UAV 9,Control Center,LOW_BATTERY,Battery level: 29.0%
228,UAV 10,Control Center,LOW_BATTERY,Battery level: 26.5%
229,UAV 1,Control Center,LOW_BATTERY,Battery level: 26.7%
229,UAV 2,Control Center,LOW_BATTERY,Battery level: 26.4%
229,UAV 4,Control Center,LOW_BATTERY,Battery level: 25.7%
229,UAV 5,Control Center,LOW_BATTERY,Battery level: 24.2%
229,UAV 6,Control Center,LOW_BATTERY,Battery level: 23.3%
229,UAV 9,Control Center,LOW_BATTERY,Battery level: 29.0%
229,UAV 10,Control Center,LOW_BATTERY,Battery level: 26.5%
230,UAV 1,Control Center,LOW_BATTERY,Battery level: 26.7%
230,UAV 2,Control Center,LOW_BATTERY,Battery level: 26.4%
230,UAV 4,Control Center,LOW_BATTERY,Battery level: 25.7%
230,UAV 5,Control Center,LOW_BATTERY,Battery level: 24.2%
230,UAV 6,Control Center,LOW_BATTERY,Battery level: 23.3%
230,UAV 9,Control Center,LOW_BATTERY,Battery level: 29.0%
230,UAV 10,Control Center,LOW_BATTERY,Battery level: 26.5%
231,UAV 1,Control Center,LOW_BATTERY,Battery level: 26.7%
231,UAV 2,Control Center,LOW_BATTERY,Battery level: 26.4%
231,UAV 4,Control Center,LOW_BATTERY,Battery level: 25.7%
231,UAV 5,Control Center,LOW_BATTERY,Battery level: 24.2%
231,UAV 6,Control Center,LOW_BATTERY,Battery level: 23.3%
231,UAV 9,Control Center,LOW_BATTERY,Battery level: 29.0%
231,UAV 10,Control Center,LOW_BATTERY,Battery level: 26.5%
232,UAV 1,Control Center,LOW_BATTERY,Battery level: 26.7%
232,UAV 2,Control Center,LOW_BATTERY,Battery level: 26.4%
232,UAV 4,Control Center,LOW_BATTERY,Battery level: 25.7%
232,UAV 5,Control Center,LOW_BATTERY,Battery level: 24.2%
232,UAV 6,Control Center,LOW_BATTERY,Battery level: 23.3%
232,UAV 9,Control Center,LOW_BATTERY,Battery level: 29.0%
232,UAV 10,Control Center,LOW_BATTERY,Battery level: 26.5%
233,UAV 1,Control Center,LOW_BATTERY,Battery level: 26.7%
233,UAV 2,Control Center,LOW_BATTERY,Battery level: 26.4%
233,UAV 4,Control Center,LOW_BATTERY,Battery level: 25.7%
233,UAV 5,Control Center,LOW_BATTERY,Battery level: 24.2%
233,UAV 6,Control Center,LOW_BATTERY,Battery level: 23.3%
233,UAV 9,Control Center,LOW_BATTERY,Battery level: 29.0%
233,UAV 10,Control Center,LOW_BATTERY,Battery level: 26.5%
234,UAV 1,Control Center,LOW_BATTERY,Battery level: 26.7%
234,UAV 2,Control Center,LOW_BATTERY,Battery level: 26.4%
234,UAV 4,Control Center,LOW_BATTERY,Battery level: 25.7%
234,UAV 5,Control Center,LOW_BATTERY,Battery level: 24.2%
234,UAV 6,Control Center,LOW_BATTERY,Battery level: 23.3%
234,UAV 9,Control Center,LOW_BATTERY,Battery level: 29.0%
234,UAV 10,Control Center,LOW_BATTERY,Battery level: 26.5%
235,UAV 1,Control Center,LOW_BATTERY,Battery level: 26.7%
235,UAV 2,Control Center,LOW_BATTERY,Battery level: 26.4%
235,UAV 4,Control Center,LOW_BATTERY,Battery level: 25.7%
235,UAV 5,Control Center,LOW_BATTERY,Battery level: 24.2%
235,UAV 6,Control Center,LOW_BATTERY,Battery level: 23.3%
235,UAV 9,Control Center,LOW_BATTERY,Battery level: 29.0%
235,UAV 10,Control Center,LOW_BATTERY,Battery level: 26.5%
236,UAV 1,Control Center,LOW_BATTERY,Battery level: 26.7%
236,UAV 2,Control Center,LOW_BATTERY,Battery level: 26.4%
236,UAV 4,Control Center,LOW_BATTERY,Battery level: 25.7%
236,UAV 5,Control Center,LOW_BATTERY,Battery level: 24.2%
236,UAV 6,Control Center,LOW_BATTERY,Battery level: 23.3%
236,UAV 9,Control Center,LOW_BATTERY,Battery level: 29.0%
236,UAV 10,Control Center,LOW_BATTERY,Battery level: 26.5%
237,UAV 1,Control Center,LOW_BATTERY,Battery level: 26.7%
237,UAV 2,Control Center,LOW_BATTERY,Battery level: 26.4%
237,UAV 4,Control Center,LOW_BATTERY,Battery level: 25.7%
237,UAV 5,Control Center,LOW_BATTERY,Battery level: 24.2%
237,UAV 6,Control Center,LOW_BATTERY,Battery level: 23.3%
237,UAV 9,Control Center,LOW_BATTERY,Battery level: 29.0%
237,UAV 10,Control Center,LOW_BATTERY,Battery level: 26.5%
238,UAV 1,Control Center,LOW_BATTERY,Battery level: 26.7%
238,UAV 2,Control Center,LOW_BATTERY,Battery level: 26.4%
238,UAV 4,Control Center,LOW_BATTERY,Battery level: 25.7%
238,UAV 5,Control Center,LOW_BATTERY,Battery level: 24.2%
238,UAV 6,Control Center,LOW_BATTERY,Battery level: 23.3%
238,UAV 9,Control Center,LOW_BATTERY,Battery level: 29.0%
238,UAV 10,Control Center,LOW_BATTERY,Battery level: 26.5%
239,UAV 1,Control Center,LOW_BATTERY,Battery level: 26.7%
239,UAV 2,Control Center,LOW_BATTERY,Battery level: 26.4%
239,UAV 4,Control Center,LOW_BATTERY,Battery level: 25.7%
239,UAV 5,Control Center,LOW_BATTERY,Battery level: 24.2%
239,UAV 6,Control Center,LOW_BATTERY,Battery level: 23.3%
239,UAV 9,Control Center,LOW_BATTERY,Battery level: 29.0%
239,UAV 10,Control Center,LOW_BATTERY,Battery level: 26.5%
240,UAV 1,Control Center,LOW_BATTERY,Battery level: 26.7%
240,UAV 2,Control Center,LOW_BATTERY,Battery level: 26.4%
240,UAV 4,Control Center,LOW_BATTERY,Battery level: 25.7%
240,UAV 5,Control Center,LOW_BATTERY,Battery level: 24.2%
240,UAV 6,Control Center,LOW_BATTERY,Battery level: 23.3%
240,UAV 9,Control Center,LOW_BATTERY,Battery level: 29.0%
240,UAV 10,Control Center,LOW_BATTERY,Battery level: 26.5%
241,UAV 1,Control Center,LOW_BATTERY,Battery level: 26.7%
241,UAV 2,Control Center,LOW_BATTERY,Battery level: 26.4%
241,UAV 4,Control Center,LOW_BATTERY,Battery level: 25.7%
241,UAV 5,Control Center,LOW_BATTERY,Battery level: 24.2%
241,UAV 6,Control Center,LOW_BATTERY,Battery level: 23.3%
241,UAV 9,Control Center,LOW_BATTERY,Battery level: 29.0%
241,UAV 10,Control Center,LOW_BATTERY,Battery level: 26.5%
242,UAV 1,Control Center,LOW_BATTERY,Battery level: 26.7%
242,UAV 2,Control Center,LOW_BATTERY,Battery level: 26.4%
242,UAV 4,Control Center,LOW_BATTERY,Battery level: 25.7%
242,UAV 5,Control Center,LOW_BATTERY,Battery level: 24.2%
242,UAV 6,Control Center,LOW_BATTERY,Battery level: 23.3%
242,UAV 9,Control Center,LOW_BATTERY,Battery level: 29.0%
242,UAV 10,Control Center,LOW_BATTERY,Battery level: 26.5%
243,UAV 1,Control Center,LOW_BATTERY,Battery level: 26.7%
243,UAV 2,Control Center,LOW_BATTERY,Battery level: 26.4%
243,UAV 4,Control Center,LOW_BATTERY,Battery level: 25.7%
243,UAV 5,Control Center,LOW_BATTERY,Battery level: 24.2%
243,UAV 6,Control Center,LOW_BATTERY,Battery level: 23.3%
243,UAV 9,Control Center,LOW_BATTERY,Battery level: 29.0%
243,UAV 10,Control Center,LOW_BATTERY,Battery level: 26.5%
244,UAV 1,Control Center,LOW_BATTERY,Battery level: 26.7%
244,UAV 2,Control Center,LOW_BATTERY,Battery level: 26.4%
244,UAV 4,Control Center,LOW_BATTERY,Battery level: 25.7%
244,UAV 5,Control Center,LOW_BATTERY,Battery level: 24.2%
244,UAV 6,Control Center,LOW_BATTERY,Battery level: 23.3%
244,UAV 9,Control Center,LOW_BATTERY,Battery level: 29.0%
244,UAV 10,Control Center,LOW_BATTERY,Battery level: 26.5%
245,UAV 1,Control Center,LOW_BATTERY,Battery level: 26.7%
245,UAV 2,Control Center,LOW_BATTERY,Battery level: 26.4%
245,UAV 4,Control Center,LOW_BATTERY,Battery level: 25.7%
245,UAV 5,Control Center,LOW_BATTERY,Battery level: 24.2%
245,UAV 6,Control Center,LOW_BATTERY,Battery level: 23.3%
245,UAV 9,Control Center,LOW_BATTERY,Battery level: 29.0%
245,UAV 10,Control Center,LOW_BATTERY,Battery level: 26.5%
246,UAV 1,Control Center,LOW_BATTERY,Battery level: 26.7%
246,UAV 2,Control Center,LOW_BATTERY,Battery level: 26.4%
246,UAV 4,Control Center,LOW_BATTERY,Battery level: 25.7%
246,UAV 5,Control Center,LOW_BATTERY,Battery level: 24.2%
246,UAV 6,Control Center,LOW_BATTERY,Battery level: 23.3%
246,UAV 9,Control Center,LOW_BATTERY,Battery level: 29.0%
246,UAV 10,Control Center,LOW_BATTERY,Battery level: 26.5%
247,UAV 1,Control Center,LOW_BATTERY,Battery level: 26.7%
247,UAV 2,Control Center,LOW_BATTERY,Battery level: 26.4%
247,UAV 4,Control Center,LOW_BATTERY,Battery level: 25.7%
247,UAV 5,Control Center,LOW_BATTERY,Battery level: 24.2%
247,UAV 6,Control Center,LOW_BATTERY,Battery level: 23.3%
247,UAV 9,Control Center,LOW_BATTERY,Battery level: 29.0%
247,UAV 10,Control Center,LOW_BATTERY,Battery level: 26.5%
248,UAV 1,Control Center,LOW_BATTERY,Battery level: 26.7%
248,UAV 2,Control Center,LOW_BATTERY,Battery level: 26.4%
248,UAV 4,Control Center,LOW_BATTERY,Battery level: 25.7%
248,UAV 5,Control Center,LOW_BATTERY,Battery level: 24.2%
248,UAV 6,Control Center,LOW_BATTERY,Battery level: 23.3%
248,UAV 9,Control Center,LOW_BATTERY,Battery level: 29.0%
248,UAV 10,Control Center,LOW_BATTERY,Battery level: 26.5%
249,UAV 1,Control Center,LOW_BATTERY,Battery level: 26.7%
249,UAV 2,Control Center,LOW_BATTERY,Battery level: 26.4%
249,UAV 4,Control Center,LOW_BATTERY,Battery level: 25.7%
249,UAV 5,Control Center,LOW_BATTERY,Battery level: 24.2%
249,UAV 6,Control Center,LOW_BATTERY,Battery level: 23.3%
249,UAV 9,Control Center,LOW_BATTERY,Battery level: 29.0%
249,UAV 10,Control Center,LOW_BATTERY,Battery level: 26.5%
250,UAV 1,Control Center,LOW_BATTERY,Battery level: 26.7%
250,UAV 2,Control Center,LOW_BATTERY,Battery level: 26.4%
250,UAV 4,Control Center,LOW_BATTERY,Battery level: 25.7%
250,UAV 5,Control Center,LOW_BATTERY,Battery level: 24.2%
250,UAV 6,Control Center,LOW_BATTERY,Battery level: 23.3%
250,UAV 9,Control Center,LOW_BATTERY,Battery level: 29.0%
250,UAV 10,Control Center,LOW_BATTERY,Battery level: 26.5%
251,UAV 1,Control Center,LOW_BATTERY,Battery level: 26.7%
251,UAV 2,Control Center,LOW_BATTERY,Battery level: 26.4%
251,UAV 4,Control Center,LOW_BATTERY,Battery level: 25.7%
251,UAV 5,Control Center,LOW_BATTERY,Battery level: 24.2%
251,UAV 6,Control Center,LOW_BATTERY,Battery level: 23.3%
251,UAV 9,Control Center,LOW_BATTERY,Battery level: 29.0%
251,UAV 10,Control Center,LOW_BATTERY,Battery level: 26.5%
252,UAV 1,Control Center,LOW_BATTERY,Battery level: 26.7%
252,UAV 2,Control Center,LOW_BATTERY,Battery level: 26.4%
252,UAV 4,Control Center,LOW_BATTERY,Battery level: 25.7%
252,UAV 5,Control Center,LOW_BATTERY,Battery level: 24.2%
252,UAV 6,Control Center,LOW_BATTERY,Battery level: 23.3%
252,UAV 9,Control Center,LOW_BATTERY,Battery level: 29.0%
252,UAV 10,Control Center,LOW_BATTERY,Battery level: 26.5%
253,UAV 1,Control Center,LOW_BATTERY,Battery level: 26.7%
253,UAV 2,Control Center,LOW_BATTERY,Battery level: 26.4%
253,UAV 4,Control Center,LOW_BATTERY,Battery level: 25.7%
253,UAV 5,Control Center,LOW_BATTERY,Battery level: 24.2%
253,UAV 6,Control Center,LOW_BATTERY,Battery level: 23.3%
253,UAV 9,Control Center,LOW_BATTERY,Battery level: 29.0%
253,UAV 10,Control Center,LOW_BATTERY,Battery level: 26.5%
254,UAV 1,Control Center,LOW_BATTERY,Battery level: 26.7%
254,UAV 2,Control Center,LOW_BATTERY,Battery level: 26.4%
254,UAV 4,Control Center,LOW_BATTERY,Battery level: 25.7%
254,UAV 5,Control Center,LOW_BATTERY,Battery level: 24.2%
254,UAV 6,Control Center,LOW_BATTERY,Battery level: 23.3%
254,UAV 9,Control Center,LOW_BATTERY,Battery level: 29.0%
254,UAV 10,Control Center,LOW_BATTERY,Battery level: 26.5%
255,UAV 1,Control Center,LOW_BATTERY,Battery level: 26.7%
255,UAV 2,Control Center,LOW_BATTERY,Battery level: 26.4%
255,UAV 4,Control Center,LOW_BATTERY,Battery level: 25.7%
255,UAV 5,Control Center,LOW_BATTERY,Battery level: 24.2%
255,UAV 6,Control Center,LOW_BATTERY,Battery level: 23.3%
255,UAV 9,Control Center,LOW_BATTERY,Battery level: 29.0%
255,UAV 10,Control Center,LOW_BATTERY,Battery level: 26.5%
256,UAV 1,Control Center,LOW_BATTERY,Battery level: 26.7%
256,UAV 2,Control Center,LOW_BATTERY,Battery level: 26.4%
256,UAV 4,Control Center,LOW_BATTERY,Battery level: 25.7%
256,UAV 5,Control Center,LOW_BATTERY,Battery level: 24.2%
256,UAV 6,Control Center,LOW_BATTERY,Battery level: 23.3%
256,UAV 9,Control Center,LOW_BATTERY,Battery level: 29.0%
256,UAV 10,Control Center,LOW_BATTERY,Battery level: 26.5%
257,UAV 1,Control Center,LOW_BATTERY,Battery level: 26.7%
257,UAV 2,Control Center,LOW_BATTERY,Battery level: 26.4%
257,UAV 4,Control Center,LOW_BATTERY,Battery level: 25.7%
257,UAV 5,Control Center,LOW_BATTERY,Battery level: 24.2%
257,UAV 6,Control Center,LOW_BATTERY,Battery level: 23.3%
257,UAV 9,Control Center,LOW_BATTERY,Battery level: 29.0%
257,UAV 10,Control Center,LOW_BATTERY,Battery level: 26.5%
258,UAV 1,Control Center,LOW_BATTERY,Battery level: 26.7%
258,UAV 2,Control Center,LOW_BATTERY,Battery level: 26.4%
258,UAV 4,Control Center,LOW_BATTERY,Battery level: 25.7%
258,UAV 5,Control Center,LOW_BATTERY,Battery level: 24.2%
258,UAV 6,Control Center,LOW_BATTERY,Battery level: 23.3%
258,UAV 9,Control Center,LOW_BATTERY,Battery level: 29.0%
258,UAV 10,Control Center,LOW_BATTERY,Battery level: 26.5%
259,UAV 1,Control Center,LOW_BATTERY,Battery level: 26.7%
259,UAV 2,Control Center,LOW_BATTERY,Battery level: 26.4%
259,UAV 4,Control Center,LOW_BATTERY,Battery level: 25.7%
259,UAV 5,Control Center,LOW_BATTERY,Battery level: 24.2%
259,UAV 6,Control Center,LOW_BATTERY,Battery level: 23.3%
259,UAV 9,Control Center,LOW_BATTERY,Battery level: 29.0%
259,UAV 10,Control Center,LOW_BATTERY,Battery level: 26.5%
260,UAV 1,Control Center,LOW_BATTERY,Battery level: 26.7%
260,UAV 2,Control Center,LOW_BATTERY,Battery level: 26.4%
260,UAV 4,Control Center,LOW_BATTERY,Battery level: 25.7%
260,UAV 5,Control Center,LOW_BATTERY,Battery level: 24.2%
260,UAV 6,Control Center,LOW_BATTERY,Battery level: 23.3%
260,UAV 9,Control Center,LOW_BATTERY,Battery level: 29.0%
260,UAV 10,Control Center,LOW_BATTERY,Battery level: 26.5%
261,UAV 1,Control Center,LOW_BATTERY,Battery level: 26.7%
261,UAV 2,Control Center,LOW_BATTERY,Battery level: 26.4%
261,UAV 4,Control Center,LOW_BATTERY,Battery level: 25.7%
261,UAV 5,Control Center,LOW_BATTERY,Battery level: 24.2%
261,UAV 6,Control Center,LOW_BATTERY,Battery level: 23.3%
261,UAV 9,Control Center,LOW_BATTERY,Battery level: 29.0%
261,UAV 10,Control Center,LOW_BATTERY,Battery level: 26.5%
262,UAV 1,Control Center,LOW_BATTERY,Battery level: 26.7%
262,UAV 2,Control Center,LOW_BATTERY,Battery level: 26.4%
262,UAV 4,Control Center,LOW_BATTERY,Battery level: 25.7%
262,UAV 5,Control Center,LOW_BATTERY,Battery level: 24.2%
262,UAV 6,Control Center,LOW_BATTERY,Battery level: 23.3%
262,UAV 9,Control Center,LOW_BATTERY,Battery level: 29.0%
262,UAV 10,Control Center,LOW_BATTERY,Battery level: 26.5%
263,UAV 1,Control Center,LOW_BATTERY,Battery level: 26.7%
263,UAV 2,Control Center,LOW_BATTERY,Battery level: 26.4%
263,UAV 4,Control Center,LOW_BATTERY,Battery level: 25.7%
263,UAV 5,Control Center,LOW_BATTERY,Battery level: 24.2%
263,UAV 6,Control Center,LOW_BATTERY,Battery level: 23.3%
263,UAV 9,Control Center,LOW_BATTERY,Battery level: 29.0%
263,UAV 10,Control Center,LOW_BATTERY,Battery level: 26.5%
264,UAV 1,Control Center,LOW_BATTERY,Battery level: 26.7%
264,UAV 2,Control Center,LOW_BATTERY,Battery level: 26.4%
264,UAV 4,Control Center,LOW_BATTERY,Battery level: 25.7%
264,UAV 5,Control Center,LOW_BATTERY,Battery level: 24.2%
264,UAV 6,Control Center,LOW_BATTERY,Battery level: 23.3%
264,UAV 9,Control Center,LOW_BATTERY,Battery level: 29.0%
264,UAV 10,Control Center,LOW_BATTERY,Battery level: 26.5%
265,UAV 1,Control Center,LOW_BATTERY,Battery level: 26.7%
265,UAV 2,Control Center,LOW_BATTERY,Battery level: 26.4%
265,UAV 4,Control Center,LOW_BATTERY,Battery level: 25.7%
265,UAV 5,Control Center,LOW_BATTERY,Battery level: 24.2%
265,UAV 6,Control Center,LOW_BATTERY,Battery level: 23.3%
265,UAV 9,Control Center,LOW_BATTERY,Battery level: 29.0%
265,UAV 10,Control Center,LOW_BATTERY,Battery level: 26.5%
266,UAV 1,Control Center,LOW_BATTERY,Battery level: 26.7%
266,UAV 2,Control Center,LOW_BATTERY,Battery level: 26.4%
266,UAV 4,Control Center,LOW_BATTERY,Battery level: 25.7%
266,UAV 5,Control Center,LOW_BATTERY,Battery level: 24.2%
266,UAV 6,Control Center,LOW_BATTERY,Battery level: 23.3%
266,UAV 9,Control Center,LOW_BATTERY,Battery level: 29.0%
266,UAV 10,Control Center,LOW_BATTERY,Battery level: 26.5%
267,UAV 1,Control Center,LOW_BATTERY,Battery level: 26.7%
267,UAV 2,Control Center,LOW_BATTERY,Battery level: 26.4%
267,UAV 4,Control Center,LOW_BATTERY,Battery level: 25.7%
267,UAV 5,Control Center,LOW_BATTERY,Battery level: 24.2%
267,UAV 6,Control Center,LOW_BATTERY,Battery level: 23.3%
267,UAV 9,Control Center,LOW_BATTERY,Battery level: 29.0%
267,UAV 10,Control Center,LOW_BATTERY,Battery level: 26.5%
268,UAV 1,Control Center,LOW_BATTERY,Battery level: 26.7%
268,UAV 2,Control Center,LOW_BATTERY,Battery level: 26.4%
268,UAV 4,Control Center,LOW_BATTERY,Battery level: 25.7%
268,UAV 5,Control Center,LOW_BATTERY,Battery level: 24.2%
268,UAV 6,Control Center,LOW_BATTERY,Battery level: 23.3%
268,UAV 9,Control Center,LOW_BATTERY,Battery level: 29.0%
268,UAV 10,Control Center,LOW_BATTERY,Battery level: 26.5%
269,UAV 1,Control Center,LOW_BATTERY,Battery level: 26.7%
269,UAV 2,Control Center,LOW_BATTERY,Battery level: 26.4%
269,UAV 4,Control Center,LOW_BATTERY,Battery level: 25.7%
269,UAV 5,Control Center,LOW_BATTERY,Battery level: 24.2%
269,UAV 6,Control Center,LOW_BATTERY,Battery level: 23.3%
269,UAV 9,Control Center,LOW_BATTERY,Battery level: 29.0%
269,UAV 10,Control Center,LOW_BATTERY,Battery level: 26.5%
270,UAV 1,Control Center,LOW_BATTERY,Battery level: 26.7%
270,UAV 2,Control Center,LOW_BATTERY,Battery level: 26.4%
270,UAV 4,Control Center,LOW_BATTERY,Battery level: 25.7%
270,UAV 5,Control Center,LOW_BATTERY,Battery level: 24.2%
270,UAV 6,Control Center,LOW_BATTERY,Battery level: 23.3%
270,UAV 9,Control Center,LOW_BATTERY,Battery level: 29.0%
270,UAV 10,Control Center,LOW_BATTERY,Battery level: 26.5%
271,UAV 1,Control Center,LOW_BATTERY,Battery level: 26.7%
271,UAV 2,Control Center,LOW_BATTERY,Battery level: 26.4%
271,UAV 4,Control Center,LOW_BATTERY,Battery level: 25.7%
271,UAV 5,Control Center,LOW_BATTERY,Battery level: 24.2%
271,UAV 6,Control Center,LOW_BATTERY,Battery level: 23.3%
271,UAV 9,Control Center,LOW_BATTERY,Battery level: 29.0%
271,UAV 10,Control Center,LOW_BATTERY,Battery level: 26.5%
272,UAV 1,Control Center,LOW_BATTERY,Battery level: 26.7%
272,UAV 2,Control Center,LOW_BATTERY,Battery level: 26.4%
272,UAV 4,Control Center,LOW_BATTERY,Battery level: 25.7%
272,UAV 5,Control Center,LOW_BATTERY,Battery level: 24.2%
272,UAV 6,Control Center,LOW_BATTERY,Battery level: 23.3%
272,UAV 9,Control Center,LOW_BATTERY,Battery level: 29.0%
272,UAV 10,Control Center,LOW_BATTERY,Battery level: 26.5%
273,UAV 1,Control Center,LOW_BATTERY,Battery level: 26.7%
273,UAV 2,Control Center,LOW_BATTERY,Battery level: 26.4%
273,UAV 4,Control Center,LOW_BATTERY,Battery level: 25.7%
273,UAV 5,Control Center,LOW_BATTERY,Battery level: 24.2%
273,UAV 6,Control Center,LOW_BATTERY,Battery level: 23.3%
273,UAV 9,Control Center,LOW_BATTERY,Battery level: 29.0%
273,UAV 10,Control Center,LOW_BATTERY,Battery level: 26.5%
274,UAV 1,Control Center,LOW_BATTERY,Battery level: 26.7%
274,UAV 2,Control Center,LOW_BATTERY,Battery level: 26.4%
274,UAV 4,Control Center,LOW_BATTERY,Battery level: 25.7%
274,UAV 5,Control Center,LOW_BATTERY,Battery level: 24.2%
274,UAV 6,Control Center,LOW_BATTERY,Battery level: 23.3%
274,UAV 9,Control Center,LOW_BATTERY,Battery level: 29.0%
274,UAV 10,Control Center,LOW_BATTERY,Battery level: 26.5%
275,UAV 1,Control Center,LOW_BATTERY,Battery level: 26.7%
275,UAV 2,Control Center,LOW_BATTERY,Battery level: 26.4%
275,UAV 4,Control Center,LOW_BATTERY,Battery level: 25.7%
275,UAV 5,Control Center,LOW_BATTERY,Battery level: 24.2%
275,UAV 6,Control Center,LOW_BATTERY,Battery level: 23.3%
275,UAV 9,Control Center,LOW_BATTERY,Battery level: 29.0%
275,UAV 10,Control Center,LOW_BATTERY,Battery level: 26.5%
276,UAV 1,Control Center,LOW_BATTERY,Battery level: 26.7%
276,UAV 2,Control Center,LOW_BATTERY,Battery level: 26.4%
276,UAV 4,Control Center,LOW_BATTERY,Battery level: 25.7%
276,UAV 5,Control Center,LOW_BATTERY,Battery level: 24.2%
276,UAV 6,Control Center,LOW_BATTERY,Battery level: 23.3%
276,UAV 9,Control Center,LOW_BATTERY,Battery level: 29.0%
276,UAV 10,Control Center,LOW_BATTERY,Battery level: 26.5%
277,UAV 1,Control Center,LOW_BATTERY,Battery level: 26.7%
277,UAV 2,Control Center,LOW_BATTERY,Battery level: 26.4%
277,UAV 4,Control Center,LOW_BATTERY,Battery level: 25.7%
277,UAV 5,Control Center,LOW_BATTERY,Battery level: 24.2%
277,UAV 6,Control Center,LOW_BATTERY,Battery level: 23.3%
277,UAV 9,Control Center,LOW_BATTERY,Battery level: 29.0%
277,UAV 10,Control Center,LOW_BATTERY,Battery level: 26.5%
278,UAV 1,Control Center,LOW_BATTERY,Battery level: 26.7%
278,UAV 2,Control Center,LOW_BATTERY,Battery level: 26.4%
278,UAV 4,Control Center,LOW_BATTERY,Battery level: 25.7%
278,UAV 5,Control Center,LOW_BATTERY,Battery level: 24.2%
278,UAV 6,Control Center,LOW_BATTERY,Battery level: 23.3%
278,UAV 9,Control Center,LOW_BATTERY,Battery level: 29.0%
278,UAV 10,Control Center,LOW_BATTERY,Battery level: 26.5%
279,UAV 1,Control Center,LOW_BATTERY,Battery level: 26.7%
279,UAV 2,Control Center,LOW_BATTERY,Battery level: 26.4%
279,UAV 4,Control Center,LOW_BATTERY,Battery level: 25.7%
279,UAV 5,Control Center,LOW_BATTERY,Battery level: 24.2%
279,UAV 6,Control Center,LOW_BATTERY,Battery level: 23.3%
279,UAV 9,Control Center,LOW_BATTERY,Battery level: 29.0%
279,UAV 10,Control Center,LOW_BATTERY,Battery level: 26.5%
280,UAV 1,Control Center,LOW_BATTERY,Battery level: 26.7%
280,UAV 2,Control Center,LOW_BATTERY,Battery level: 26.4%
280,UAV 4,Control Center,LOW_BATTERY,Battery level: 25.7%
280,UAV 5,Control Center,LOW_BATTERY,Battery level: 24.2%
280,UAV 6,Control Center,LOW_BATTERY,Battery level: 23.3%
280,UAV 9,Control Center,LOW_BATTERY,Battery level: 29.0%
280,UAV 10,Control Center,LOW_BATTERY,Battery level: 26.5%
281,UAV 1,Control Center,LOW_BATTERY,Battery level: 26.7%
281,UAV 2,Control Center,LOW_BATTERY,Battery level: 26.4%
281,UAV 4,Control Center,LOW_BATTERY,Battery level: 25.7%
281,UAV 5,Control Center,LOW_BATTERY,Battery level: 24.2%
281,UAV 6,Control Center,LOW_BATTERY,Battery level: 23.3%
281,UAV 9,Control Center,LOW_BATTERY,Battery level: 29.0%
281,UAV 10,Control Center,LOW_BATTERY,Battery level: 26.5%
282,UAV 1,Control Center,LOW_BATTERY,Battery level: 26.7%
282,UAV 2,Control Center,LOW_BATTERY,Battery level: 26.4%
282,UAV 4,Control Center,LOW_BATTERY,Battery level: 25.7%
282,UAV 5,Control Center,LOW_BATTERY,Battery level: 24.2%
282,UAV 6,Control Center,LOW_BATTERY,Battery level: 23.3%
282,UAV 9,Control Center,LOW_BATTERY,Battery level: 29.0%
282,UAV 10,Control Center,LOW_BATTERY,Battery level: 26.5%
283,UAV 1,Control Center,LOW_BATTERY,Battery level: 26.7%
283,UAV 2,Control Center,LOW_BATTERY,Battery level: 26.4%
283,UAV 4,Control Center,LOW_BATTERY,Battery level: 25.7%
283,UAV 5,Control Center,LOW_BATTERY,Battery level: 24.2%
283,UAV 6,Control Center,LOW_BATTERY,Battery level: 23.3%
283,UAV 9,Control Center,LOW_BATTERY,Battery level: 29.0%
283,UAV 10,Control Center,LOW_BATTERY,Battery level: 26.5%
284,UAV 1,Control Center,LOW_BATTERY,Battery level: 26.7%
284,UAV 2,Control Center,LOW_BATTERY,Battery level: 26.4%
284,UAV 4,Control Center,LOW_BATTERY,Battery level: 25.7%
284,UAV 5,Control Center,LOW_BATTERY,Battery level: 24.2%
284,UAV 6,Control Center,LOW_BATTERY,Battery level: 23.3%
284,UAV 9,Control Center,LOW_BATTERY,Battery level: 29.0%
284,UAV 10,Control Center,LOW_BATTERY,Battery level: 26.5%
285,UAV 1,Control Center,LOW_BATTERY,Battery level: 26.7%
285,UAV 2,Control Center,LOW_BATTERY,Battery level: 26.4%
285,UAV 4,Control Center,LOW_BATTERY,Battery level: 25.7%
285,UAV 5,Control Center,LOW_BATTERY,Battery level: 24.2%
285,UAV 6,Control Center,LOW_BATTERY,Battery level: 23.3%
285,UAV 9,Control Center,LOW_BATTERY,Battery level: 29.0%
285,UAV 10,Control Center,LOW_BATTERY,Battery level: 26.5%
286,UAV 1,Control Center,LOW_BATTERY,Battery level: 26.7%
286,UAV 2,Control Center,LOW_BATTERY,Battery level: 26.4%
286,UAV 4,Control Center,LOW_BATTERY,Battery level: 25.7%
286,UAV 5,Control Center,LOW_BATTERY,Battery level: 24.2%
286,UAV 6,Control Center,LOW_BATTERY,Battery level: 23.3%
286,UAV 9,Control Center,LOW_BATTERY,Battery level: 29.0%
286,UAV 10,Control Center,LOW_BATTERY,Battery level: 26.5%
287,UAV 1,Control Center,LOW_BATTERY,Battery level: 26.7%
287,UAV 2,Control Center,LOW_BATTERY,Battery level: 26.4%
287,UAV 4,Control Center,LOW_BATTERY,Battery level: 25.7%
287,UAV 5,Control Center,LOW_BATTERY,Battery level: 24.2%
287,UAV 6,Control Center,LOW_BATTERY,Battery level: 23.3%
287,UAV 9,Control Center,LOW_BATTERY,Battery level: 29.0%
287,UAV 10,Control Center,LOW_BATTERY,Battery level: 26.5%
288,UAV 1,Control Center,LOW_BATTERY,Battery level: 26.7%
288,UAV 2,Control Center,LOW_BATTERY,Battery level: 26.4%
288,UAV 4,Control Center,LOW_BATTERY,Battery level: 25.7%
288,UAV 5,Control Center,LOW_BATTERY,Battery level: 24.2%
288,UAV 6,Control Center,LOW_BATTERY,Battery level: 23.3%
288,UAV 9,Control Center,LOW_BATTERY,Battery level: 29.0%
288,UAV 10,Control Center,LOW_BATTERY,Battery level: 26.5%
289,UAV 1,Control Center,LOW_BATTERY,Battery level: 26.7%
289,UAV 2,Control Center,LOW_BATTERY,Battery level: 26.4%
289,UAV 4,Control Center,LOW_BATTERY,Battery level: 25.7%
289,UAV 5,Control Center,LOW_BATTERY,Battery level: 24.2%
289,UAV 6,Control Center,LOW_BATTERY,Battery level: 23.3%
289,UAV 9,Control Center,LOW_BATTERY,Battery level: 29.0%
289,UAV 10,Control Center,LOW_BATTERY,Battery level: 26.5%
290,UAV 1,Control Center,LOW_BATTERY,Battery level: 26.7%
290,UAV 2,Control Center,LOW_BATTERY,Battery level: 26.4%
290,UAV 4,Control Center,LOW_BATTERY,Battery level: 25.7%
290,UAV 5,Control Center,LOW_BATTERY,Battery level: 24.2%
290,UAV 6,Control Center,LOW_BATTERY,Battery level: 23.3%
290,UAV 9,Control Center,LOW_BATTERY,Battery level: 29.0%
290,UAV 10,Control Center,LOW_BATTERY,Battery level: 26.5%
291,UAV 1,Control Center,LOW_BATTERY,Battery level: 26.7%
291,UAV 2,Control Center,LOW_BATTERY,Battery level: 26.4%
291,UAV 4,Control Center,LOW_BATTERY,Battery level: 25.7%
291,UAV 5,Control Center,LOW_BATTERY,Battery level: 24.2%
291,UAV 6,Control Center,LOW_BATTERY,Battery level: 23.3%
291,UAV 9,Control Center,LOW_BATTERY,Battery level: 29.0%
291,UAV 10,Control Center,LOW_BATTERY,Battery level: 26.5%
292,UAV 1,Control Center,LOW_BATTERY,Battery level: 26.7%
292,UAV 2,Control Center,LOW_BATTERY,Battery level: 26.4%
292,UAV 4,Control Center,LOW_BATTERY,Battery level: 25.7%
292,UAV 5,Control Center,LOW_BATTERY,Battery level: 24.2%
292,UAV 6,Control Center,LOW_BATTERY,Battery level: 23.3%
292,UAV 9,Control Center,LOW_BATTERY,Battery level: 29.0%
292,UAV 10,Control Center,LOW_BATTERY,Battery level: 26.5%
293,UAV 1,Control Center,LOW_BATTERY,Battery level: 26.7%
293,UAV 2,Control Center,LOW_BATTERY,Battery level: 26.4%
293,UAV 4,Control Center,LOW_BATTERY,Battery level: 25.7%
293,UAV 5,Control Center,LOW_BATTERY,Battery level: 24.2%
293,UAV 6,Control Center,LOW_BATTERY,Battery level: 23.3%
293,UAV 9,Control Center,LOW_BATTERY,Battery level: 29.0%
293,UAV 10,Control Center,LOW_BATTERY,Battery level: 26.5%
294,UAV 1,Control Center,LOW_BATTERY,Battery level: 26.7%
294,UAV 2,Control Center,LOW_BATTERY,Battery level: 26.4%
294,UAV 4,Control Center,LOW_BATTERY,Battery level: 25.7%
294,UAV 5,Control Center,LOW_BATTERY,Battery level: 24.2%
294,UAV 6,Control Center,LOW_BATTERY,Battery level: 23.3%
294,UAV 9,Control Center,LOW_BATTERY,Battery level: 29.0%
294,UAV 10,Control Center,LOW_BATTERY,Battery level: 26.5%
295,UAV 1,Control Center,LOW_BATTERY,Battery level: 26.7%
295,UAV 2,Control Center,LOW_BATTERY,Battery level: 26.4%
295,UAV 4,Control Center,LOW_BATTERY,Battery level: 25.7%
295,UAV 5,Control Center,LOW_BATTERY,Battery level: 24.2%
295,UAV 6,Control Center,LOW_BATTERY,Battery level: 23.3%
295,UAV 9,Control Center,LOW_BATTERY,Battery level: 29.0%
295,UAV 10,Control Center,LOW_BATTERY,Battery level: 26.5%
296,UAV 1,Control Center,LOW_BATTERY,Battery level: 26.7%
296,UAV 2,Control Center,LOW_BATTERY,Battery level: 26.4%
296,UAV 4,Control Center,LOW_BATTERY,Battery level: 25.7%
296,UAV 5,Control Center,LOW_BATTERY,Battery level: 24.2%
296,UAV 6,Control Center,LOW_BATTERY,Battery level: 23.3%
296,UAV 9,Control Center,LOW_BATTERY,Battery level: 29.0%
296,UAV 10,Control Center,LOW_BATTERY,Battery level: 26.5%
297,UAV 1,Control Center,LOW_BATTERY,Battery level: 26.7%
297,UAV 2,Control Center,LOW_BATTERY,Battery level: 26.4%
297,UAV 4,Control Center,LOW_BATTERY,Battery level: 25.7%
297,UAV 5,Control Center,LOW_BATTERY,Battery level: 24.2%
297,UAV 6,Control Center,LOW_BATTERY,Battery level: 23.3%
297,UAV 9,Control Center,LOW_BATTERY,Battery level: 29.0%
297,UAV 10,Control Center,LOW_BATTERY,Battery level: 26.5%
298,UAV 1,Control Center,LOW_BATTERY,Battery level: 26.7%
298,UAV 2,Control Center,LOW_BATTERY,Battery level: 26.4%
298,UAV 4,Control Center,LOW_BATTERY,Battery level: 25.7%
298,UAV 5,Control Center,LOW_BATTERY,Battery level: 24.2%
298,UAV 6,Control Center,LOW_BATTERY,Battery level: 23.3%
298,UAV 9,Control Center,LOW_BATTERY,Battery level: 29.0%
298,UAV 10,Control Center,LOW_BATTERY,Battery level: 26.5%
299,UAV 1,Control Center,LOW_BATTERY,Battery level: 26.7%
299,UAV 2,Control Center,LOW_BATTERY,Battery level: 26.4%
299,UAV 4,Control Center,LOW_BATTERY,Battery level: 25.7%
299,UAV 5,Control Center,LOW_BATTERY,Battery level: 24.2%
299,UAV 6,Control Center,LOW_BATTERY,Battery level: 23.3%
299,UAV 9,Control Center,LOW_BATTERY,Battery level: 29.0%
299,UAV 10,Control Center,LOW_BATTERY,Battery level: 26.5%
300,UAV 1,Control Center,LOW_BATTERY,Battery level: 26.7%
300,UAV 2,Control Center,LOW_BATTERY,Battery level: 26.4%
300,UAV 4,Control Center,LOW_BATTERY,Battery level: 25.7%
300,UAV 5,Control Center,LOW_BATTERY,Battery level: 24.2%
300,UAV 6,Control Center,LOW_BATTERY,Battery level: 23.3%
300,UAV 9,Control Center,LOW_BATTERY,Battery level: 29.0%
300,UAV 10,Control Center,LOW_BATTERY,Battery level: 26.5%
301,UAV 1,Control Center,LOW_BATTERY,Battery level: 26.7%
301,UAV 2,Control Center,LOW_BATTERY,Battery level: 26.4%
301,UAV 4,Control Center,LOW_BATTERY,Battery level: 25.7%
301,UAV 5,Control Center,LOW_BATTERY,Battery level: 24.2%
301,UAV 6,Control Center,LOW_BATTERY,Battery level: 23.3%
301,UAV 9,Control Center,LOW_BATTERY,Battery level: 29.0%
301,UAV 10,Control Center,LOW_BATTERY,Battery level: 26.5%
302,UAV 1,Control Center,LOW_BATTERY,Battery level: 26.7%
302,UAV 2,Control Center,LOW_BATTERY,Battery level: 26.4%
302,UAV 4,Control Center,LOW_BATTERY,Battery level: 25.7%
302,UAV 5,Control Center,LOW_BATTERY,Battery level: 24.2%
302,UAV 6,Control Center,LOW_BATTERY,Battery level: 23.3%
302,UAV 9,Control Center,LOW_BATTERY,Battery level: 29.0%
302,UAV 10,Control Center,LOW_BATTERY,Battery level: 26.5%
303,UAV 1,Control Center,LOW_BATTERY,Battery level: 26.7%
303,UAV 2,Control Center,LOW_BATTERY,Battery level: 26.4%
303,UAV 4,Control Center,LOW_BATTERY,Battery level: 25.7%
303,UAV 5,Control Center,LOW_BATTERY,Battery level: 24.2%
303,UAV 6,Control Center,LOW_BATTERY,Battery level: 23.3%
303,UAV 9,Control Center,LOW_BATTERY,Battery level: 29.0%
303,UAV 10,Control Center,LOW_BATTERY,Battery level: 26.5%
304,UAV 1,Control Center,LOW_BATTERY,Battery level: 26.7%
304,UAV 2,Control Center,LOW_BATTERY,Battery level: 26.4%
304,UAV 4,Control Center,LOW_BATTERY,Battery level: 25.7%
304,UAV 5,Control Center,LOW_BATTERY,Battery level: 24.2%
304,UAV 6,Control Center,LOW_BATTERY,Battery level: 23.3%
304,UAV 9,Control Center,LOW_BATTERY,Battery level: 29.0%
304,UAV 10,Control Center,LOW_BATTERY,Battery level: 26.5%
305,UAV 1,Control Center,LOW_BATTERY,Battery level: 26.7%
305,UAV 2,Control Center,LOW_BATTERY,Battery level: 26.4%
305,UAV 4,Control Center,LOW_BATTERY,Battery level: 25.7%
305,UAV 5,Control Center,LOW_BATTERY,Battery level: 24.2%
305,UAV 6,Control Center,LOW_BATTERY,Battery level: 23.3%
305,UAV 9,Control Center,LOW_BATTERY,Battery level: 29.0%
305,UAV 10,Control Center,LOW_BATTERY,Battery level: 26.5%
306,UAV 1,Control Center,LOW_BATTERY,Battery level: 26.7%
306,UAV 2,Control Center,LOW_BATTERY,Battery level: 26.4%
306,UAV 4,Control Center,LOW_BATTERY,Battery level: 25.7%
306,UAV 5,Control Center,LOW_BATTERY,Battery level: 24.2%
306,UAV 6,Control Center,LOW_BATTERY,Battery level: 23.3%
306,UAV 9,Control Center,LOW_BATTERY,Battery level: 29.0%
306,UAV 10,Control Center,LOW_BATTERY,Battery level: 26.5%
307,UAV 1,Control Center,LOW_BATTERY,Battery level: 26.7%
307,UAV 2,Control Center,LOW_BATTERY,Battery level: 26.4%
307,UAV 4,Control Center,LOW_BATTERY,Battery level: 25.7%
307,UAV 5,Control Center,LOW_BATTERY,Battery level: 24.2%
307,UAV 6,Control Center,LOW_BATTERY,Battery level: 23.3%
307,UAV 9,Control Center,LOW_BATTERY,Battery level: 29.0%
307,UAV 10,Control Center,LOW_BATTERY,Battery level: 26.5%
308,UAV 1,Control Center,LOW_BATTERY,Battery level: 26.7%
308,UAV 2,Control Center,LOW_BATTERY,Battery level: 26.4%
308,UAV 4,Control Center,LOW_BATTERY,Battery level: 25.7%
308,UAV 5,Control Center,LOW_BATTERY,Battery level: 24.2%
308,UAV 6,Control Center,LOW_BATTERY,Battery level: 23.3%
308,UAV 9,Control Center,LOW_BATTERY,Battery level: 29.0%
308,UAV 10,Control Center,LOW_BATTERY,Battery level: 26.5%
309,UAV 1,Control Center,LOW_BATTERY,Battery level: 26.7%
309,UAV 2,Control Center,LOW_BATTERY,Battery level: 26.4%
309,UAV 4,Control Center,LOW_BATTERY,Battery level: 25.7%
309,UAV 5,Control Center,LOW_BATTERY,Battery level: 24.2%
309,UAV 6,Control Center,LOW_BATTERY,Battery level: 23.3%
309,UAV 9,Control Center,LOW_BATTERY,Battery level: 29.0%
309,UAV 10,Control Center,LOW_BATTERY,Battery level: 26.5%
310,UAV 1,Control Center,LOW_BATTERY,Battery level: 26.7%
310,UAV 2,Control Center,LOW_BATTERY,Battery level: 26.4%
310,UAV 4,Control Center,LOW_BATTERY,Battery level: 25.7%
310,UAV 5,Control Center,LOW_BATTERY,Battery level: 24.2%
310,UAV 6,Control Center,LOW_BATTERY,Battery level: 23.3%
310,UAV 9,Control Center,LOW_BATTERY,Battery level: 29.0%
310,UAV 10,Control Center,LOW_BATTERY,Battery level: 26.5%
311,UAV 1,Control Center,LOW_BATTERY,Battery level: 26.7%
311,UAV 2,Control Center,LOW_BATTERY,Battery level: 26.4%
311,UAV 4,Control Center,LOW_BATTERY,Battery level: 25.7%
311,UAV 5,Control Center,LOW_BATTERY,Battery level: 24.2%
311,UAV 6,Control Center,LOW_BATTERY,Battery level: 23.3%
311,UAV 9,Control Center,LOW_BATTERY,Battery level: 29.0%
311,UAV 10,Control Center,LOW_BATTERY,Battery level: 26.5%
312,UAV 1,Control Center,LOW_BATTERY,Battery level: 26.7%
312,UAV 2,Control Center,LOW_BATTERY,Battery level: 26.4%
312,UAV 4,Control Center,LOW_BATTERY,Battery level: 25.7%
312,UAV 5,Control Center,LOW_BATTERY,Battery level: 24.2%
312,UAV 6,Control Center,LOW_BATTERY,Battery level: 23.3%
312,UAV 9,Control Center,LOW_BATTERY,Battery level: 29.0%
312,UAV 10,Control Center,LOW_BATTERY,Battery level: 26.5%
313,UAV 1,Control Center,LOW_BATTERY,Battery level: 26.7%
313,UAV 2,Control Center,LOW_BATTERY,Battery level: 26.4%
313,UAV 4,Control Center,LOW_BATTERY,Battery level: 25.7%
313,UAV 5,Control Center,LOW_BATTERY,Battery level: 24.2%
313,UAV 6,Control Center,LOW_BATTERY,Battery level: 23.3%
313,UAV 9,Control Center,LOW_BATTERY,Battery level: 29.0%
313,UAV 10,Control Center,LOW_BATTERY,Battery level: 26.5%
314,UAV 1,Control Center,LOW_BATTERY,Battery level: 26.7%
314,UAV 2,Control Center,LOW_BATTERY,Battery level: 26.4%
314,UAV 4,Control Center,LOW_BATTERY,Battery level: 25.7%
314,UAV 5,Control Center,LOW_BATTERY,Battery level: 24.2%
314,UAV 6,Control Center,LOW_BATTERY,Battery level: 23.3%
314,UAV 9,Control Center,LOW_BATTERY,Battery level: 29.0%
314,UAV 10,Control Center,LOW_BATTERY,Battery level: 26.5%
315,UAV 1,Control Center,LOW_BATTERY,Battery level: 26.7%
315,UAV 2,Control Center,LOW_BATTERY,Battery level: 26.4%
315,UAV 4,Control Center,LOW_BATTERY,Battery level: 25.7%
315,UAV 5,Control Center,LOW_BATTERY,Battery level: 24.2%
315,UAV 6,Control Center,LOW_BATTERY,Battery level: 23.3%
315,UAV 9,Control Center,LOW_BATTERY,Battery level: 29.0%
315,UAV 10,Control Center,LOW_BATTERY,Battery level: 26.5%
316,UAV 1,Control Center,LOW_BATTERY,Battery level: 26.7%
316,UAV 2,Control Center,LOW_BATTERY,Battery level: 26.4%
316,UAV 4,Control Center,LOW_BATTERY,Battery level: 25.7%
316,UAV 5,Control Center,LOW_BATTERY,Battery level: 24.2%
316,UAV 6,Control Center,LOW_BATTERY,Battery level: 23.3%
316,UAV 9,Control Center,LOW_BATTERY,Battery level: 29.0%
316,UAV 10,Control Center,LOW_BATTERY,Battery level: 26.5%
317,UAV 1,Control Center,LOW_BATTERY,Battery level: 26.7%
317,UAV 2,Control Center,LOW_BATTERY,Battery level: 26.4%
317,UAV 4,Control Center,LOW_BATTERY,Battery level: 25.7%
317,UAV 5,Control Center,LOW_BATTERY,Battery level: 24.2%
317,UAV 6,Control Center,LOW_BATTERY,Battery level: 23.3%
317,UAV 9,Control Center,LOW_BATTERY,Battery level: 29.0%
317,UAV 10,Control Center,LOW_BATTERY,Battery level: 26.5%
318,UAV 1,Control Center,LOW_BATTERY,Battery level: 26.7%
318,UAV 2,Control Center,LOW_BATTERY,Battery level: 26.4%
318,UAV 4,Control Center,LOW_BATTERY,Battery level: 25.7%
318,UAV 5,Control Center,LOW_BATTERY,Battery level: 24.2%
318,UAV 6,Control Center,LOW_BATTERY,Battery level: 23.3%
318,UAV 9,Control Center,LOW_BATTERY,Battery level: 29.0%
318,UAV 10,Control Center,LOW_BATTERY,Battery level: 26.5%
319,UAV 1,Control Center,LOW_BATTERY,Battery level: 26.7%
319,UAV 2,Control Center,LOW_BATTERY,Battery level: 26.4%
319,UAV 4,Control Center,LOW_BATTERY,Battery level: 25.7%
319,UAV 5,Control Center,LOW_BATTERY,Battery level: 24.2%
319,UAV 6,Control Center,LOW_BATTERY,Battery level: 23.3%
319,UAV 9,Control Center,LOW_BATTERY,Battery level: 29.0%
319,UAV 10,Control Center,LOW_BATTERY,Battery level: 26.5%
320,UAV 1,Control Center,LOW_BATTERY,Battery level: 26.7%
320,UAV 2,Control Center,LOW_BATTERY,Battery level: 26.4%
320,UAV 4,Control Center,LOW_BATTERY,Battery level: 25.7%
320,UAV 5,Control Center,LOW_BATTERY,Battery level: 24.2%
320,UAV 6,Control Center,LOW_BATTERY,Battery level: 23.3%
320,UAV 9,Control Center,LOW_BATTERY,Battery level: 29.0%
320,UAV 10,Control Center,LOW_BATTERY,Battery level: 26.5%
321,UAV 1,Control Center,LOW_BATTERY,Battery level: 26.7%
321,UAV 2,Control Center,LOW_BATTERY,Battery level: 26.4%
321,UAV 4,Control Center,LOW_BATTERY,Battery level: 25.7%
321,UAV 5,Control Center,LOW_BATTERY,Battery level: 24.2%
321,UAV 6,Control Center,LOW_BATTERY,Battery level: 23.3%
321,UAV 9,Control Center,LOW_BATTERY,Battery level: 29.0%
321,UAV 10,Control Center,LOW_BATTERY,Battery level: 26.5%
322,UAV 1,Control Center,LOW_BATTERY,Battery level: 26.7%
322,UAV 2,Control Center,LOW_BATTERY,Battery level: 26.4%
322,UAV 4,Control Center,LOW_BATTERY,Battery level: 25.7%
322,UAV 5,Control Center,LOW_BATTERY,Battery level: 24.2%
322,UAV 6,Control Center,LOW_BATTERY,Battery level: 23.3%
322,UAV 9,Control Center,LOW_BATTERY,Battery level: 29.0%
322,UAV 10,Control Center,LOW_BATTERY,Battery level: 26.5%
323,UAV 1,Control Center,LOW_BATTERY,Battery level: 26.7%
323,UAV 2,Control Center,LOW_BATTERY,Battery level: 26.4%
323,UAV 4,Control Center,LOW_BATTERY,Battery level: 25.7%
323,UAV 5,Control Center,LOW_BATTERY,Battery level: 24.2%
323,UAV 6,Control Center,LOW_BATTERY,Battery level: 23.3%
323,UAV 9,Control Center,LOW_BATTERY,Battery level: 29.0%
323,UAV 10,Control Center,LOW_BATTERY,Battery level: 26.5%
324,UAV 1,Control Center,LOW_BATTERY,Battery level: 26.7%
324,UAV 2,Control Center,LOW_BATTERY,Battery level: 26.4%
324,UAV 4,Control Center,LOW_BATTERY,Battery level: 25.7%
324,UAV 5,Control Center,LOW_BATTERY,Battery level: 24.2%
324,UAV 6,Control Center,LOW_BATTERY,Battery level: 23.3%
324,UAV 9,Control Center,LOW_BATTERY,Battery level: 29.0%
324,UAV 10,Control Center,LOW_BATTERY,Battery level: 26.5%
325,UAV 1,Control Center,LOW_BATTERY,Battery level: 26.7%
325,UAV 2,Control Center,LOW_BATTERY,Battery level: 26.4%
325,UAV 4,Control Center,LOW_BATTERY,Battery level: 25.7%
325,UAV 5,Control Center,LOW_BATTERY,Battery level: 24.2%
325,UAV 6,Control Center,LOW_BATTERY,Battery level: 23.3%
325,UAV 9,Control Center,LOW_BATTERY,Battery level: 29.0%
325,UAV 10,Control Center,LOW_BATTERY,Battery level: 26.5%
326,UAV 1,Control Center,LOW_BATTERY,Battery level: 26.7%
326,UAV 2,Control Center,LOW_BATTERY,Battery level: 26.4%
326,UAV 4,Control Center,LOW_BATTERY,Battery level: 25.7%
326,UAV 5,Control Center,LOW_BATTERY,Battery level: 24.2%
326,UAV 6,Control Center,LOW_BATTERY,Battery level: 23.3%
326,UAV 9,Control Center,LOW_BATTERY,Battery level: 29.0%
326,UAV 10,Control Center,LOW_BATTERY,Battery level: 26.5%
327,UAV 1,Control Center,LOW_BATTERY,Battery level: 26.7%
327,UAV 2,Control Center,LOW_BATTERY,Battery level: 26.4%
327,UAV 4,Control Center,LOW_BATTERY,Battery level: 25.7%
327,UAV 5,Control Center,LOW_BATTERY,Battery level: 24.2%
327,UAV 6,Control Center,LOW_BATTERY,Battery level: 23.3%
327,UAV 9,Control Center,LOW_BATTERY,Battery level: 29.0%
327,UAV 10,Control Center,LOW_BATTERY,Battery level: 26.5%
328,UAV 1,Control Center,LOW_BATTERY,Battery level: 26.7%
328,UAV 2,Control Center,LOW_BATTERY,Battery level: 26.4%
328,UAV 4,Control Center,LOW_BATTERY,Battery level: 25.7%
328,UAV 5,Control Center,LOW_BATTERY,Battery level: 24.2%
328,UAV 6,Control Center,LOW_BATTERY,Battery level: 23.3%
328,UAV 9,Control Center,LOW_BATTERY,Battery level: 29.0%
328,UAV 10,Control Center,LOW_BATTERY,Battery level: 26.5%
329,UAV 1,Control Center,LOW_BATTERY,Battery level: 26.7%
329,UAV 2,Control Center,LOW_BATTERY,Battery level: 26.4%
329,UAV 4,Control Center,LOW_BATTERY,Battery level: 25.7%
329,UAV 5,Control Center,LOW_BATTERY,Battery level: 24.2%
329,UAV 6,Control Center,LOW_BATTERY,Battery level: 23.3%
329,UAV 9,Control Center,LOW_BATTERY,Battery level: 29.0%
329,UAV 10,Control Center,LOW_BATTERY,Battery level: 26.5%
330,UAV 1,Control Center,LOW_BATTERY,Battery level: 26.7%
330,UAV 2,Control Center,LOW_BATTERY,Battery level: 26.4%
330,UAV 4,Control Center,LOW_BATTERY,Battery level: 25.7%
330,UAV 5,Control Center,LOW_BATTERY,Battery level: 24.2%
330,UAV 6,Control Center,LOW_BATTERY,Battery level: 23.3%
330,UAV 9,Control Center,LOW_BATTERY,Battery level: 29.0%
330,UAV 10,Control Center,LOW_BATTERY,Battery level: 26.5%
331,UAV 1,Control Center,LOW_BATTERY,Battery level: 26.7%
331,UAV 2,Control Center,LOW_BATTERY,Battery level: 26.4%
331,UAV 4,Control Center,LOW_BATTERY,Battery level: 25.7%
331,UAV 5,Control Center,LOW_BATTERY,Battery level: 24.2%
331,UAV 6,Control Center,LOW_BATTERY,Battery level: 23.3%
331,UAV 9,Control Center,LOW_BATTERY,Battery level: 29.0%
331,UAV 10,Control Center,LOW_BATTERY,Battery level: 26.5%
332,UAV 1,Control Center,LOW_BATTERY,Battery level: 26.7%
332,UAV 2,Control Center,LOW_BATTERY,Battery level: 26.4%
332,UAV 4,Control Center,LOW_BATTERY,Battery level: 25.7%
332,UAV 5,Control Center,LOW_BATTERY,Battery level: 24.2%
332,UAV 6,Control Center,LOW_BATTERY,Battery level: 23.3%
332,UAV 9,Control Center,LOW_BATTERY,Battery level: 29.0%
332,UAV 10,Control Center,LOW_BATTERY,Battery level: 26.5%
333,UAV 1,Control Center,LOW_BATTERY,Battery level: 26.7%
333,UAV 2,Control Center,LOW_BATTERY,Battery level: 26.4%
333,UAV 4,Control Center,LOW_BATTERY,Battery level: 25.7%
333,UAV 5,Control Center,LOW_BATTERY,Battery level: 24.2%
333,UAV 6,Control Center,LOW_BATTERY,Battery level: 23.3%
333,UAV 9,Control Center,LOW_BATTERY,Battery level: 29.0%
333,UAV 10,Control Center,LOW_BATTERY,Battery level: 26.5%
334,UAV 1,Control Center,LOW_BATTERY,Battery level: 26.7%
334,UAV 2,Control Center,LOW_BATTERY,Battery level: 26.4%
334,UAV 4,Control Center,LOW_BATTERY,Battery level: 25.7%
334,UAV 5,Control Center,LOW_BATTERY,Battery level: 24.2%
334,UAV 6,Control Center,LOW_BATTERY,Battery level: 23.3%
334,UAV 9,Control Center,LOW_BATTERY,Battery level: 29.0%
334,UAV 10,Control Center,LOW_BATTERY,Battery level: 26.5%
335,UAV 1,Control Center,LOW_BATTERY,Battery level: 26.7%
335,UAV 2,Control Center,LOW_BATTERY,Battery level: 26.4%
335,UAV 4,Control Center,LOW_BATTERY,Battery level: 25.7%
335,UAV 5,Control Center,LOW_BATTERY,Battery level: 24.2%
335,UAV 6,Control Center,LOW_BATTERY,Battery level: 23.3%
335,UAV 9,Control Center,LOW_BATTERY,Battery level: 29.0%
335,UAV 10,Control Center,LOW_BATTERY,Battery level: 26.5%
336,UAV 1,Control Center,LOW_BATTERY,Battery level: 26.7%
336,UAV 2,Control Center,LOW_BATTERY,Battery level: 26.4%
336,UAV 4,Control Center,LOW_BATTERY,Battery level: 25.7%
336,UAV 5,Control Center,LOW_BATTERY,Battery level: 24.2%
336,UAV 6,Control Center,LOW_BATTERY,Battery level: 23.3%
336,UAV 9,Control Center,LOW_BATTERY,Battery level: 29.0%
336,UAV 10,Control Center,LOW_BATTERY,Battery level: 26.5%
337,UAV 1,Control Center,LOW_BATTERY,Battery level: 26.7%
337,UAV 2,Control Center,LOW_BATTERY,Battery level: 26.4%
337,UAV 4,Control Center,LOW_BATTERY,Battery level: 25.7%
337,UAV 5,Control Center,LOW_BATTERY,Battery level: 24.2%
337,UAV 6,Control Center,LOW_BATTERY,Battery level: 23.3%
337,UAV 9,Control Center,LOW_BATTERY,Battery level: 29.0%
337,UAV 10,Control Center,LOW_BATTERY,Battery level: 26.5%
338,UAV 1,Control Center,LOW_BATTERY,Battery level: 26.7%
338,UAV 2,Control Center,LOW_BATTERY,Battery level: 26.4%
338,UAV 4,Control Center,LOW_BATTERY,Battery level: 25.7%
338,UAV 5,Control Center,LOW_BATTERY,Battery level: 24.2%
338,UAV 6,Control Center,LOW_BATTERY,Battery level: 23.3%
338,UAV 9,Control Center,LOW_BATTERY,Battery level: 29.0%
338,UAV 10,Control Center,LOW_BATTERY,Battery level: 26.5%
339,UAV 1,Control Center,LOW_BATTERY,Battery level: 26.7%
339,UAV 2,Control Center,LOW_BATTERY,Battery level: 26.4%
339,UAV 4,Control Center,LOW_BATTERY,Battery level: 25.7%
339,UAV 5,Control Center,LOW_BATTERY,Battery level: 24.2%
339,UAV 6,Control Center,LOW_BATTERY,Battery level: 23.3%
339,UAV 9,Control Center,LOW_BATTERY,Battery level: 29.0%
339,UAV 10,Control Center,LOW_BATTERY,Battery level: 26.5%
340,UAV 1,Control Center,LOW_BATTERY,Battery level: 26.7%
340,UAV 2,Control Center,LOW_BATTERY,Battery level: 26.4%
340,UAV 4,Control Center,LOW_BATTERY,Battery level: 25.7%
340,UAV 5,Control Center,LOW_BATTERY,Battery level: 24.2%
340,UAV 6,Control Center,LOW_BATTERY,Battery level: 23.3%
340,UAV 9,Control Center,LOW_BATTERY,Battery level: 29.0%
340,UAV 10,Control Center,LOW_BATTERY,Battery level: 26.5%
341,UAV 1,Control Center,LOW_BATTERY,Battery level: 26.7%
341,UAV 2,Control Center,LOW_BATTERY,Battery level: 26.4%
341,UAV 4,Control Center,LOW_BATTERY,Battery level: 25.7%
341,UAV 5,Control Center,LOW_BATTERY,Battery level: 24.2%
341,UAV 6,Control Center,LOW_BATTERY,Battery level: 23.3%
341,UAV 9,Control Center,LOW_BATTERY,Battery level: 29.0%
341,UAV 10,Control Center,LOW_BATTERY,Battery level: 26.5%
342,UAV 1,Control Center,LOW_BATTERY,Battery level: 26.7%
342,UAV 2,Control Center,LOW_BATTERY,Battery level: 26.4%
342,UAV 4,Control Center,LOW_BATTERY,Battery level: 25.7%
342,UAV 5,Control Center,LOW_BATTERY,Battery level: 24.2%
342,UAV 6,Control Center,LOW_BATTERY,Battery level: 23.3%
342,UAV 9,Control Center,LOW_BATTERY,Battery level: 29.0%
342,UAV 10,Control Center,LOW_BATTERY,Battery level: 26.5%
343,UAV 1,Control Center,LOW_BATTERY,Battery level: 26.7%
343,UAV 2,Control Center,LOW_BATTERY,Battery level: 26.4%
343,UAV 4,Control Center,LOW_BATTERY,Battery level: 25.7%
343,UAV 5,Control Center,LOW_BATTERY,Battery level: 24.2%
343,UAV 6,Control Center,LOW_BATTERY,Battery level: 23.3%
343,UAV 9,Control Center,LOW_BATTERY,Battery level: 29.0%
343,UAV 10,Control Center,LOW_BATTERY,Battery level: 26.5%
344,UAV 1,Control Center,LOW_BATTERY,Battery level: 26.7%
344,UAV 2,Control Center,LOW_BATTERY,Battery level: 26.4%
344,UAV 4,Control Center,LOW_BATTERY,Battery level: 25.7%
344,UAV 5,Control Center,LOW_BATTERY,Battery level: 24.2%
344,UAV 6,Control Center,LOW_BATTERY,Battery level: 23.3%
344,UAV 9,Control Center,LOW_BATTERY,Battery level: 29.0%
344,UAV 10,Control Center,LOW_BATTERY,Battery level: 26.5%
345,UAV 1,Control Center,LOW_BATTERY,Battery level: 26.7%
345,UAV 2,Control Center,LOW_BATTERY,Battery level: 26.4%
345,UAV 4,Control Center,LOW_BATTERY,Battery level: 25.7%
345,UAV 5,Control Center,LOW_BATTERY,Battery level: 24.2%
345,UAV 6,Control Center,LOW_BATTERY,Battery level: 23.3%
345,UAV 9,Control Center,LOW_BATTERY,Battery level: 29.0%
345,UAV 10,Control Center,LOW_BATTERY,Battery level: 26.5%
346,UAV 1,Control Center,LOW_BATTERY,Battery level: 26.7%
346,UAV 2,Control Center,LOW_BATTERY,Battery level: 26.4%
346,UAV 4,Control Center,LOW_BATTERY,Battery level: 25.7%
346,UAV 5,Control Center,LOW_BATTERY,Battery level: 24.2%
346,UAV 6,Control Center,LOW_BATTERY,Battery level: 23.3%
346,UAV 9,Control Center,LOW_BATTERY,Battery level: 29.0%
346,UAV 10,Control Center,LOW_BATTERY,Battery level: 26.5%
347,UAV 1,Control Center,LOW_BATTERY,Battery level: 26.7%
347,UAV 2,Control Center,LOW_BATTERY,Battery level: 26.4%
347,UAV 4,Control Center,LOW_BATTERY,Battery level: 25.7%
347,UAV 5,Control Center,LOW_BATTERY,Battery level: 24.2%
347,UAV 6,Control Center,LOW_BATTERY,Battery level: 23.3%
347,UAV 9,Control Center,LOW_BATTERY,Battery level: 29.0%
347,UAV 10,Control Center,LOW_BATTERY,Battery level: 26.5%
348,UAV 1,Control Center,LOW_BATTERY,Battery level: 26.7%
348,UAV 2,Control Center,LOW_BATTERY,Battery level: 26.4%
348,UAV 4,Control Center,LOW_BATTERY,Battery level: 25.7%
348,UAV 5,Control Center,LOW_BATTERY,Battery level: 24.2%
348,UAV 6,Control Center,LOW_BATTERY,Battery level: 23.3%
348,UAV 9,Control Center,LOW_BATTERY,Battery level: 29.0%
348,UAV 10,Control Center,LOW_BATTERY,Battery level: 26.5%
349,UAV 1,Control Center,LOW_BATTERY,Battery level: 26.7%
349,UAV 2,Control Center,LOW_BATTERY,Battery level: 26.4%
349,UAV 4,Control Center,LOW_BATTERY,Battery level: 25.7%
349,UAV 5,Control Center,LOW_BATTERY,Battery level: 24.2%
349,UAV 6,Control Center,LOW_BATTERY,Battery level: 23.3%
349,UAV 9,Control Center,LOW_BATTERY,Battery level: 29.0%
349,UAV 10,Control Center,LOW_BATTERY,Battery level: 26.5%
350,UAV 1,Control Center,LOW_BATTERY,Battery level: 26.7%
350,UAV 2,Control Center,LOW_BATTERY,Battery level: 26.4%
350,UAV 4,Control Center,LOW_BATTERY,Battery level: 25.7%
350,UAV 5,Control Center,LOW_BATTERY,Battery level: 24.2%
350,UAV 6,Control Center,LOW_BATTERY,Battery level: 23.3%
350,UAV 9,Control Center,LOW_BATTERY,Battery level: 29.0%
350,UAV 10,Control Center,LOW_BATTERY,Battery level: 26.5%
351,UAV 1,Control Center,LOW_BATTERY,Battery level: 26.7%
351,UAV 2,Control Center,LOW_BATTERY,Battery level: 26.4%
351,UAV 4,Control Center,LOW_BATTERY,Battery level: 25.7%
351,UAV 5,Control Center,LOW_BATTERY,Battery level: 24.2%
351,UAV 6,Control Center,LOW_BATTERY,Battery level: 23.3%
351,UAV 9,Control Center,LOW_BATTERY,Battery level: 29.0%
351,UAV 10,Control Center,LOW_BATTERY,Battery level: 26.5%
352,UAV 1,Control Center,LOW_BATTERY,Battery level: 26.7%
352,UAV 2,Control Center,LOW_BATTERY,Battery level: 26.4%
352,UAV 4,Control Center,LOW_BATTERY,Battery level: 25.7%
352,UAV 5,Control Center,LOW_BATTERY,Battery level: 24.2%
352,UAV 6,Control Center,LOW_BATTERY,Battery level: 23.3%
352,UAV 9,Control Center,LOW_BATTERY,Battery level: 29.0%
352,UAV 10,Control Center,LOW_BATTERY,Battery level: 26.5%
353,UAV 1,Control Center,LOW_BATTERY,Battery level: 26.7%
353,UAV 2,Control Center,LOW_BATTERY,Battery level: 26.4%
353,UAV 4,Control Center,LOW_BATTERY,Battery level: 25.7%
353,UAV 5,Control Center,LOW_BATTERY,Battery level: 24.2%
353,UAV 6,Control Center,LOW_BATTERY,Battery level: 23.3%
353,UAV 9,Control Center,LOW_BATTERY,Battery level: 29.0%
353,UAV 10,Control Center,LOW_BATTERY,Battery level: 26.5%
354,UAV 1,Control Center,LOW_BATTERY,Battery level: 26.7%
354,UAV 2,Control Center,LOW_BATTERY,Battery level: 26.4%
354,UAV 4,Control Center,LOW_BATTERY,Battery level: 25.7%
354,UAV 5,Control Center,LOW_BATTERY,Battery level: 24.2%
354,UAV 6,Control Center,LOW_BATTERY,Battery level: 23.3%
354,UAV 9,Control Center,LOW_BATTERY,Battery level: 29.0%
354,UAV 10,Control Center,LOW_BATTERY,Battery level: 26.5%
355,UAV 1,Control Center,LOW_BATTERY,Battery level: 26.7%
355,UAV 2,Control Center,LOW_BATTERY,Battery level: 26.4%
355,UAV 4,Control Center,LOW_BATTERY,Battery level: 25.7%
355,UAV 5,Control Center,LOW_BATTERY,Battery level: 24.2%
355,UAV 6,Control Center,LOW_BATTERY,Battery level: 23.3%
355,UAV 9,Control Center,LOW_BATTERY,Battery level: 29.0%
355,UAV 10,Control Center,LOW_BATTERY,Battery level: 26.5%
356,UAV 1,Control Center,LOW_BATTERY,Battery level: 26.7%
356,UAV 2,Control Center,LOW_BATTERY,Battery level: 26.4%
356,UAV 4,Control Center,LOW_BATTERY,Battery level: 25.7%
356,UAV 5,Control Center,LOW_BATTERY,Battery level: 24.2%
356,UAV 6,Control Center,LOW_BATTERY,Battery level: 23.3%
356,UAV 9,Control Center,LOW_BATTERY,Battery level: 29.0%
356,UAV 10,Control Center,LOW_BATTERY,Battery level: 26.5%
357,UAV 1,Control Center,LOW_BATTERY,Battery level: 26.7%
357,UAV 2,Control Center,LOW_BATTERY,Battery level: 26.4%
357,UAV 4,Control Center,LOW_BATTERY,Battery level: 25.7%
357,UAV 5,Control Center,LOW_BATTERY,Battery level: 24.2%
357,UAV 6,Control Center,LOW_BATTERY,Battery level: 23.3%
357,UAV 9,Control Center,LOW_BATTERY,Battery level: 29.0%
357,UAV 10,Control Center,LOW_BATTERY,Battery level: 26.5%
358,UAV 1,Control Center,LOW_BATTERY,Battery level: 26.7%
358,UAV 2,Control Center,LOW_BATTERY,Battery level: 26.4%
358,UAV 4,Control Center,LOW_BATTERY,Battery level: 25.7%
358,UAV 5,Control Center,LOW_BATTERY,Battery level: 24.2%
358,UAV 6,Control Center,LOW_BATTERY,Battery level: 23.3%
358,UAV 9,Control Center,LOW_BATTERY,Battery level: 29.0%
358,UAV 10,Control Center,LOW_BATTERY,Battery level: 26.5%
359,UAV 1,Control Center,LOW_BATTERY,Battery level: 26.7%
359,UAV 2,Control Center,LOW_BATTERY,Battery level: 26.4%
359,UAV 4,Control Center,LOW_BATTERY,Battery level: 25.7%
359,UAV 5,Control Center,LOW_BATTERY,Battery level: 24.2%
359,UAV 6,Control Center,LOW_BATTERY,Battery level: 23.3%
359,UAV 9,Control Center,LOW_BATTERY,Battery level: 29.0%
359,UAV 10,Control Center,LOW_BATTERY,Battery level: 26.5%
360,UAV 1,Control Center,LOW_BATTERY,Battery level: 26.7%
360,UAV 2,Control Center,LOW_BATTERY,Battery level: 26.4%
360,UAV 4,Control Center,LOW_BATTERY,Battery level: 25.7%
360,UAV 5,Control Center,LOW_BATTERY,Battery level: 24.2%
360,UAV 6,Control Center,LOW_BATTERY,Battery level: 23.3%
360,UAV 9,Control Center,LOW_BATTERY,Battery level: 29.0%
360,UAV 10,Control Center,LOW_BATTERY,Battery level: 26.5%
361,UAV 1,Control Center,LOW_BATTERY,Battery level: 26.7%
361,UAV 2,Control Center,LOW_BATTERY,Battery level: 26.4%
361,UAV 4,Control Center,LOW_BATTERY,Battery level: 25.7%
361,UAV 5,Control Center,LOW_BATTERY,Battery level: 24.2%
361,UAV 6,Control Center,LOW_BATTERY,Battery level: 23.3%
361,UAV 9,Control Center,LOW_BATTERY,Battery level: 29.0%
361,UAV 10,Control Center,LOW_BATTERY,Battery level: 26.5%
362,UAV 1,Control Center,LOW_BATTERY,Battery level: 26.7%
362,UAV 2,Control Center,LOW_BATTERY,Battery level: 26.4%
362,UAV 4,Control Center,LOW_BATTERY,Battery level: 25.7%
362,UAV 5,Control Center,LOW_BATTERY,Battery level: 24.2%
362,UAV 6,Control Center,LOW_BATTERY,Battery level: 23.3%
362,UAV 9,Control Center,LOW_BATTERY,Battery level: 29.0%
362,UAV 10,Control Center,LOW_BATTERY,Battery level: 26.5%
363,UAV 1,Control Center,LOW_BATTERY,Battery level: 26.7%
363,UAV 2,Control Center,LOW_BATTERY,Battery level: 26.4%
363,UAV 4,Control Center,LOW_BATTERY,Battery level: 25.7%
363,UAV 5,Control Center,LOW_BATTERY,Battery level: 24.2%
363,UAV 6,Control Center,LOW_BATTERY,Battery level: 23.3%
363,UAV 9,Control Center,LOW_BATTERY,Battery level: 29.0%
363,UAV 10,Control Center,LOW_BATTERY,Battery level: 26.5%
364,UAV 1,Control Center,LOW_BATTERY,Battery level: 26.7%
364,UAV 2,Control Center,LOW_BATTERY,Battery level: 26.4%
364,UAV 4,Control Center,LOW_BATTERY,Battery level: 25.7%
364,UAV 5,Control Center,LOW_BATTERY,Battery level: 24.2%
364,UAV 6,Control Center,LOW_BATTERY,Battery level: 23.3%
364,UAV 9,Control Center,LOW_BATTERY,Battery level: 29.0%
364,UAV 10,Control Center,LOW_BATTERY,Battery level: 26.5%
365,UAV 1,Control Center,LOW_BATTERY,Battery level: 26.7%
365,UAV 2,Control Center,LOW_BATTERY,Battery level: 26.4%
365,UAV 4,Control Center,LOW_BATTERY,Battery level: 25.7%
365,UAV 5,Control Center,LOW_BATTERY,Battery level: 24.2%
365,UAV 6,Control Center,LOW_BATTERY,Battery level: 23.3%
365,UAV 9,Control Center,LOW_BATTERY,Battery level: 29.0%
365,UAV 10,Control Center,LOW_BATTERY,Battery level: 26.5%
366,UAV 1,Control Center,LOW_BATTERY,Battery level: 26.7%
366,UAV 2,Control Center,LOW_BATTERY,Battery level: 26.4%
366,UAV 4,Control Center,LOW_BATTERY,Battery level: 25.7%
366,UAV 5,Control Center,LOW_BATTERY,Battery level: 24.2%
366,UAV 6,Control Center,LOW_BATTERY,Battery level: 23.3%
366,UAV 9,Control Center,LOW_BATTERY,Battery level: 29.0%
366,UAV 10,Control Center,LOW_BATTERY,Battery level: 26.5%
367,UAV 1,Control Center,LOW_BATTERY,Battery level: 26.7%
367,UAV 2,Control Center,LOW_BATTERY,Battery level: 26.4%
367,UAV 4,Control Center,LOW_BATTERY,Battery level: 25.7%
367,UAV 5,Control Center,LOW_BATTERY,Battery level: 24.2%
367,UAV 6,Control Center,LOW_BATTERY,Battery level: 23.3%
367,UAV 9,Control Center,LOW_BATTERY,Battery level: 29.0%
367,UAV 10,Control Center,LOW_BATTERY,Battery level: 26.5%
368,UAV 1,Control Center,LOW_BATTERY,Battery level: 26.7%
368,UAV 2,Control Center,LOW_BATTERY,Battery level: 26.4%
368,UAV 4,Control Center,LOW_BATTERY,Battery level: 25.7%
368,UAV 5,Control Center,LOW_BATTERY,Battery level: 24.2%
368,UAV 6,Control Center,LOW_BATTERY,Battery level: 23.3%
368,UAV 9,Control Center,LOW_BATTERY,Battery level: 29.0%
368,UAV 10,Control Center,LOW_BATTERY,Battery level: 26.5%
369,UAV 1,Control Center,LOW_BATTERY,Battery level: 26.7%
369,UAV 2,Control Center,LOW_BATTERY,Battery level: 26.4%
369,UAV 4,Control Center,LOW_BATTERY,Battery level: 25.7%
369,UAV 5,Control Center,LOW_BATTERY,Battery level: 24.2%
369,UAV 6,Control Center,LOW_BATTERY,Battery level: 23.3%
369,UAV 9,Control Center,LOW_BATTERY,Battery level: 29.0%
369,UAV 10,Control Center,LOW_BATTERY,Battery level: 26.5%
370,UAV 1,Control Center,LOW_BATTERY,Battery level: 26.7%
370,UAV 2,Control Center,LOW_BATTERY,Battery level: 26.4%
370,UAV 4,Control Center,LOW_BATTERY,Battery level: 25.7%
370,UAV 5,Control Center,LOW_BATTERY,Battery level: 24.2%
370,UAV 6,Control Center,LOW_BATTERY,Battery level: 23.3%
370,UAV 9,Control Center,LOW_BATTERY,Battery level: 29.0%
370,UAV 10,Control Center,LOW_BATTERY,Battery level: 26.5%
371,UAV 1,Control Center,LOW_BATTERY,Battery level: 26.7%
371,UAV 2,Control Center,LOW_BATTERY,Battery level: 26.4%
371,UAV 4,Control Center,LOW_BATTERY,Battery level: 25.7%
371,UAV 5,Control Center,LOW_BATTERY,Battery level: 24.2%
371,UAV 6,Control Center,LOW_BATTERY,Battery level: 23.3%
371,UAV 9,Control Center,LOW_BATTERY,Battery level: 29.0%
371,UAV 10,Control Center,LOW_BATTERY,Battery level: 26.5%
372,UAV 1,Control Center,LOW_BATTERY,Battery level: 26.7%
372,UAV 2,Control Center,LOW_BATTERY,Battery level: 26.4%
372,UAV 4,Control Center,LOW_BATTERY,Battery level: 25.7%
372,UAV 5,Control Center,LOW_BATTERY,Battery level: 24.2%
372,UAV 6,Control Center,LOW_BATTERY,Battery level: 23.3%
372,UAV 9,Control Center,LOW_BATTERY,Battery level: 29.0%
372,UAV 10,Control Center,LOW_BATTERY,Battery level: 26.5%
373,UAV 1,Control Center,LOW_BATTERY,Battery level: 26.7%
373,UAV 2,Control Center,LOW_BATTERY,Battery level: 26.4%
373,UAV 4,Control Center,LOW_BATTERY,Battery level: 25.7%
373,UAV 5,Control Center,LOW_BATTERY,Battery level: 24.2%
373,UAV 6,Control Center,LOW_BATTERY,Battery level: 23.3%
373,UAV 9,Control Center,LOW_BATTERY,Battery level: 29.0%
373,UAV 10,Control Center,LOW_BATTERY,Battery level: 26.5%
374,UAV 1,Control Center,LOW_BATTERY,Battery level: 26.7%
374,UAV 2,Control Center,LOW_BATTERY,Battery level: 26.4%
374,UAV 4,Control Center,LOW_BATTERY,Battery level: 25.7%
374,UAV 5,Control Center,LOW_BATTERY,Battery level: 24.2%
374,UAV 6,Control Center,LOW_BATTERY,Battery level: 23.3%
374,UAV 9,Control Center,LOW_BATTERY,Battery level: 29.0%
374,UAV 10,Control Center,LOW_BATTERY,Battery level: 26.5%
375,UAV 1,Control Center,LOW_BATTERY,Battery level: 26.7%
375,UAV 2,Control Center,LOW_BATTERY,Battery level: 26.4%
375,UAV 4,Control Center,LOW_BATTERY,Battery level: 25.7%
375,UAV 5,Control Center,LOW_BATTERY,Battery level: 24.2%
375,UAV 6,Control Center,LOW_BATTERY,Battery level: 23.3%
375,UAV 9,Control Center,LOW_BATTERY,Battery level: 29.0%
375,UAV 10,Control Center,LOW_BATTERY,Battery level: 26.5%
376,UAV 1,Control Center,LOW_BATTERY,Battery level: 26.7%
376,UAV 2,Control Center,LOW_BATTERY,Battery level: 26.4%
376,UAV 4,Control Center,LOW_BATTERY,Battery level: 25.7%
376,UAV 5,Control Center,LOW_BATTERY,Battery level: 24.2%
376,UAV 6,Control Center,LOW_BATTERY,Battery level: 23.3%
376,UAV 9,Control Center,LOW_BATTERY,Battery level: 29.0%
376,UAV 10,Control Center,LOW_BATTERY,Battery level: 26.5%
377,UAV 1,Control Center,LOW_BATTERY,Battery level: 26.7%
377,UAV 2,Control Center,LOW_BATTERY,Battery level: 26.4%
377,UAV 4,Control Center,LOW_BATTERY,Battery level: 25.7%
377,UAV 5,Control Center,LOW_BATTERY,Battery level: 24.2%
377,UAV 6,Control Center,LOW_BATTERY,Battery level: 23.3%
377,UAV 9,Control Center,LOW_BATTERY,Battery level: 29.0%
377,UAV 10,Control Center,LOW_BATTERY,Battery level: 26.5%
378,UAV 1,Control Center,LOW_BATTERY,Battery level: 26.7%
378,UAV 2,Control Center,LOW_BATTERY,Battery level: 26.4%
378,UAV 4,Control Center,LOW_BATTERY,Battery level: 25.7%
378,UAV 5,Control Center,LOW_BATTERY,Battery level: 24.2%
378,UAV 6,Control Center,LOW_BATTERY,Battery level: 23.3%
378,UAV 9,Control Center,LOW_BATTERY,Battery level: 29.0%
378,UAV 10,Control Center,LOW_BATTERY,Battery level: 26.5%
379,UAV 1,Control Center,LOW_BATTERY,Battery level: 26.7%
379,UAV 2,Control Center,LOW_BATTERY,Battery level: 26.4%
379,UAV 4,Control Center,LOW_BATTERY,Battery level: 25.7%
379,UAV 5,Control Center,LOW_BATTERY,Battery level: 24.2%
379,UAV 6,Control Center,LOW_BATTERY,Battery level: 23.3%
379,UAV 9,Control Center,LOW_BATTERY,Battery level: 29.0%
379,UAV 10,Control Center,LOW_BATTERY,Battery level: 26.5%
380,UAV 1,Control Center,LOW_BATTERY,Battery level: 26.7%
380,UAV 2,Control Center,LOW_BATTERY,Battery level: 26.4%
380,UAV 4,Control Center,LOW_BATTERY,Battery level: 25.7%
380,UAV 5,Control Center,LOW_BATTERY,Battery level: 24.2%
380,UAV 6,Control Center,LOW_BATTERY,Battery level: 23.3%
380,UAV 9,Control Center,LOW_BATTERY,Battery level: 29.0%
380,UAV 10,Control Center,LOW_BATTERY,Battery level: 26.5%
381,UAV 1,Control Center,LOW_BATTERY,Battery level: 26.7%
381,UAV 2,Control Center,LOW_BATTERY,Battery level: 26.4%
381,UAV 4,Control Center,LOW_BATTERY,Battery level: 25.7%
381,UAV 5,Control Center,LOW_BATTERY,Battery level: 24.2%
381,UAV 6,Control Center,LOW_BATTERY,Battery level: 23.3%
381,UAV 9,Control Center,LOW_BATTERY,Battery level: 29.0%
381,UAV 10,Control Center,LOW_BATTERY,Battery level: 26.5%
382,UAV 1,Control Center,LOW_BATTERY,Battery level: 26.7%
382,UAV 2,Control Center,LOW_BATTERY,Battery level: 26.4%
382,UAV 4,Control Center,LOW_BATTERY,Battery level: 25.7%
382,UAV 5,Control Center,LOW_BATTERY,Battery level: 24.2%
382,UAV 6,Control Center,LOW_BATTERY,Battery level: 23.3%
382,UAV 9,Control Center,LOW_BATTERY,Battery level: 29.0%
382,UAV 10,Control Center,LOW_BATTERY,Battery level: 26.5%
383,UAV 1,Control Center,LOW_BATTERY,Battery level: 26.7%
383,UAV 2,Control Center,LOW_BATTERY,Battery level: 26.4%
383,UAV 4,Control Center,LOW_BATTERY,Battery level: 25.7%
383,UAV 5,Control Center,LOW_BATTERY,Battery level: 24.2%
383,UAV 6,Control Center,LOW_BATTERY,Battery level: 23.3%
383,UAV 9,Control Center,LOW_BATTERY,Battery level: 29.0%
383,UAV 10,Control Center,LOW_BATTERY,Battery level: 26.5%
384,UAV 1,Control Center,LOW_BATTERY,Battery level: 26.7%
384,UAV 2,Control Center,LOW_BATTERY,Battery level: 26.4%
384,UAV 4,Control Center,LOW_BATTERY,Battery level: 25.7%
384,UAV 5,Control Center,LOW_BATTERY,Battery level: 24.2%
384,UAV 6,Control Center,LOW_BATTERY,Battery level: 23.3%
384,UAV 9,Control Center,LOW_BATTERY,Battery level: 29.0%
384,UAV 10,Control Center,LOW_BATTERY,Battery level: 26.5%
385,UAV 1,Control Center,LOW_BATTERY,Battery level: 26.7%
385,UAV 2,Control Center,LOW_BATTERY,Battery level: 26.4%
385,UAV 4,Control Center,LOW_BATTERY,Battery level: 25.7%
385,UAV 5,Control Center,LOW_BATTERY,Battery level: 24.2%
385,UAV 6,Control Center,LOW_BATTERY,Battery level: 23.3%
385,UAV 9,Control Center,LOW_BATTERY,Battery level: 29.0%
385,UAV 10,Control Center,LOW_BATTERY,Battery level: 26.5%
386,UAV 1,Control Center,LOW_BATTERY,Battery level: 26.7%
386,UAV 2,Control Center,LOW_BATTERY,Battery level: 26.4%
386,UAV 4,Control Center,LOW_BATTERY,Battery level: 25.7%
386,UAV 5,Control Center,LOW_BATTERY,Battery level: 24.2%
386,UAV 6,Control Center,LOW_BATTERY,Battery level: 23.3%
386,UAV 9,Control Center,LOW_BATTERY,Battery level: 29.0%
386,UAV 10,Control Center,LOW_BATTERY,Battery level: 26.5%
387,UAV 1,Control Center,LOW_BATTERY,Battery level: 26.7%
387,UAV 2,Control Center,LOW_BATTERY,Battery level: 26.4%
387,UAV 4,Control Center,LOW_BATTERY,Battery level: 25.7%
387,UAV 5,Control Center,LOW_BATTERY,Battery level: 24.2%
387,UAV 6,Control Center,LOW_BATTERY,Battery level: 23.3%
387,UAV 9,Control Center,LOW_BATTERY,Battery level: 29.0%
387,UAV 10,Control Center,LOW_BATTERY,Battery level: 26.5%
388,UAV 1,Control Center,LOW_BATTERY,Battery level: 26.7%
388,UAV 2,Control Center,LOW_BATTERY,Battery level: 26.4%
388,UAV 4,Control Center,LOW_BATTERY,Battery level: 25.7%
388,UAV 5,Control Center,LOW_BATTERY,Battery level: 24.2%
388,UAV 6,Control Center,LOW_BATTERY,Battery level: 23.3%
388,UAV 9,Control Center,LOW_BATTERY,Battery level: 29.0%
388,UAV 10,Control Center,LOW_BATTERY,Battery level: 26.5%
389,UAV 1,Control Center,LOW_BATTERY,Battery level: 26.7%
389,UAV 2,Control Center,LOW_BATTERY,Battery level: 26.4%
389,UAV 4,Control Center,LOW_BATTERY,Battery level: 25.7%
389,UAV 5,Control Center,LOW_BATTERY,Battery level: 24.2%
389,UAV 6,Control Center,LOW_BATTERY,Battery level: 23.3%
389,UAV 9,Control Center,LOW_BATTERY,Battery level: 29.0%
389,UAV 10,Control Center,LOW_BATTERY,Battery level: 26.5%
390,UAV 1,Control Center,LOW_BATTERY,Battery level: 26.7%
390,UAV 2,Control Center,LOW_BATTERY,Battery level: 26.4%
390,UAV 4,Control Center,LOW_BATTERY,Battery level: 25.7%
390,UAV 5,Control Center,LOW_BATTERY,Battery level: 24.2%
390,UAV 6,Control Center,LOW_BATTERY,Battery level: 23.3%
390,UAV 9,Control Center,LOW_BATTERY,Battery level: 29.0%
390,UAV 10,Control Center,LOW_BATTERY,Battery level: 26.5%
391,UAV 1,Control Center,LOW_BATTERY,Battery level: 26.7%
391,UAV 2,Control Center,LOW_BATTERY,Battery level: 26.4%
391,UAV 4,Control Center,LOW_BATTERY,Battery level: 25.7%
391,UAV 5,Control Center,LOW_BATTERY,Battery level: 24.2%
391,UAV 6,Control Center,LOW_BATTERY,Battery level: 23.3%
391,UAV 9,Control Center,LOW_BATTERY,Battery level: 29.0%
391,UAV 10,Control Center,LOW_BATTERY,Battery level: 26.5%
392,UAV 1,Control Center,LOW_BATTERY,Battery level: 26.7%
392,UAV 2,Control Center,LOW_BATTERY,Battery level: 26.4%
392,UAV 4,Control Center,LOW_BATTERY,Battery level: 25.7%
392,UAV 5,Control Center,LOW_BATTERY,Battery level: 24.2%
392,UAV 6,Control Center,LOW_BATTERY,Battery level: 23.3%
392,UAV 9,Control Center,LOW_BATTERY,Battery level: 29.0%
392,UAV 10,Control Center,LOW_BATTERY,Battery level: 26.5%
393,UAV 1,Control Center,LOW_BATTERY,Battery level: 26.7%
393,UAV 2,Control Center,LOW_BATTERY,Battery level: 26.4%
393,UAV 4,Control Center,LOW_BATTERY,Battery level: 25.7%
393,UAV 5,Control Center,LOW_BATTERY,Battery level: 24.2%
393,UAV 6,Control Center,LOW_BATTERY,Battery level: 23.3%
393,UAV 9,Control Center,LOW_BATTERY,Battery level: 29.0%
393,UAV 10,Control Center,LOW_BATTERY,Battery level: 26.5%
394,UAV 1,Control Center,LOW_BATTERY,Battery level: 26.7%
394,UAV 2,Control Center,LOW_BATTERY,Battery level: 26.4%
394,UAV 4,Control Center,LOW_BATTERY,Battery level: 25.7%
394,UAV 5,Control Center,LOW_BATTERY,Battery level: 24.2%
394,UAV 6,Control Center,LOW_BATTERY,Battery level: 23.3%
394,UAV 9,Control Center,LOW_BATTERY,Battery level: 29.0%
394,UAV 10,Control Center,LOW_BATTERY,Battery level: 26.5%
395,UAV 1,Control Center,LOW_BATTERY,Battery level: 26.7%
395,UAV 2,Control Center,LOW_BATTERY,Battery level: 26.4%
395,UAV 4,Control Center,LOW_BATTERY,Battery level: 25.7%
395,UAV 5,Control Center,LOW_BATTERY,Battery level: 24.2%
395,UAV 6,Control Center,LOW_BATTERY,Battery level: 23.3%
395,UAV 9,Control Center,LOW_BATTERY,Battery level: 29.0%
395,UAV 10,Control Center,LOW_BATTERY,Battery level: 26.5%
396,UAV 1,Control Center,LOW_BATTERY,Battery level: 26.7%
396,UAV 2,Control Center,LOW_BATTERY,Battery level: 26.4%
396,UAV 4,Control Center,LOW_BATTERY,Battery level: 25.7%
396,UAV 5,Control Center,LOW_BATTERY,Battery level: 24.2%
396,UAV 6,Control Center,LOW_BATTERY,Battery level: 23.3%
396,UAV 9,Control Center,LOW_BATTERY,Battery level: 29.0%
396,UAV 10,Control Center,LOW_BATTERY,Battery level: 26.5%
397,UAV 1,Control Center,LOW_BATTERY,Battery level: 26.7%
397,UAV 2,Control Center,LOW_BATTERY,Battery level: 26.4%
397,UAV 4,Control Center,LOW_BATTERY,Battery level: 25.7%
397,UAV 5,Control Center,LOW_BATTERY,Battery level: 24.2%
397,UAV 6,Control Center,LOW_BATTERY,Battery level: 23.3%
397,UAV 9,Control Center,LOW_BATTERY,Battery level: 29.0%
397,UAV 10,Control Center,LOW_BATTERY,Battery level: 26.5%
398,UAV 1,Control Center,LOW_BATTERY,Battery level: 26.7%
398,UAV 2,Control Center,LOW_BATTERY,Battery level: 26.4%
398,UAV 4,Control Center,LOW_BATTERY,Battery level: 25.7%
398,UAV 5,Control Center,LOW_BATTERY,Battery level: 24.2%
398,UAV 6,Control Center,LOW_BATTERY,Battery level: 23.3%
398,UAV 9,Control Center,LOW_BATTERY,Battery level: 29.0%
398,UAV 10,Control Center,LOW_BATTERY,Battery level: 26.5%
399,UAV 1,Control Center,LOW_BATTERY,Battery level: 26.7%
399,UAV 2,Control Center,LOW_BATTERY,Battery level: 26.4%
399,UAV 4,Control Center,LOW_BATTERY,Battery level: 25.7%
399,UAV 5,Control Center,LOW_BATTERY,Battery level: 24.2%
399,UAV 6,Control Center,LOW_BATTERY,Battery level: 23.3%
399,UAV 9,Control Center,LOW_BATTERY,Battery level: 29.0%
399,UAV 10,Control Center,LOW_BATTERY,Battery level: 26.5%
400,UAV 1,Control Center,LOW_BATTERY,Battery level: 26.7%
400,UAV 2,Control Center,LOW_BATTERY,Battery level: 26.4%
400,UAV 4,Control Center,LOW_BATTERY,Battery level: 25.7%
400,UAV 5,Control Center,LOW_BATTERY,Battery level: 24.2%
400,UAV 6,Control Center,LOW_BATTERY,Battery level: 23.3%
400,UAV 9,Control Center,LOW_BATTERY,Battery level: 29.0%
400,UAV 10,Control Center,LOW_BATTERY,Battery level: 26.5%
401,UAV 1,Control Center,LOW_BATTERY,Battery level: 26.7%
401,UAV 2,Control Center,LOW_BATTERY,Battery level: 26.4%
401,UAV 4,Control Center,LOW_BATTERY,Battery level: 25.7%
401,UAV 5,Control Center,LOW_BATTERY,Battery level: 24.2%
401,UAV 6,Control Center,LOW_BATTERY,Battery level: 23.3%
401,UAV 9,Control Center,LOW_BATTERY,Battery level: 29.0%
401,UAV 10,Control Center,LOW_BATTERY,Battery level: 26.5%
402,UAV 1,Control Center,LOW_BATTERY,Battery level: 26.7%
402,UAV 2,Control Center,LOW_BATTERY,Battery level: 26.4%
402,UAV 4,Control Center,LOW_BATTERY,Battery level: 25.7%
402,UAV 5,Control Center,LOW_BATTERY,Battery level: 24.2%
402,UAV 6,Control Center,LOW_BATTERY,Battery level: 23.3%
402,UAV 9,Control Center,LOW_BATTERY,Battery level: 29.0%
402,UAV 10,Control Center,LOW_BATTERY,Battery level: 26.5%
403,UAV 1,Control Center,LOW_BATTERY,Battery level: 26.7%
403,UAV 2,Control Center,LOW_BATTERY,Battery level: 26.4%
403,UAV 4,Control Center,LOW_BATTERY,Battery level: 25.7%
403,UAV 5,Control Center,LOW_BATTERY,Battery level: 24.2%
403,UAV 6,Control Center,LOW_BATTERY,Battery level: 23.3%
403,UAV 9,Control Center,LOW_BATTERY,Battery level: 29.0%
403,UAV 10,Control Center,LOW_BATTERY,Battery level: 26.5%
404,UAV 1,Control Center,LOW_BATTERY,Battery level: 26.7%
404,UAV 2,Control Center,LOW_BATTERY,Battery level: 26.4%
404,UAV 4,Control Center,LOW_BATTERY,Battery level: 25.7%
404,UAV 5,Control Center,LOW_BATTERY,Battery level: 24.2%
404,UAV 6,Control Center,LOW_BATTERY,Battery level: 23.3%
404,UAV 9,Control Center,LOW_BATTERY,Battery level: 29.0%
404,UAV 10,Control Center,LOW_BATTERY,Battery level: 26.5%
405,UAV 1,Control Center,LOW_BATTERY,Battery level: 26.7%
405,UAV 2,Control Center,LOW_BATTERY,Battery level: 26.4%
405,UAV 4,Control Center,LOW_BATTERY,Battery level: 25.7%
405,UAV 5,Control Center,LOW_BATTERY,Battery level: 24.2%
405,UAV 6,Control Center,LOW_BATTERY,Battery level: 23.3%
405,UAV 9,Control Center,LOW_BATTERY,Battery level: 29.0%
405,UAV 10,Control Center,LOW_BATTERY,Battery level: 26.5%
406,UAV 1,Control Center,LOW_BATTERY,Battery level: 26.7%
406,UAV 2,Control Center,LOW_BATTERY,Battery level: 26.4%
406,UAV 4,Control Center,LOW_BATTERY,Battery level: 25.7%
406,UAV 5,Control Center,LOW_BATTERY,Battery level: 24.2%
406,UAV 6,Control Center,LOW_BATTERY,Battery level: 23.3%
406,UAV 9,Control Center,LOW_BATTERY,Battery level: 29.0%
406,UAV 10,Control Center,LOW_BATTERY,Battery level: 26.5%
407,UAV 1,Control Center,LOW_BATTERY,Battery level: 26.7%
407,UAV 2,Control Center,LOW_BATTERY,Battery level: 26.4%
407,UAV 4,Control Center,LOW_BATTERY,Battery level: 25.7%
407,UAV 5,Control Center,LOW_BATTERY,Battery level: 24.2%
407,UAV 6,Control Center,LOW_BATTERY,Battery level: 23.3%
407,UAV 9,Control Center,LOW_BATTERY,Battery level: 29.0%
407,UAV 10,Control Center,LOW_BATTERY,Battery level: 26.5%
408,UAV 1,Control Center,LOW_BATTERY,Battery level: 26.7%
408,UAV 2,Control Center,LOW_BATTERY,Battery level: 26.4%
408,UAV 4,Control Center,LOW_BATTERY,Battery level: 25.7%
408,UAV 5,Control Center,LOW_BATTERY,Battery level: 24.2%
408,UAV 6,Control Center,LOW_BATTERY,Battery level: 23.3%
408,UAV 9,Control Center,LOW_BATTERY,Battery level: 29.0%
408,UAV 10,Control Center,LOW_BATTERY,Battery level: 26.5%
409,UAV 1,Control Center,LOW_BATTERY,Battery level: 26.7%
409,UAV 2,Control Center,LOW_BATTERY,Battery level: 26.4%
409,UAV 4,Control Center,LOW_BATTERY,Battery level: 25.7%
409,UAV 5,Control Center,LOW_BATTERY,Battery level: 24.2%
409,UAV 6,Control Center,LOW_BATTERY,Battery level: 23.3%
409,UAV 9,Control Center,LOW_BATTERY,Battery level: 29.0%
409,UAV 10,Control Center,LOW_BATTERY,Battery level: 26.5%
410,UAV 1,Control Center,LOW_BATTERY,Battery level: 26.7%
410,UAV 2,Control Center,LOW_BATTERY,Battery level: 26.4%
410,UAV 4,Control Center,LOW_BATTERY,Battery level: 25.7%
410,UAV 5,Control Center,LOW_BATTERY,Battery level: 24.2%
410,UAV 6,Control Center,LOW_BATTERY,Battery level: 23.3%
410,UAV 9,Control Center,LOW_BATTERY,Battery level: 29.0%
410,UAV 10,Control Center,LOW_BATTERY,Battery level: 26.5%
411,UAV 1,Control Center,LOW_BATTERY,Battery level: 26.7%
411,UAV 2,Control Center,LOW_BATTERY,Battery level: 26.4%
411,UAV 4,Control Center,LOW_BATTERY,Battery level: 25.7%
411,UAV 5,Control Center,LOW_BATTERY,Battery level: 24.2%
411,UAV 6,Control Center,LOW_BATTERY,Battery level: 23.3%
411,UAV 9,Control Center,LOW_BATTERY,Battery level: 29.0%
411,UAV 10,Control Center,LOW_BATTERY,Battery level: 26.5%
412,UAV 1,Control Center,LOW_BATTERY,Battery level: 26.7%
412,UAV 2,Control Center,LOW_BATTERY,Battery level: 26.4%
412,UAV 4,Control Center,LOW_BATTERY,Battery level: 25.7%
412,UAV 5,Control Center,LOW_BATTERY,Battery level: 24.2%
412,UAV 6,Control Center,LOW_BATTERY,Battery level: 23.3%
412,UAV 9,Control Center,LOW_BATTERY,Battery level: 29.0%
412,UAV 10,Control Center,LOW_BATTERY,Battery level: 26.5%
413,UAV 1,Control Center,LOW_BATTERY,Battery level: 26.7%
413,UAV 2,Control Center,LOW_BATTERY,Battery level: 26.4%
413,UAV 4,Control Center,LOW_BATTERY,Battery level: 25.7%
413,UAV 5,Control Center,LOW_BATTERY,Battery level: 24.2%
413,UAV 6,Control Center,LOW_BATTERY,Battery level: 23.3%
413,UAV 9,Control Center,LOW_BATTERY,Battery level: 29.0%
413,UAV 10,Control Center,LOW_BATTERY,Battery level: 26.5%
414,UAV 1,Control Center,LOW_BATTERY,Battery level: 26.7%
414,UAV 2,Control Center,LOW_BATTERY,Battery level: 26.4%
414,UAV 4,Control Center,LOW_BATTERY,Battery level: 25.7%
414,UAV 5,Control Center,LOW_BATTERY,Battery level: 24.2%
414,UAV 6,Control Center,LOW_BATTERY,Battery level: 23.3%
414,UAV 9,Control Center,LOW_BATTERY,Battery level: 29.0%
414,UAV 10,Control Center,LOW_BATTERY,Battery level: 26.5%
415,UAV 1,Control Center,LOW_BATTERY,Battery level: 26.7%
415,UAV 2,Control Center,LOW_BATTERY,Battery level: 26.4%
415,UAV 4,Control Center,LOW_BATTERY,Battery level: 25.7%
415,UAV 5,Control Center,LOW_BATTERY,Battery level: 24.2%
415,UAV 6,Control Center,LOW_BATTERY,Battery level: 23.3%
415,UAV 9,Control Center,LOW_BATTERY,Battery level: 29.0%
415,UAV 10,Control Center,LOW_BATTERY,Battery level: 26.5%
416,UAV 1,Control Center,LOW_BATTERY,Battery level: 26.7%
416,UAV 2,Control Center,LOW_BATTERY,Battery level: 26.4%
416,UAV 4,Control Center,LOW_BATTERY,Battery level: 25.7%
416,UAV 5,Control Center,LOW_BATTERY,Battery level: 24.2%
416,UAV 6,Control Center,LOW_BATTERY,Battery level: 23.3%
416,UAV 9,Control Center,LOW_BATTERY,Battery level: 29.0%
416,UAV 10,Control Center,LOW_BATTERY,Battery level: 26.5%
417,UAV 1,Control Center,LOW_BATTERY,Battery level: 26.7%
417,UAV 2,Control Center,LOW_BATTERY,Battery level: 26.4%
417,UAV 4,Control Center,LOW_BATTERY,Battery level: 25.7%
417,UAV 5,Control Center,LOW_BATTERY,Battery level: 24.2%
417,UAV 6,Control Center,LOW_BATTERY,Battery level: 23.3%
417,UAV 9,Control Center,LOW_BATTERY,Battery level: 29.0%
417,UAV 10,Control Center,LOW_BATTERY,Battery level: 26.5%
418,UAV 1,Control Center,LOW_BATTERY,Battery level: 26.7%
418,UAV 2,Control Center,LOW_BATTERY,Battery level: 26.4%
418,UAV 4,Control Center,LOW_BATTERY,Battery level: 25.7%
418,UAV 5,Control Center,LOW_BATTERY,Battery level: 24.2%
418,UAV 6,Control Center,LOW_BATTERY,Battery level: 23.3%
418,UAV 9,Control Center,LOW_BATTERY,Battery level: 29.0%
418,UAV 10,Control Center,LOW_BATTERY,Battery level: 26.5%
419,UAV 1,Control Center,LOW_BATTERY,Battery level: 26.7%
419,UAV 2,Control Center,LOW_BATTERY,Battery level: 26.4%
419,UAV 4,Control Center,LOW_BATTERY,Battery level: 25.7%
419,UAV 5,Control Center,LOW_BATTERY,Battery level: 24.2%
419,UAV 6,Control Center,LOW_BATTERY,Battery level: 23.3%
419,UAV 9,Control Center,LOW_BATTERY,Battery level: 29.0%
419,UAV 10,Control Center,LOW_BATTERY,Battery level: 26.5%
420,UAV 1,Control Center,LOW_BATTERY,Battery level: 26.7%
420,UAV 2,Control Center,LOW_BATTERY,Battery level: 26.4%
420,UAV 4,Control Center,LOW_BATTERY,Battery level: 25.7%
420,UAV 5,Control Center,LOW_BATTERY,Battery level: 24.2%
420,UAV 6,Control Center,LOW_BATTERY,Battery level: 23.3%
420,UAV 9,Control Center,LOW_BATTERY,Battery level: 29.0%
420,UAV 10,Control Center,LOW_BATTERY,Battery level: 26.5%
421,UAV 1,Control Center,LOW_BATTERY,Battery level: 26.7%
421,UAV 2,Control Center,LOW_BATTERY,Battery level: 26.4%
421,UAV 4,Control Center,LOW_BATTERY,Battery level: 25.7%
421,UAV 5,Control Center,LOW_BATTERY,Battery level: 24.2%
421,UAV 6,Control Center,LOW_BATTERY,Battery level: 23.3%
421,UAV 9,Control Center,LOW_BATTERY,Battery level: 29.0%
421,UAV 10,Control Center,LOW_BATTERY,Battery level: 26.5%
422,UAV 1,Control Center,LOW_BATTERY,Battery level: 26.7%
422,UAV 2,Control Center,LOW_BATTERY,Battery level: 26.4%
422,UAV 4,Control Center,LOW_BATTERY,Battery level: 25.7%
422,UAV 5,Control Center,LOW_BATTERY,Battery level: 24.2%
422,UAV 6,Control Center,LOW_BATTERY,Battery level: 23.3%
422,UAV 9,Control Center,LOW_BATTERY,Battery level: 29.0%
422,UAV 10,Control Center,LOW_BATTERY,Battery level: 26.5%
423,UAV 1,Control Center,LOW_BATTERY,Battery level: 26.7%
423,UAV 2,Control Center,LOW_BATTERY,Battery level: 26.4%
423,UAV 4,Control Center,LOW_BATTERY,Battery level: 25.7%
423,UAV 5,Control Center,LOW_BATTERY,Battery level: 24.2%
423,UAV 6,Control Center,LOW_BATTERY,Battery level: 23.3%
423,UAV 9,Control Center,LOW_BATTERY,Battery level: 29.0%
423,UAV 10,Control Center,LOW_BATTERY,Battery level: 26.5%
424,UAV 1,Control Center,LOW_BATTERY,Battery level: 26.7%
424,UAV 2,Control Center,LOW_BATTERY,Battery level: 26.4%
424,UAV 4,Control Center,LOW_BATTERY,Battery level: 25.7%
424,UAV 5,Control Center,LOW_BATTERY,Battery level: 24.2%
424,UAV 6,Control Center,LOW_BATTERY,Battery level: 23.3%
424,UAV 9,Control Center,LOW_BATTERY,Battery level: 29.0%
424,UAV 10,Control Center,LOW_BATTERY,Battery level: 26.5%
425,UAV 1,Control Center,LOW_BATTERY,Battery level: 26.7%
425,UAV 2,Control Center,LOW_BATTERY,Battery level: 26.4%
425,UAV 4,Control Center,LOW_BATTERY,Battery level: 25.7%
425,UAV 5,Control Center,LOW_BATTERY,Battery level: 24.2%
425,UAV 6,Control Center,LOW_BATTERY,Battery level: 23.3%
425,UAV 9,Control Center,LOW_BATTERY,Battery level: 29.0%
425,UAV 10,Control Center,LOW_BATTERY,Battery level: 26.5%
426,UAV 1,Control Center,LOW_BATTERY,Battery level: 26.7%
426,UAV 2,Control Center,LOW_BATTERY,Battery level: 26.4%
426,UAV 4,Control Center,LOW_BATTERY,Battery level: 25.7%
426,UAV 5,Control Center,LOW_BATTERY,Battery level: 24.2%
426,UAV 6,Control Center,LOW_BATTERY,Battery level: 23.3%
426,UAV 9,Control Center,LOW_BATTERY,Battery level: 29.0%
426,UAV 10,Control Center,LOW_BATTERY,Battery level: 26.5%
427,UAV 1,Control Center,LOW_BATTERY,Battery level: 26.7%
427,UAV 2,Control Center,LOW_BATTERY,Battery level: 26.4%
427,UAV 4,Control Center,LOW_BATTERY,Battery level: 25.7%
427,UAV 5,Control Center,LOW_BATTERY,Battery level: 24.2%
427,UAV 6,Control Center,LOW_BATTERY,Battery level: 23.3%
427,UAV 9,Control Center,LOW_BATTERY,Battery level: 29.0%
427,UAV 10,Control Center,LOW_BATTERY,Battery level: 26.5%
428,UAV 1,Control Center,LOW_BATTERY,Battery level: 26.7%
428,UAV 2,Control Center,LOW_BATTERY,Battery level: 26.4%
428,UAV 4,Control Center,LOW_BATTERY,Battery level: 25.7%
428,UAV 5,Control Center,LOW_BATTERY,Battery level: 24.2%
428,UAV 6,Control Center,LOW_BATTERY,Battery level: 23.3%
428,UAV 9,Control Center,LOW_BATTERY,Battery level: 29.0%
428,UAV 10,Control Center,LOW_BATTERY,Battery level: 26.5%
429,UAV 1,Control Center,LOW_BATTERY,Battery level: 26.7%
429,UAV 2,Control Center,LOW_BATTERY,Battery level: 26.4%
429,UAV 4,Control Center,LOW_BATTERY,Battery level: 25.7%
429,UAV 5,Control Center,LOW_BATTERY,Battery level: 24.2%
429,UAV 6,Control Center,LOW_BATTERY,Battery level: 23.3%
429,UAV 9,Control Center,LOW_BATTERY,Battery level: 29.0%
429,UAV 10,Control Center,LOW_BATTERY,Battery level: 26.5%
430,UAV 1,Control Center,LOW_BATTERY,Battery level: 26.7%
430,UAV 2,Control Center,LOW_BATTERY,Battery level: 26.4%
430,UAV 4,Control Center,LOW_BATTERY,Battery level: 25.7%
430,UAV 5,Control Center,LOW_BATTERY,Battery level: 24.2%
430,UAV 6,Control Center,LOW_BATTERY,Battery level: 23.3%
430,UAV 9,Control Center,LOW_BATTERY,Battery level: 29.0%
430,UAV 10,Control Center,LOW_BATTERY,Battery level: 26.5%
431,UAV 1,Control Center,LOW_BATTERY,Battery level: 26.7%
431,UAV 2,Control Center,LOW_BATTERY,Battery level: 26.4%
431,UAV 4,Control Center,LOW_BATTERY,Battery level: 25.7%
431,UAV 5,Control Center,LOW_BATTERY,Battery level: 24.2%
431,UAV 6,Control Center,LOW_BATTERY,Battery level: 23.3%
431,UAV 9,Control Center,LOW_BATTERY,Battery level: 29.0%
431,UAV 10,Control Center,LOW_BATTERY,Battery level: 26.5%
432,UAV 1,Control Center,LOW_BATTERY,Battery level: 26.7%
432,UAV 2,Control Center,LOW_BATTERY,Battery level: 26.4%
432,UAV 4,Control Center,LOW_BATTERY,Battery level: 25.7%
432,UAV 5,Control Center,LOW_BATTERY,Battery level: 24.2%
432,UAV 6,Control Center,LOW_BATTERY,Battery level: 23.3%
432,UAV 9,Control Center,LOW_BATTERY,Battery level: 29.0%
432,UAV 10,Control Center,LOW_BATTERY,Battery level: 26.5%
433,UAV 1,Control Center,LOW_BATTERY,Battery level: 26.7%
433,UAV 2,Control Center,LOW_BATTERY,Battery level: 26.4%
433,UAV 4,Control Center,LOW_BATTERY,Battery level: 25.7%
433,UAV 5,Control Center,LOW_BATTERY,Battery level: 24.2%
433,UAV 6,Control Center,LOW_BATTERY,Battery level: 23.3%
433,UAV 9,Control Center,LOW_BATTERY,Battery level: 29.0%
433,UAV 10,Control Center,LOW_BATTERY,Battery level: 26.5%
434,UAV 1,Control Center,LOW_BATTERY,Battery level: 26.7%
434,UAV 2,Control Center,LOW_BATTERY,Battery level: 26.4%
434,UAV 4,Control Center,LOW_BATTERY,Battery level: 25.7%
434,UAV 5,Control Center,LOW_BATTERY,Battery level: 24.2%
434,UAV 6,Control Center,LOW_BATTERY,Battery level: 23.3%
434,UAV 9,Control Center,LOW_BATTERY,Battery level: 29.0%
434,UAV 10,Control Center,LOW_BATTERY,Battery level: 26.5%
435,UAV 1,Control Center,LOW_BATTERY,Battery level: 26.7%
435,UAV 2,Control Center,LOW_BATTERY,Battery level: 26.4%
435,UAV 4,Control Center,LOW_BATTERY,Battery level: 25.7%
435,UAV 5,Control Center,LOW_BATTERY,Battery level: 24.2%
435,UAV 6,Control Center,LOW_BATTERY,Battery level: 23.3%
435,UAV 9,Control Center,LOW_BATTERY,Battery level: 29.0%
435,UAV 10,Control Center,LOW_BATTERY,Battery level: 26.5%
436,UAV 1,Control Center,LOW_BATTERY,Battery level: 26.7%
436,UAV 2,Control Center,LOW_BATTERY,Battery level: 26.4%
436,UAV 4,Control Center,LOW_BATTERY,Battery level: 25.7%
436,UAV 5,Control Center,LOW_BATTERY,Battery level: 24.2%
436,UAV 6,Control Center,LOW_BATTERY,Battery level: 23.3%
436,UAV 9,Control Center,LOW_BATTERY,Battery level: 29.0%
436,UAV 10,Control Center,LOW_BATTERY,Battery level: 26.5%
437,UAV 1,Control Center,LOW_BATTERY,Battery level: 26.7%
437,UAV 2,Control Center,LOW_BATTERY,Battery level: 26.4%
437,UAV 4,Control Center,LOW_BATTERY,Battery level: 25.7%
437,UAV 5,Control Center,LOW_BATTERY,Battery level: 24.2%
437,UAV 6,Control Center,LOW_BATTERY,Battery level: 23.3%
437,UAV 9,Control Center,LOW_BATTERY,Battery level: 29.0%
437,UAV 10,Control Center,LOW_BATTERY,Battery level: 26.5%
438,UAV 1,Control Center,LOW_BATTERY,Battery level: 26.7%
438,UAV 2,Control Center,LOW_BATTERY,Battery level: 26.4%
438,UAV 4,Control Center,LOW_BATTERY,Battery level: 25.7%
438,UAV 5,Control Center,LOW_BATTERY,Battery level: 24.2%
438,UAV 6,Control Center,LOW_BATTERY,Battery level: 23.3%
438,UAV 9,Control Center,LOW_BATTERY,Battery level: 29.0%
438,UAV 10,Control Center,LOW_BATTERY,Battery level: 26.5%
439,UAV 1,Control Center,LOW_BATTERY,Battery level: 26.7%
439,UAV 2,Control Center,LOW_BATTERY,Battery level: 26.4%
439,UAV 4,Control Center,LOW_BATTERY,Battery level: 25.7%
439,UAV 5,Control Center,LOW_BATTERY,Battery level: 24.2%
439,UAV 6,Control Center,LOW_BATTERY,Battery level: 23.3%
439,UAV 9,Control Center,LOW_BATTERY,Battery level: 29.0%
439,UAV 10,Control Center,LOW_BATTERY,Battery level: 26.5%
440,UAV 1,Control Center,LOW_BATTERY,Battery level: 26.7%
440,UAV 2,Control Center,LOW_BATTERY,Battery level: 26.4%
440,UAV 4,Control Center,LOW_BATTERY,Battery level: 25.7%
440,UAV 5,Control Center,LOW_BATTERY,Battery level: 24.2%
440,UAV 6,Control Center,LOW_BATTERY,Battery level: 23.3%
440,UAV 9,Control Center,LOW_BATTERY,Battery level: 29.0%
440,UAV 10,Control Center,LOW_BATTERY,Battery level: 26.5%
441,UAV 1,Control Center,LOW_BATTERY,Battery level: 26.7%
441,UAV 2,Control Center,LOW_BATTERY,Battery level: 26.4%
441,UAV 4,Control Center,LOW_BATTERY,Battery level: 25.7%
441,UAV 5,Control Center,LOW_BATTERY,Battery level: 24.2%
441,UAV 6,Control Center,LOW_BATTERY,Battery level: 23.3%
441,UAV 9,Control Center,LOW_BATTERY,Battery level: 29.0%
441,UAV 10,Control Center,LOW_BATTERY,Battery level: 26.5%
442,UAV 1,Control Center,LOW_BATTERY,Battery level: 26.7%
442,UAV 2,Control Center,LOW_BATTERY,Battery level: 26.4%
442,UAV 4,Control Center,LOW_BATTERY,Battery level: 25.7%
442,UAV 5,Control Center,LOW_BATTERY,Battery level: 24.2%
442,UAV 6,Control Center,LOW_BATTERY,Battery level: 23.3%
442,UAV 9,Control Center,LOW_BATTERY,Battery level: 29.0%
442,UAV 10,Control Center,LOW_BATTERY,Battery level: 26.5%
443,UAV 1,Control Center,LOW_BATTERY,Battery level: 26.7%
443,UAV 2,Control Center,LOW_BATTERY,Battery level: 26.4%
443,UAV 4,Control Center,LOW_BATTERY,Battery level: 25.7%
443,UAV 5,Control Center,LOW_BATTERY,Battery level: 24.2%
443,UAV 6,Control Center,LOW_BATTERY,Battery level: 23.3%
443,UAV 9,Control Center,LOW_BATTERY,Battery level: 29.0%
443,UAV 10,Control Center,LOW_BATTERY,Battery level: 26.5%
444,UAV 1,Control Center,LOW_BATTERY,Battery level: 26.7%
444,UAV 2,Control Center,LOW_BATTERY,Battery level: 26.4%
444,UAV 4,Control Center,LOW_BATTERY,Battery level: 25.7%
444,UAV 5,Control Center,LOW_BATTERY,Battery level: 24.2%
444,UAV 6,Control Center,LOW_BATTERY,Battery level: 23.3%
444,UAV 9,Control Center,LOW_BATTERY,Battery level: 29.0%
444,UAV 10,Control Center,LOW_BATTERY,Battery level: 26.5%
445,UAV 1,Control Center,LOW_BATTERY,Battery level: 26.7%
445,UAV 2,Control Center,LOW_BATTERY,Battery level: 26.4%
445,UAV 4,Control Center,LOW_BATTERY,Battery level: 25.7%
445,UAV 5,Control Center,LOW_BATTERY,Battery level: 24.2%
445,UAV 6,Control Center,LOW_BATTERY,Battery level: 23.3%
445,UAV 9,Control Center,LOW_BATTERY,Battery level: 29.0%
445,UAV 10,Control Center,LOW_BATTERY,Battery level: 26.5%
446,UAV 1,Control Center,LOW_BATTERY,Battery level: 26.7%
446,UAV 2,Control Center,LOW_BATTERY,Battery level: 26.4%
446,UAV 4,Control Center,LOW_BATTERY,Battery level: 25.7%
446,UAV 5,Control Center,LOW_BATTERY,Battery level: 24.2%
446,UAV 6,Control Center,LOW_BATTERY,Battery level: 23.3%
446,UAV 9,Control Center,LOW_BATTERY,Battery level: 29.0%
446,UAV 10,Control Center,LOW_BATTERY,Battery level: 26.5%
447,UAV 1,Control Center,LOW_BATTERY,Battery level: 26.7%
447,UAV 2,Control Center,LOW_BATTERY,Battery level: 26.4%
447,UAV 4,Control Center,LOW_BATTERY,Battery level: 25.7%
447,UAV 5,Control Center,LOW_BATTERY,Battery level: 24.2%
447,UAV 6,Control Center,LOW_BATTERY,Battery level: 23.3%
447,UAV 9,Control Center,LOW_BATTERY,Battery level: 29.0%
447,UAV 10,Control Center,LOW_BATTERY,Battery level: 26.5%
448,UAV 1,Control Center,LOW_BATTERY,Battery level: 26.7%
448,UAV 2,Control Center,LOW_BATTERY,Battery level: 26.4%
448,UAV 4,Control Center,LOW_BATTERY,Battery level: 25.7%
448,UAV 5,Control Center,LOW_BATTERY,Battery level: 24.2%
448,UAV 6,Control Center,LOW_BATTERY,Battery level: 23.3%
448,UAV 9,Control Center,LOW_BATTERY,Battery level: 29.0%
448,UAV 10,Control Center,LOW_BATTERY,Battery level: 26.5%
449,UAV 1,Control Center,LOW_BATTERY,Battery level: 26.7%
449,UAV 2,Control Center,LOW_BATTERY,Battery level: 26.4%
449,UAV 4,Control Center,LOW_BATTERY,Battery level: 25.7%
449,UAV 5,Control Center,LOW_BATTERY,Battery level: 24.2%
449,UAV 6,Control Center,LOW_BATTERY,Battery level: 23.3%
449,UAV 9,Control Center,LOW_BATTERY,Battery level: 29.0%
449,UAV 10,Control Center,LOW_BATTERY,Battery level: 26.5%
450,UAV 1,Control Center,LOW_BATTERY,Battery level: 26.7%
450,UAV 2,Control Center,LOW_BATTERY,Battery level: 26.4%
450,UAV 4,Control Center,LOW_BATTERY,Battery level: 25.7%
450,UAV 5,Control Center,LOW_BATTERY,Battery level: 24.2%
450,UAV 6,Control Center,LOW_BATTERY,Battery level: 23.3%
450,UAV 9,Control Center,LOW_BATTERY,Battery level: 29.0%
450,UAV 10,Control Center,LOW_BATTERY,Battery level: 26.5%
451,UAV 1,Control Center,LOW_BATTERY,Battery level: 26.7%
451,UAV 2,Control Center,LOW_BATTERY,Battery level: 26.4%
451,UAV 4,Control Center,LOW_BATTERY,Battery level: 25.7%
451,UAV 5,Control Center,LOW_BATTERY,Battery level: 24.2%
451,UAV 6,Control Center,LOW_BATTERY,Battery level: 23.3%
451,UAV 9,Control Center,LOW_BATTERY,Battery level: 29.0%
451,UAV 10,Control Center,LOW_BATTERY,Battery level: 26.5%
452,UAV 1,Control Center,LOW_BATTERY,Battery level: 26.7%
452,UAV 2,Control Center,LOW_BATTERY,Battery level: 26.4%
452,UAV 4,Control Center,LOW_BATTERY,Battery level: 25.7%
452,UAV 5,Control Center,LOW_BATTERY,Battery level: 24.2%
452,UAV 6,Control Center,LOW_BATTERY,Battery level: 23.3%
452,UAV 9,Control Center,LOW_BATTERY,Battery level: 29.0%
452,UAV 10,Control Center,LOW_BATTERY,Battery level: 26.5%
453,UAV 1,Control Center,LOW_BATTERY,Battery level: 26.7%
453,UAV 2,Control Center,LOW_BATTERY,Battery level: 26.4%
453,UAV 4,Control Center,LOW_BATTERY,Battery level: 25.7%
453,UAV 5,Control Center,LOW_BATTERY,Battery level: 24.2%
453,UAV 6,Control Center,LOW_BATTERY,Battery level: 23.3%
453,UAV 9,Control Center,LOW_BATTERY,Battery level: 29.0%
453,UAV 10,Control Center,LOW_BATTERY,Battery level: 26.5%
454,UAV 1,Control Center,LOW_BATTERY,Battery level: 26.7%
454,UAV 2,Control Center,LOW_BATTERY,Battery level: 26.4%
454,UAV 4,Control Center,LOW_BATTERY,Battery level: 25.7%
454,UAV 5,Control Center,LOW_BATTERY,Battery level: 24.2%
454,UAV 6,Control Center,LOW_BATTERY,Battery level: 23.3%
454,UAV 9,Control Center,LOW_BATTERY,Battery level: 29.0%
454,UAV 10,Control Center,LOW_BATTERY,Battery level: 26.5%
455,UAV 1,Control Center,LOW_BATTERY,Battery level: 26.7%
455,UAV 2,Control Center,LOW_BATTERY,Battery level: 26.4%
455,UAV 4,Control Center,LOW_BATTERY,Battery level: 25.7%
455,UAV 5,Control Center,LOW_BATTERY,Battery level: 24.2%
455,UAV 6,Control Center,LOW_BATTERY,Battery level: 23.3%
455,UAV 9,Control Center,LOW_BATTERY,Battery level: 29.0%
455,UAV 10,Control Center,LOW_BATTERY,Battery level: 26.5%
456,UAV 1,Control Center,LOW_BATTERY,Battery level: 26.7%
456,UAV 2,Control Center,LOW_BATTERY,Battery level: 26.4%
456,UAV 4,Control Center,LOW_BATTERY,Battery level: 25.7%
456,UAV 5,Control Center,LOW_BATTERY,Battery level: 24.2%
456,UAV 6,Control Center,LOW_BATTERY,Battery level: 23.3%
456,UAV 9,Control Center,LOW_BATTERY,Battery level: 29.0%
456,UAV 10,Control Center,LOW_BATTERY,Battery level: 26.5%
457,UAV 1,Control Center,LOW_BATTERY,Battery level: 26.7%
457,UAV 2,Control Center,LOW_BATTERY,Battery level: 26.4%
457,UAV 4,Control Center,LOW_BATTERY,Battery level: 25.7%
457,UAV 5,Control Center,LOW_BATTERY,Battery level: 24.2%
457,UAV 6,Control Center,LOW_BATTERY,Battery level: 23.3%
457,UAV 9,Control Center,LOW_BATTERY,Battery level: 29.0%
457,UAV 10,Control Center,LOW_BATTERY,Battery level: 26.5%
458,UAV 1,Control Center,LOW_BATTERY,Battery level: 26.7%
458,UAV 2,Control Center,LOW_BATTERY,Battery level: 26.4%
458,UAV 4,Control Center,LOW_BATTERY,Battery level: 25.7%
458,UAV 5,Control Center,LOW_BATTERY,Battery level: 24.2%
458,UAV 6,Control Center,LOW_BATTERY,Battery level: 23.3%
458,UAV 9,Control Center,LOW_BATTERY,Battery level: 29.0%
458,UAV 10,Control Center,LOW_BATTERY,Battery level: 26.5%
459,UAV 1,Control Center,LOW_BATTERY,Battery level: 26.7%
459,UAV 2,Control Center,LOW_BATTERY,Battery level: 26.4%
459,UAV 4,Control Center,LOW_BATTERY,Battery level: 25.7%
459,UAV 5,Control Center,LOW_BATTERY,Battery level: 24.2%
459,UAV 6,Control Center,LOW_BATTERY,Battery level: 23.3%
459,UAV 9,Control Center,LOW_BATTERY,Battery level: 29.0%
459,UAV 10,Control Center,LOW_BATTERY,Battery level: 26.5%
460,UAV 1,Control Center,LOW_BATTERY,Battery level: 26.7%
460,UAV 2,Control Center,LOW_BATTERY,Battery level: 26.4%
460,UAV 4,Control Center,LOW_BATTERY,Battery level: 25.7%
460,UAV 5,Control Center,LOW_BATTERY,Battery level: 24.2%
460,UAV 6,Control Center,LOW_BATTERY,Battery level: 23.3%
460,UAV 9,Control Center,LOW_BATTERY,Battery level: 29.0%
460,UAV 10,Control Center,LOW_BATTERY,Battery level: 26.5%
461,UAV 1,Control Center,LOW_BATTERY,Battery level: 26.7%
461,UAV 2,Control Center,LOW_BATTERY,Battery level: 26.4%
461,UAV 4,Control Center,LOW_BATTERY,Battery level: 25.7%
461,UAV 5,Control Center,LOW_BATTERY,Battery level: 24.2%
461,UAV 6,Control Center,LOW_BATTERY,Battery level: 23.3%
461,UAV 9,Control Center,LOW_BATTERY,Battery level: 29.0%
461,UAV 10,Control Center,LOW_BATTERY,Battery level: 26.5%
462,UAV 1,Control Center,LOW_BATTERY,Battery level: 26.7%
462,UAV 2,Control Center,LOW_BATTERY,Battery level: 26.4%
462,UAV 4,Control Center,LOW_BATTERY,Battery level: 25.7%
462,UAV 5,Control Center,LOW_BATTERY,Battery level: 24.2%
462,UAV 6,Control Center,LOW_BATTERY,Battery level: 23.3%
462,UAV 9,Control Center,LOW_BATTERY,Battery level: 29.0%
462,UAV 10,Control Center,LOW_BATTERY,Battery level: 26.5%
463,UAV 1,Control Center,LOW_BATTERY,Battery level: 26.7%
463,UAV 2,Control Center,LOW_BATTERY,Battery level: 26.4%
463,UAV 4,Control Center,LOW_BATTERY,Battery level: 25.7%
463,UAV 5,Control Center,LOW_BATTERY,Battery level: 24.2%
463,UAV 6,Control Center,LOW_BATTERY,Battery level: 23.3%
463,UAV 9,Control Center,LOW_BATTERY,Battery level: 29.0%
463,UAV 10,Control Center,LOW_BATTERY,Battery level: 26.5%
464,UAV 1,Control Center,LOW_BATTERY,Battery level: 26.7%
464,UAV 2,Control Center,LOW_BATTERY,Battery level: 26.4%
464,UAV 4,Control Center,LOW_BATTERY,Battery level: 25.7%
464,UAV 5,Control Center,LOW_BATTERY,Battery level: 24.2%
464,UAV 6,Control Center,LOW_BATTERY,Battery level: 23.3%
464,UAV 9,Control Center,LOW_BATTERY,Battery level: 29.0%
464,UAV 10,Control Center,LOW_BATTERY,Battery level: 26.5%
465,UAV 1,Control Center,LOW_BATTERY,Battery level: 26.7%
465,UAV 2,Control Center,LOW_BATTERY,Battery level: 26.4%
465,UAV 4,Control Center,LOW_BATTERY,Battery level: 25.7%
465,UAV 5,Control Center,LOW_BATTERY,Battery level: 24.2%
465,UAV 6,Control Center,LOW_BATTERY,Battery level: 23.3%
465,UAV 9,Control Center,LOW_BATTERY,Battery level: 29.0%
465,UAV 10,Control Center,LOW_BATTERY,Battery level: 26.5%
466,UAV 1,Control Center,LOW_BATTERY,Battery level: 26.7%
466,UAV 2,Control Center,LOW_BATTERY,Battery level: 26.4%
466,UAV 4,Control Center,LOW_BATTERY,Battery level: 25.7%
466,UAV 5,Control Center,LOW_BATTERY,Battery level: 24.2%
466,UAV 6,Control Center,LOW_BATTERY,Battery level: 23.3%
466,UAV 9,Control Center,LOW_BATTERY,Battery level: 29.0%
466,UAV 10,Control Center,LOW_BATTERY,Battery level: 26.5%
467,UAV 1,Control Center,LOW_BATTERY,Battery level: 26.7%
467,UAV 2,Control Center,LOW_BATTERY,Battery level: 26.4%
467,UAV 4,Control Center,LOW_BATTERY,Battery level: 25.7%
467,UAV 5,Control Center,LOW_BATTERY,Battery level: 24.2%
467,UAV 6,Control Center,LOW_BATTERY,Battery level: 23.3%
467,UAV 9,Control Center,LOW_BATTERY,Battery level: 29.0%
467,UAV 10,Control Center,LOW_BATTERY,Battery level: 26.5%
468,UAV 1,Control Center,LOW_BATTERY,Battery level: 26.7%
468,UAV 2,Control Center,LOW_BATTERY,Battery level: 26.4%
468,UAV 4,Control Center,LOW_BATTERY,Battery level: 25.7%
468,UAV 5,Control Center,LOW_BATTERY,Battery level: 24.2%
468,UAV 6,Control Center,LOW_BATTERY,Battery level: 23.3%
468,UAV 9,Control Center,LOW_BATTERY,Battery level: 29.0%
468,UAV 10,Control Center,LOW_BATTERY,Battery level: 26.5%
469,UAV 1,Control Center,LOW_BATTERY,Battery level: 26.7%
469,UAV 2,Control Center,LOW_BATTERY,Battery level: 26.4%
469,UAV 4,Control Center,LOW_BATTERY,Battery level: 25.7%
469,UAV 5,Control Center,LOW_BATTERY,Battery level: 24.2%
469,UAV 6,Control Center,LOW_BATTERY,Battery level: 23.3%
469,UAV 9,Control Center,LOW_BATTERY,Battery level: 29.0%
469,UAV 10,Control Center,LOW_BATTERY,Battery level: 26.5%
470,UAV 1,Control Center,LOW_BATTERY,Battery level: 26.7%
470,UAV 2,Control Center,LOW_BATTERY,Battery level: 26.4%
470,UAV 4,Control Center,LOW_BATTERY,Battery level: 25.7%
470,UAV 5,Control Center,LOW_BATTERY,Battery level: 24.2%
470,UAV 6,Control Center,LOW_BATTERY,Battery level: 23.3%
470,UAV 9,Control Center,LOW_BATTERY,Battery level: 29.0%
470,UAV 10,Control Center,LOW_BATTERY,Battery level: 26.5%
471,UAV 1,Control Center,LOW_BATTERY,Battery level: 26.7%
471,UAV 2,Control Center,LOW_BATTERY,Battery level: 26.4%
471,UAV 4,Control Center,LOW_BATTERY,Battery level: 25.7%
471,UAV 5,Control Center,LOW_BATTERY,Battery level: 24.2%
471,UAV 6,Control Center,LOW_BATTERY,Battery level: 23.3%
471,UAV 9,Control Center,LOW_BATTERY,Battery level: 29.0%
471,UAV 10,Control Center,LOW_BATTERY,Battery level: 26.5%
472,UAV 1,Control Center,LOW_BATTERY,Battery level: 26.7%
472,UAV 2,Control Center,LOW_BATTERY,Battery level: 26.4%
472,UAV 4,Control Center,LOW_BATTERY,Battery level: 25.7%
472,UAV 5,Control Center,LOW_BATTERY,Battery level: 24.2%
472,UAV 6,Control Center,LOW_BATTERY,Battery level: 23.3%
472,UAV 9,Control Center,LOW_BATTERY,Battery level: 29.0%
472,UAV 10,Control Center,LOW_BATTERY,Battery level: 26.5%
473,UAV 1,Control Center,LOW_BATTERY,Battery level: 26.7%
473,UAV 2,Control Center,LOW_BATTERY,Battery level: 26.4%
473,UAV 4,Control Center,LOW_BATTERY,Battery level: 25.7%
473,UAV 5,Control Center,LOW_BATTERY,Battery level: 24.2%
473,UAV 6,Control Center,LOW_BATTERY,Battery level: 23.3%
473,UAV 9,Control Center,LOW_BATTERY,Battery level: 29.0%
473,UAV 10,Control Center,LOW_BATTERY,Battery level: 26.5%
474,UAV 1,Control Center,LOW_BATTERY,Battery level: 26.7%
474,UAV 2,Control Center,LOW_BATTERY,Battery level: 26.4%
474,UAV 4,Control Center,LOW_BATTERY,Battery level: 25.7%
474,UAV 5,Control Center,LOW_BATTERY,Battery level: 24.2%
474,UAV 6,Control Center,LOW_BATTERY,Battery level: 23.3%
474,UAV 9,Control Center,LOW_BATTERY,Battery level: 29.0%
474,UAV 10,Control Center,LOW_BATTERY,Battery level: 26.5%
475,UAV 1,Control Center,LOW_BATTERY,Battery level: 26.7%
475,UAV 2,Control Center,LOW_BATTERY,Battery level: 26.4%
475,UAV 4,Control Center,LOW_BATTERY,Battery level: 25.7%
475,UAV 5,Control Center,LOW_BATTERY,Battery level: 24.2%
475,UAV 6,Control Center,LOW_BATTERY,Battery level: 23.3%
475,UAV 9,Control Center,LOW_BATTERY,Battery level: 29.0%
475,UAV 10,Control Center,LOW_BATTERY,Battery level: 26.5%
476,UAV 1,Control Center,LOW_BATTERY,Battery level: 26.7%
476,UAV 2,Control Center,LOW_BATTERY,Battery level: 26.4%
476,UAV 4,Control Center,LOW_BATTERY,Battery level: 25.7%
476,UAV 5,Control Center,LOW_BATTERY,Battery level: 24.2%
476,UAV 6,Control Center,LOW_BATTERY,Battery level: 23.3%
476,UAV 9,Control Center,LOW_BATTERY,Battery level: 29.0%
476,UAV 10,Control Center,LOW_BATTERY,Battery level: 26.5%
477,UAV 1,Control Center,LOW_BATTERY,Battery level: 26.7%
477,UAV 2,Control Center,LOW_BATTERY,Battery level: 26.4%
477,UAV 4,Control Center,LOW_BATTERY,Battery level: 25.7%
477,UAV 5,Control Center,LOW_BATTERY,Battery level: 24.2%
477,UAV 6,Control Center,LOW_BATTERY,Battery level: 23.3%
477,UAV 9,Control Center,LOW_BATTERY,Battery level: 29.0%
477,UAV 10,Control Center,LOW_BATTERY,Battery level: 26.5%
478,UAV 1,Control Center,LOW_BATTERY,Battery level: 26.7%
478,UAV 2,Control Center,LOW_BATTERY,Battery level: 26.4%
478,UAV 4,Control Center,LOW_BATTERY,Battery level: 25.7%
478,UAV 5,Control Center,LOW_BATTERY,Battery level: 24.2%
478,UAV 6,Control Center,LOW_BATTERY,Battery level: 23.3%
478,UAV 9,Control Center,LOW_BATTERY,Battery level: 29.0%
478,UAV 10,Control Center,LOW_BATTERY,Battery level: 26.5%
479,UAV 1,Control Center,LOW_BATTERY,Battery level: 26.7%
479,UAV 2,Control Center,LOW_BATTERY,Battery level: 26.4%
479,UAV 4,Control Center,LOW_BATTERY,Battery level: 25.7%
479,UAV 5,Control Center,LOW_BATTERY,Battery level: 24.2%
479,UAV 6,Control Center,LOW_BATTERY,Battery level: 23.3%
479,UAV 9,Control Center,LOW_BATTERY,Battery level: 29.0%
479,UAV 10,Control Center,LOW_BATTERY,Battery level: 26.5%
480,UAV 1,Control Center,LOW_BATTERY,Battery level: 26.7%
480,UAV 2,Control Center,LOW_BATTERY,Battery level: 26.4%
480,UAV 4,Control Center,LOW_BATTERY,Battery level: 25.7%
480,UAV 5,Control Center,LOW_BATTERY,Battery level: 24.2%
480,UAV 6,Control Center,LOW_BATTERY,Battery level: 23.3%
480,UAV 9,Control Center,LOW_BATTERY,Battery level: 29.0%
480,UAV 10,Control Center,LOW_BATTERY,Battery level: 26.5%
481,UAV 1,Control Center,LOW_BATTERY,Battery level: 26.7%
481,UAV 2,Control Center,LOW_BATTERY,Battery level: 26.4%
481,UAV 4,Control Center,LOW_BATTERY,Battery level: 25.7%
481,UAV 5,Control Center,LOW_BATTERY,Battery level: 24.2%
481,UAV 6,Control Center,LOW_BATTERY,Battery level: 23.3%
481,UAV 9,Control Center,LOW_BATTERY,Battery level: 29.0%
481,UAV 10,Control Center,LOW_BATTERY,Battery level: 26.5%
482,UAV 1,Control Center,LOW_BATTERY,Battery level: 26.7%
482,UAV 2,Control Center,LOW_BATTERY,Battery level: 26.4%
482,UAV 4,Control Center,LOW_BATTERY,Battery level: 25.7%
482,UAV 5,Control Center,LOW_BATTERY,Battery level: 24.2%
482,UAV 6,Control Center,LOW_BATTERY,Battery level: 23.3%
482,UAV 9,Control Center,LOW_BATTERY,Battery level: 29.0%
482,UAV 10,Control Center,LOW_BATTERY,Battery level: 26.5%
483,UAV 1,Control Center,LOW_BATTERY,Battery level: 26.7%
483,UAV 2,Control Center,LOW_BATTERY,Battery level: 26.4%
483,UAV 4,Control Center,LOW_BATTERY,Battery level: 25.7%
483,UAV 5,Control Center,LOW_BATTERY,Battery level: 24.2%
483,UAV 6,Control Center,LOW_BATTERY,Battery level: 23.3%
483,UAV 9,Control Center,LOW_BATTERY,Battery level: 29.0%
483,UAV 10,Control Center,LOW_BATTERY,Battery level: 26.5%
484,UAV 1,Control Center,LOW_BATTERY,Battery level: 26.7%
484,UAV 2,Control Center,LOW_BATTERY,Battery level: 26.4%
484,UAV 4,Control Center,LOW_BATTERY,Battery level: 25.7%
484,UAV 5,Control Center,LOW_BATTERY,Battery level: 24.2%
484,UAV 6,Control Center,LOW_BATTERY,Battery level: 23.3%
484,UAV 9,Control Center,LOW_BATTERY,Battery level: 29.0%
484,UAV 10,Control Center,LOW_BATTERY,Battery level: 26.5%
485,UAV 1,Control Center,LOW_BATTERY,Battery level: 26.7%
485,UAV 2,Control Center,LOW_BATTERY,Battery level: 26.4%
485,UAV 4,Control Center,LOW_BATTERY,Battery level: 25.7%
485,UAV 5,Control Center,LOW_BATTERY,Battery level: 24.2%
485,UAV 6,Control Center,LOW_BATTERY,Battery level: 23.3%
485,UAV 9,Control Center,LOW_BATTERY,Battery level: 29.0%
485,UAV 10,Control Center,LOW_BATTERY,Battery level: 26.5%
486,UAV 1,Control Center,LOW_BATTERY,Battery level: 26.7%
486,UAV 2,Control Center,LOW_BATTERY,Battery level: 26.4%
486,UAV 4,Control Center,LOW_BATTERY,Battery level: 25.7%
486,UAV 5,Control Center,LOW_BATTERY,Battery level: 24.2%
486,UAV 6,Control Center,LOW_BATTERY,Battery level: 23.3%
486,UAV 9,Control Center,LOW_BATTERY,Battery level: 29.0%
486,UAV 10,Control Center,LOW_BATTERY,Battery level: 26.5%
487,UAV 1,Control Center,LOW_BATTERY,Battery level: 26.7%
487,UAV 2,Control Center,LOW_BATTERY,Battery level: 26.4%
487,UAV 4,Control Center,LOW_BATTERY,Battery level: 25.7%
487,UAV 5,Control Center,LOW_BATTERY,Battery level: 24.2%
487,UAV 6,Control Center,LOW_BATTERY,Battery level: 23.3%
487,UAV 9,Control Center,LOW_BATTERY,Battery level: 29.0%
487,UAV 10,Control Center,LOW_BATTERY,Battery level: 26.5%
488,UAV 1,Control Center,LOW_BATTERY,Battery level: 26.7%
488,UAV 2,Control Center,LOW_BATTERY,Battery level: 26.4%
488,UAV 4,Control Center,LOW_BATTERY,Battery level: 25.7%
488,UAV 5,Control Center,LOW_BATTERY,Battery level: 24.2%
488,UAV 6,Control Center,LOW_BATTERY,Battery level: 23.3%
488,UAV 9,Control Center,LOW_BATTERY,Battery level: 29.0%
488,UAV 10,Control Center,LOW_BATTERY,Battery level: 26.5%
489,UAV 1,Control Center,LOW_BATTERY,Battery level: 26.7%
489,UAV 2,Control Center,LOW_BATTERY,Battery level: 26.4%
489,UAV 4,Control Center,LOW_BATTERY,Battery level: 25.7%
489,UAV 5,Control Center,LOW_BATTERY,Battery level: 24.2%
489,UAV 6,Control Center,LOW_BATTERY,Battery level: 23.3%
489,UAV 9,Control Center,LOW_BATTERY,Battery level: 29.0%
489,UAV 10,Control Center,LOW_BATTERY,Battery level: 26.5%
490,UAV 1,Control Center,LOW_BATTERY,Battery level: 26.7%
490,UAV 2,Control Center,LOW_BATTERY,Battery level: 26.4%
490,UAV 4,Control Center,LOW_BATTERY,Battery level: 25.7%
490,UAV 5,Control Center,LOW_BATTERY,Battery level: 24.2%
490,UAV 6,Control Center,LOW_BATTERY,Battery level: 23.3%
490,UAV 9,Control Center,LOW_BATTERY,Battery level: 29.0%
490,UAV 10,Control Center,LOW_BATTERY,Battery level: 26.5%
491,UAV 1,Control Center,LOW_BATTERY,Battery level: 26.7%
491,UAV 2,Control Center,LOW_BATTERY,Battery level: 26.4%
491,UAV 4,Control Center,LOW_BATTERY,Battery level: 25.7%
491,UAV 5,Control Center,LOW_BATTERY,Battery level: 24.2%
491,UAV 6,Control Center,LOW_BATTERY,Battery level: 23.3%
491,UAV 9,Control Center,LOW_BATTERY,Battery level: 29.0%
491,UAV 10,Control Center,LOW_BATTERY,Battery level: 26.5%
492,UAV 1,Control Center,LOW_BATTERY,Battery level: 26.7%
492,UAV 2,Control Center,LOW_BATTERY,Battery level: 26.4%
492,UAV 4,Control Center,LOW_BATTERY,Battery level: 25.7%
492,UAV 5,Control Center,LOW_BATTERY,Battery level: 24.2%
492,UAV 6,Control Center,LOW_BATTERY,Battery level: 23.3%
492,UAV 9,Control Center,LOW_BATTERY,Battery level: 29.0%
492,UAV 10,Control Center,LOW_BATTERY,Battery level: 26.5%
493,UAV 1,Control Center,LOW_BATTERY,Battery level: 26.7%
493,UAV 2,Control Center,LOW_BATTERY,Battery level: 26.4%
493,UAV 4,Control Center,LOW_BATTERY,Battery level: 25.7%
493,UAV 5,Control Center,LOW_BATTERY,Battery level: 24.2%
493,UAV 6,Control Center,LOW_BATTERY,Battery level: 23.3%
493,UAV 9,Control Center,LOW_BATTERY,Battery level: 29.0%
493,UAV 10,Control Center,LOW_BATTERY,Battery level: 26.5%
494,UAV 1,Control Center,LOW_BATTERY,Battery level: 26.7%
494,UAV 2,Control Center,LOW_BATTERY,Battery level: 26.4%
494,UAV 4,Control Center,LOW_BATTERY,Battery level: 25.7%
494,UAV 5,Control Center,LOW_BATTERY,Battery level: 24.2%
494,UAV 6,Control Center,LOW_BATTERY,Battery level: 23.3%
494,UAV 9,Control Center,LOW_BATTERY,Battery level: 29.0%
494,UAV 10,Control Center,LOW_BATTERY,Battery level: 26.5%
495,UAV 1,Control Center,LOW_BATTERY,Battery level: 26.7%
495,UAV 2,Control Center,LOW_BATTERY,Battery level: 26.4%
495,UAV 4,Control Center,LOW_BATTERY,Battery level: 25.7%
495,UAV 5,Control Center,LOW_BATTERY,Battery level: 24.2%
495,UAV 6,Control Center,LOW_BATTERY,Battery level: 23.3%
495,UAV 9,Control Center,LOW_BATTERY,Battery level: 29.0%
495,UAV 10,Control Center,LOW_BATTERY,Battery level: 26.5%
496,UAV 1,Control Center,LOW_BATTERY,Battery level: 26.7%
496,UAV 2,Control Center,LOW_BATTERY,Battery level: 26.4%
496,UAV 4,Control Center,LOW_BATTERY,Battery level: 25.7%
496,UAV 5,Control Center,LOW_BATTERY,Battery level: 24.2%
496,UAV 6,Control Center,LOW_BATTERY,Battery level: 23.3%
496,UAV 9,Control Center,LOW_BATTERY,Battery level: 29.0%
496,UAV 10,Control Center,LOW_BATTERY,Battery level: 26.5%
497,UAV 1,Control Center,LOW_BATTERY,Battery level: 26.7%
497,UAV 2,Control Center,LOW_BATTERY,Battery level: 26.4%
497,UAV 4,Control Center,LOW_BATTERY,Battery level: 25.7%
497,UAV 5,Control Center,LOW_BATTERY,Battery level: 24.2%
497,UAV 6,Control Center,LOW_BATTERY,Battery level: 23.3%
497,UAV 9,Control Center,LOW_BATTERY,Battery level: 29.0%
497,UAV 10,Control Center,LOW_BATTERY,Battery level: 26.5%
498,UAV 1,Control Center,LOW_BATTERY,Battery level: 26.7%
498,UAV 2,Control Center,LOW_BATTERY,Battery level: 26.4%
498,UAV 4,Control Center,LOW_BATTERY,Battery level: 25.7%
498,UAV 5,Control Center,LOW_BATTERY,Battery level: 24.2%
498,UAV 6,Control Center,LOW_BATTERY,Battery level: 23.3%
498,UAV 9,Control Center,LOW_BATTERY,Battery level: 29.0%
498,UAV 10,Control Center,LOW_BATTERY,Battery level: 26.5%
499,UAV 1,Control Center,LOW_BATTERY,Battery level: 26.7%
499,UAV 2,Control Center,LOW_BATTERY,Battery level: 26.4%
499,UAV 4,Control Center,LOW_BATTERY,Battery level: 25.7%
499,UAV 5,Control Center,LOW_BATTERY,Battery level: 24.2%
499,UAV 6,Control Center,LOW_BATTERY,Battery level: 23.3%
499,UAV 9,Control Center,LOW_BATTERY,Battery level: 29.0%
499,UAV 10,Control Center,LOW_BATTERY,Battery level: 26.5%
