timestamp,sender,receiver,message_type,content
0,Control Center,UAV 5,TASK_ASSIGNMENT,Assign task 46
0,Control Center,UAV 10,TASK_ASSIGNMENT,Assign task 28
0,Control Center,UAV 6,TASK_ASSIGNMENT,Assign task 6
0,Control Center,UAV 8,TASK_ASSIGNMENT,Assign task 23
0,Control Center,UAV 4,TASK_ASSIGNMENT,Assign task 47
0,Control Center,UAV 7,TASK_ASSIGNMENT,Assign task 40
0,Control Center,UAV 9,TASK_ASSIGNMENT,Assign task 42
0,Control Center,UAV 1,TASK_ASSIGNMENT,Assign task 38
0,Control Center,UAV 2,TASK_ASSIGNMENT,Assign task 24
0,Control Center,UAV 3,TASK_ASSIGNMENT,Assign task 10
0,UAV 6,Control Center,TASK_START,Start task 6
0,UAV 3,Control Center,TASK_START,Start task 10
0,UAV 8,Control Center,TASK_START,Start task 23
0,UAV 2,Control Center,TASK_START,Start task 24
0,UAV 10,Control Center,TASK_START,Start task 28
0,UAV 1,Control Center,TASK_START,Start task 38
0,UAV 7,Control Center,TASK_START,Start task 40
0,UAV 9,Control Center,TASK_START,Start task 42
0,UAV 5,Control Center,TASK_START,Start task 46
0,UAV 4,Control Center,TASK_START,Start task 47
1,UAV 1,Control Center,TASK_COMPLETE,Complete task 38
1,UAV 2,Control Center,TASK_COMPLETE,Complete task 24
1,UAV 3,Control Center,TASK_COMPLETE,Complete task 10
1,UAV 4,Control Center,TASK_COMPLETE,Complete task 47
1,UAV 5,Control Center,TASK_COMPLETE,Complete task 46
1,UAV 6,Control Center,TASK_COMPLETE,Complete task 6
1,UAV 7,Control Center,TASK_COMPLETE,Complete task 40
1,UAV 8,Control Center,TASK_COMPLETE,Complete task 23
1,UAV 9,Control Center,TASK_COMPLETE,Complete task 42
1,UAV 10,Control Center,TASK_COMPLETE,Complete task 28
2,Control Center,UAV 7,TASK_ASSIGNMENT,Assign task 48
2,Control Center,UAV 9,TASK_ASSIGNMENT,Assign task 1
2,Control Center,UAV 2,TASK_ASSIGNMENT,Assign task 36
2,Control Center,UAV 1,TASK_ASSIGNMENT,Assign task 17
2,Control Center,UAV 10,TASK_ASSIGNMENT,Assign task 35
2,Control Center,UAV 5,TASK_ASSIGNMENT,Assign task 27
2,Control Center,UAV 4,TASK_ASSIGNMENT,Assign task 19
2,Control Center,UAV 3,TASK_ASSIGNMENT,Assign task 8
2,Control Center,UAV 8,TASK_ASSIGNMENT,Assign task 9
2,Control Center,UAV 6,TASK_ASSIGNMENT,Assign task 41
2,UAV 9,Control Center,TASK_START,Start task 1
2,UAV 3,Control Center,TASK_START,Start task 8
2,UAV 8,Control Center,TASK_START,Start task 9
2,UAV 1,Control Center,TASK_START,Start task 17
2,UAV 4,Control Center,TASK_START,Start task 19
2,UAV 5,Control Center,TASK_START,Start task 27
2,UAV 10,Control Center,TASK_START,Start task 35
2,UAV 2,Control Center,TASK_START,Start task 36
2,UAV 6,Control Center,TASK_START,Start task 41
2,UAV 7,Control Center,TASK_START,Start task 48
3,UAV 1,Control Center,TASK_COMPLETE,Complete task 17
3,UAV 1,Control Center,LOW_BATTERY,Battery level: 26.9%
3,UAV 2,Control Center,TASK_COMPLETE,Complete task 36
3,UAV 2,Control Center,LOW_BATTERY,Battery level: 22.5%
3,UAV 3,Control Center,TASK_COMPLETE,Complete task 8
3,UAV 3,Control Center,CHARGING_REQUEST,"Request charging, battery: 14.4%"
3,Control Center,AGV 1,CHARGING_COMMAND,Charge UAV 3
3,AGV 1,UAV 3,CHARGING_START,Start charging
3,UAV 4,Control Center,TASK_COMPLETE,Complete task 19
3,UAV 4,Control Center,LOW_BATTERY,Battery level: 24.8%
3,UAV 5,Control Center,TASK_COMPLETE,Complete task 27
3,UAV 5,Control Center,CHARGING_REQUEST,"Request charging, battery: 17.4%"
3,Control Center,AGV 3,CHARGING_COMMAND,Charge UAV 5
3,AGV 3,UAV 5,CHARGING_START,Start charging
3,UAV 6,Control Center,TASK_COMPLETE,Complete task 41
3,UAV 6,Control Center,CHARGING_REQUEST,"Request charging, battery: 13.2%"
3,Control Center,AGV 1,CHARGING_COMMAND,Charge UAV 6
3,AGV 1,UAV 6,CHARGING_START,Start charging
3,UAV 7,Control Center,TASK_COMPLETE,Complete task 48
3,UAV 8,Control Center,TASK_COMPLETE,Complete task 9
3,UAV 8,Control Center,LOW_BATTERY,Battery level: 20.0%
3,UAV 9,Control Center,TASK_COMPLETE,Complete task 1
3,UAV 9,Control Center,LOW_BATTERY,Battery level: 26.8%
3,UAV 10,Control Center,TASK_COMPLETE,Complete task 35
3,UAV 10,Control Center,CHARGING_REQUEST,"Request charging, battery: 18.2%"
3,Control Center,AGV 1,CHARGING_COMMAND,Charge UAV 10
3,AGV 1,UAV 10,CHARGING_START,Start charging
4,UAV 1,Control Center,LOW_BATTERY,Battery level: 26.9%
4,UAV 2,Control Center,LOW_BATTERY,Battery level: 22.5%
4,UAV 4,Control Center,LOW_BATTERY,Battery level: 24.8%
4,UAV 8,Control Center,LOW_BATTERY,Battery level: 20.0%
4,UAV 9,Control Center,LOW_BATTERY,Battery level: 26.8%
5,UAV 1,Control Center,LOW_BATTERY,Battery level: 26.9%
5,UAV 2,Control Center,LOW_BATTERY,Battery level: 22.5%
5,UAV 4,Control Center,LOW_BATTERY,Battery level: 24.8%
5,UAV 8,Control Center,LOW_BATTERY,Battery level: 20.0%
5,UAV 9,Control Center,LOW_BATTERY,Battery level: 26.8%
6,UAV 1,Control Center,LOW_BATTERY,Battery level: 26.9%
6,UAV 2,Control Center,LOW_BATTERY,Battery level: 22.5%
6,UAV 4,Control Center,LOW_BATTERY,Battery level: 24.8%
6,UAV 8,Control Center,LOW_BATTERY,Battery level: 20.0%
6,UAV 9,Control Center,LOW_BATTERY,Battery level: 26.8%
7,UAV 1,Control Center,LOW_BATTERY,Battery level: 26.9%
7,UAV 2,Control Center,LOW_BATTERY,Battery level: 22.5%
7,UAV 4,Control Center,LOW_BATTERY,Battery level: 24.8%
7,UAV 8,Control Center,LOW_BATTERY,Battery level: 20.0%
7,UAV 9,Control Center,LOW_BATTERY,Battery level: 26.8%
8,UAV 1,Control Center,LOW_BATTERY,Battery level: 26.9%
8,UAV 2,Control Center,LOW_BATTERY,Battery level: 22.5%
8,UAV 4,Control Center,LOW_BATTERY,Battery level: 24.8%
8,UAV 8,Control Center,LOW_BATTERY,Battery level: 20.0%
8,UAV 9,Control Center,LOW_BATTERY,Battery level: 26.8%
9,Control Center,UAV 10,TASK_ASSIGNMENT,Assign task 16
9,Control Center,UAV 5,TASK_ASSIGNMENT,Assign task 4
9,UAV 5,Control Center,TASK_START,Start task 4
9,UAV 10,Control Center,TASK_START,Start task 16
9,UAV 1,Control Center,LOW_BATTERY,Battery level: 26.9%
9,UAV 2,Control Center,LOW_BATTERY,Battery level: 22.5%
9,UAV 4,Control Center,LOW_BATTERY,Battery level: 24.8%
9,UAV 8,Control Center,LOW_BATTERY,Battery level: 20.0%
9,UAV 9,Control Center,LOW_BATTERY,Battery level: 26.8%
10,Control Center,UAV 3,TASK_ASSIGNMENT,Assign task 50
10,UAV 3,Control Center,TASK_START,Start task 50
10,UAV 1,Control Center,LOW_BATTERY,Battery level: 26.9%
10,UAV 2,Control Center,LOW_BATTERY,Battery level: 22.5%
10,UAV 4,Control Center,LOW_BATTERY,Battery level: 24.8%
10,UAV 8,Control Center,LOW_BATTERY,Battery level: 20.0%
10,UAV 9,Control Center,LOW_BATTERY,Battery level: 26.8%
11,Control Center,UAV 6,TASK_ASSIGNMENT,Assign task 14
11,UAV 6,Control Center,TASK_START,Start task 14
11,UAV 1,Control Center,LOW_BATTERY,Battery level: 26.9%
11,UAV 2,Control Center,LOW_BATTERY,Battery level: 22.5%
11,UAV 4,Control Center,LOW_BATTERY,Battery level: 24.8%
11,UAV 8,Control Center,LOW_BATTERY,Battery level: 20.0%
11,UAV 9,Control Center,LOW_BATTERY,Battery level: 26.8%
12,UAV 1,Control Center,LOW_BATTERY,Battery level: 26.9%
12,UAV 2,Control Center,LOW_BATTERY,Battery level: 22.5%
12,UAV 4,Control Center,LOW_BATTERY,Battery level: 24.8%
12,UAV 8,Control Center,LOW_BATTERY,Battery level: 20.0%
12,UAV 9,Control Center,LOW_BATTERY,Battery level: 26.8%
13,UAV 1,Control Center,LOW_BATTERY,Battery level: 26.9%
13,UAV 2,Control Center,LOW_BATTERY,Battery level: 22.5%
13,UAV 4,Control Center,LOW_BATTERY,Battery level: 24.8%
13,UAV 8,Control Center,LOW_BATTERY,Battery level: 20.0%
13,UAV 9,Control Center,LOW_BATTERY,Battery level: 26.8%
14,UAV 1,Control Center,LOW_BATTERY,Battery level: 26.9%
14,UAV 2,Control Center,LOW_BATTERY,Battery level: 22.5%
14,UAV 4,Control Center,LOW_BATTERY,Battery level: 24.8%
14,UAV 8,Control Center,LOW_BATTERY,Battery level: 20.0%
14,UAV 9,Control Center,LOW_BATTERY,Battery level: 26.8%
15,UAV 1,Control Center,LOW_BATTERY,Battery level: 26.9%
15,UAV 2,Control Center,LOW_BATTERY,Battery level: 22.5%
15,UAV 4,Control Center,LOW_BATTERY,Battery level: 24.8%
15,UAV 8,Control Center,LOW_BATTERY,Battery level: 20.0%
15,UAV 9,Control Center,LOW_BATTERY,Battery level: 26.8%
16,UAV 1,Control Center,LOW_BATTERY,Battery level: 26.9%
16,UAV 2,Control Center,LOW_BATTERY,Battery level: 22.5%
16,UAV 4,Control Center,LOW_BATTERY,Battery level: 24.8%
16,UAV 8,Control Center,LOW_BATTERY,Battery level: 20.0%
16,UAV 9,Control Center,LOW_BATTERY,Battery level: 26.8%
17,UAV 1,Control Center,LOW_BATTERY,Battery level: 26.9%
17,UAV 2,Control Center,LOW_BATTERY,Battery level: 22.5%
17,UAV 4,Control Center,LOW_BATTERY,Battery level: 24.8%
17,UAV 5,Control Center,TASK_COMPLETE,Complete task 4
17,UAV 8,Control Center,LOW_BATTERY,Battery level: 20.0%
17,UAV 9,Control Center,LOW_BATTERY,Battery level: 26.8%
17,UAV 10,Control Center,TASK_COMPLETE,Complete task 16
18,UAV 1,Control Center,LOW_BATTERY,Battery level: 26.9%
18,UAV 2,Control Center,LOW_BATTERY,Battery level: 22.5%
18,UAV 3,Control Center,TASK_COMPLETE,Complete task 50
18,UAV 4,Control Center,LOW_BATTERY,Battery level: 24.8%
18,UAV 6,Control Center,TASK_COMPLETE,Complete task 14
18,UAV 8,Control Center,LOW_BATTERY,Battery level: 20.0%
18,UAV 9,Control Center,LOW_BATTERY,Battery level: 26.8%
19,Control Center,UAV 3,TASK_ASSIGNMENT,Assign task 15
19,UAV 3,Control Center,TASK_START,Start task 15
19,UAV 1,Control Center,LOW_BATTERY,Battery level: 26.9%
19,UAV 2,Control Center,LOW_BATTERY,Battery level: 22.5%
19,UAV 3,Control Center,LOW_BATTERY,Battery level: 28.4%
19,UAV 4,Control Center,LOW_BATTERY,Battery level: 24.8%
19,UAV 8,Control Center,LOW_BATTERY,Battery level: 20.0%
19,UAV 9,Control Center,LOW_BATTERY,Battery level: 26.8%
20,UAV 1,Control Center,LOW_BATTERY,Battery level: 26.9%
20,UAV 2,Control Center,LOW_BATTERY,Battery level: 22.5%
20,UAV 3,Control Center,TASK_COMPLETE,Complete task 15
20,UAV 3,Control Center,CHARGING_REQUEST,"Request charging, battery: 10.5%"
20,Control Center,AGV 4,CHARGING_COMMAND,Charge UAV 3
20,AGV 4,UAV 3,CHARGING_START,Start charging
20,UAV 4,Control Center,LOW_BATTERY,Battery level: 24.8%
20,UAV 8,Control Center,LOW_BATTERY,Battery level: 20.0%
20,UAV 9,Control Center,LOW_BATTERY,Battery level: 26.8%
21,UAV 1,Control Center,LOW_BATTERY,Battery level: 26.9%
21,UAV 2,Control Center,LOW_BATTERY,Battery level: 22.5%
21,UAV 4,Control Center,LOW_BATTERY,Battery level: 24.8%
21,UAV 8,Control Center,LOW_BATTERY,Battery level: 20.0%
21,UAV 9,Control Center,LOW_BATTERY,Battery level: 26.8%
22,UAV 1,Control Center,LOW_BATTERY,Battery level: 26.9%
22,UAV 2,Control Center,LOW_BATTERY,Battery level: 22.5%
22,UAV 4,Control Center,LOW_BATTERY,Battery level: 24.8%
22,UAV 8,Control Center,LOW_BATTERY,Battery level: 20.0%
22,UAV 9,Control Center,LOW_BATTERY,Battery level: 26.8%
23,UAV 1,Control Center,LOW_BATTERY,Battery level: 26.9%
23,UAV 2,Control Center,LOW_BATTERY,Battery level: 22.5%
23,UAV 4,Control Center,LOW_BATTERY,Battery level: 24.8%
23,UAV 8,Control Center,LOW_BATTERY,Battery level: 20.0%
23,UAV 9,Control Center,LOW_BATTERY,Battery level: 26.8%
24,UAV 1,Control Center,LOW_BATTERY,Battery level: 26.9%
24,UAV 2,Control Center,LOW_BATTERY,Battery level: 22.5%
24,UAV 4,Control Center,LOW_BATTERY,Battery level: 24.8%
24,UAV 8,Control Center,LOW_BATTERY,Battery level: 20.0%
24,UAV 9,Control Center,LOW_BATTERY,Battery level: 26.8%
25,UAV 1,Control Center,LOW_BATTERY,Battery level: 26.9%
25,UAV 2,Control Center,LOW_BATTERY,Battery level: 22.5%
25,UAV 4,Control Center,LOW_BATTERY,Battery level: 24.8%
25,UAV 8,Control Center,LOW_BATTERY,Battery level: 20.0%
25,UAV 9,Control Center,LOW_BATTERY,Battery level: 26.8%
26,UAV 1,Control Center,LOW_BATTERY,Battery level: 26.9%
26,UAV 2,Control Center,LOW_BATTERY,Battery level: 22.5%
26,UAV 4,Control Center,LOW_BATTERY,Battery level: 24.8%
26,UAV 8,Control Center,LOW_BATTERY,Battery level: 20.0%
26,UAV 9,Control Center,LOW_BATTERY,Battery level: 26.8%
27,UAV 1,Control Center,LOW_BATTERY,Battery level: 26.9%
27,UAV 2,Control Center,LOW_BATTERY,Battery level: 22.5%
27,UAV 4,Control Center,LOW_BATTERY,Battery level: 24.8%
27,UAV 8,Control Center,LOW_BATTERY,Battery level: 20.0%
27,UAV 9,Control Center,LOW_BATTERY,Battery level: 26.8%
28,Control Center,UAV 3,TASK_ASSIGNMENT,Assign task 12
28,UAV 3,Control Center,TASK_START,Start task 12
28,UAV 1,Control Center,LOW_BATTERY,Battery level: 26.9%
28,UAV 2,Control Center,LOW_BATTERY,Battery level: 22.5%
28,UAV 4,Control Center,LOW_BATTERY,Battery level: 24.8%
28,UAV 8,Control Center,LOW_BATTERY,Battery level: 20.0%
28,UAV 9,Control Center,LOW_BATTERY,Battery level: 26.8%
29,UAV 1,Control Center,LOW_BATTERY,Battery level: 26.9%
29,UAV 2,Control Center,LOW_BATTERY,Battery level: 22.5%
29,UAV 4,Control Center,LOW_BATTERY,Battery level: 24.8%
29,UAV 8,Control Center,LOW_BATTERY,Battery level: 20.0%
29,UAV 9,Control Center,LOW_BATTERY,Battery level: 26.8%
30,UAV 1,Control Center,LOW_BATTERY,Battery level: 26.9%
30,UAV 2,Control Center,LOW_BATTERY,Battery level: 22.5%
30,UAV 4,Control Center,LOW_BATTERY,Battery level: 24.8%
30,UAV 8,Control Center,LOW_BATTERY,Battery level: 20.0%
30,UAV 9,Control Center,LOW_BATTERY,Battery level: 26.8%
31,UAV 1,Control Center,LOW_BATTERY,Battery level: 26.9%
31,UAV 2,Control Center,LOW_BATTERY,Battery level: 22.5%
31,UAV 4,Control Center,LOW_BATTERY,Battery level: 24.8%
31,UAV 8,Control Center,LOW_BATTERY,Battery level: 20.0%
31,UAV 9,Control Center,LOW_BATTERY,Battery level: 26.8%
32,UAV 1,Control Center,LOW_BATTERY,Battery level: 26.9%
32,UAV 2,Control Center,LOW_BATTERY,Battery level: 22.5%
32,UAV 4,Control Center,LOW_BATTERY,Battery level: 24.8%
32,UAV 8,Control Center,LOW_BATTERY,Battery level: 20.0%
32,UAV 9,Control Center,LOW_BATTERY,Battery level: 26.8%
33,UAV 1,Control Center,LOW_BATTERY,Battery level: 26.9%
33,UAV 2,Control Center,LOW_BATTERY,Battery level: 22.5%
33,UAV 4,Control Center,LOW_BATTERY,Battery level: 24.8%
33,UAV 8,Control Center,LOW_BATTERY,Battery level: 20.0%
33,UAV 9,Control Center,LOW_BATTERY,Battery level: 26.8%
34,UAV 1,Control Center,LOW_BATTERY,Battery level: 26.9%
34,UAV 2,Control Center,LOW_BATTERY,Battery level: 22.5%
34,UAV 4,Control Center,LOW_BATTERY,Battery level: 24.8%
34,UAV 8,Control Center,LOW_BATTERY,Battery level: 20.0%
34,UAV 9,Control Center,LOW_BATTERY,Battery level: 26.8%
35,UAV 1,Control Center,LOW_BATTERY,Battery level: 26.9%
35,UAV 2,Control Center,LOW_BATTERY,Battery level: 22.5%
35,UAV 3,Control Center,TASK_COMPLETE,Complete task 12
35,UAV 4,Control Center,LOW_BATTERY,Battery level: 24.8%
35,UAV 8,Control Center,LOW_BATTERY,Battery level: 20.0%
35,UAV 9,Control Center,LOW_BATTERY,Battery level: 26.8%
36,UAV 1,Control Center,LOW_BATTERY,Battery level: 26.9%
36,UAV 2,Control Center,LOW_BATTERY,Battery level: 22.5%
36,UAV 4,Control Center,LOW_BATTERY,Battery level: 24.8%
36,UAV 8,Control Center,LOW_BATTERY,Battery level: 20.0%
36,UAV 9,Control Center,LOW_BATTERY,Battery level: 26.8%
37,UAV 1,Control Center,LOW_BATTERY,Battery level: 26.9%
37,UAV 2,Control Center,LOW_BATTERY,Battery level: 22.5%
37,UAV 4,Control Center,LOW_BATTERY,Battery level: 24.8%
37,UAV 8,Control Center,LOW_BATTERY,Battery level: 20.0%
37,UAV 9,Control Center,LOW_BATTERY,Battery level: 26.8%
38,UAV 1,Control Center,LOW_BATTERY,Battery level: 26.9%
38,UAV 2,Control Center,LOW_BATTERY,Battery level: 22.5%
38,UAV 4,Control Center,LOW_BATTERY,Battery level: 24.8%
38,UAV 8,Control Center,LOW_BATTERY,Battery level: 20.0%
38,UAV 9,Control Center,LOW_BATTERY,Battery level: 26.8%
39,UAV 1,Control Center,LOW_BATTERY,Battery level: 26.9%
39,UAV 2,Control Center,LOW_BATTERY,Battery level: 22.5%
39,UAV 4,Control Center,LOW_BATTERY,Battery level: 24.8%
39,UAV 8,Control Center,LOW_BATTERY,Battery level: 20.0%
39,UAV 9,Control Center,LOW_BATTERY,Battery level: 26.8%
40,UAV 1,Control Center,LOW_BATTERY,Battery level: 26.9%
40,UAV 2,Control Center,LOW_BATTERY,Battery level: 22.5%
40,UAV 4,Control Center,LOW_BATTERY,Battery level: 24.8%
40,UAV 8,Control Center,LOW_BATTERY,Battery level: 20.0%
40,UAV 9,Control Center,LOW_BATTERY,Battery level: 26.8%
41,UAV 1,Control Center,LOW_BATTERY,Battery level: 26.9%
41,UAV 2,Control Center,LOW_BATTERY,Battery level: 22.5%
41,UAV 4,Control Center,LOW_BATTERY,Battery level: 24.8%
41,UAV 8,Control Center,LOW_BATTERY,Battery level: 20.0%
41,UAV 9,Control Center,LOW_BATTERY,Battery level: 26.8%
42,UAV 1,Control Center,LOW_BATTERY,Battery level: 26.9%
42,UAV 2,Control Center,LOW_BATTERY,Battery level: 22.5%
42,UAV 4,Control Center,LOW_BATTERY,Battery level: 24.8%
42,UAV 8,Control Center,LOW_BATTERY,Battery level: 20.0%
42,UAV 9,Control Center,LOW_BATTERY,Battery level: 26.8%
43,UAV 1,Control Center,LOW_BATTERY,Battery level: 26.9%
43,UAV 2,Control Center,LOW_BATTERY,Battery level: 22.5%
43,UAV 4,Control Center,LOW_BATTERY,Battery level: 24.8%
43,UAV 8,Control Center,LOW_BATTERY,Battery level: 20.0%
43,UAV 9,Control Center,LOW_BATTERY,Battery level: 26.8%
44,UAV 1,Control Center,LOW_BATTERY,Battery level: 26.9%
44,UAV 2,Control Center,LOW_BATTERY,Battery level: 22.5%
44,UAV 4,Control Center,LOW_BATTERY,Battery level: 24.8%
44,UAV 8,Control Center,LOW_BATTERY,Battery level: 20.0%
44,UAV 9,Control Center,LOW_BATTERY,Battery level: 26.8%
45,UAV 1,Control Center,LOW_BATTERY,Battery level: 26.9%
45,UAV 2,Control Center,LOW_BATTERY,Battery level: 22.5%
45,UAV 4,Control Center,LOW_BATTERY,Battery level: 24.8%
45,UAV 8,Control Center,LOW_BATTERY,Battery level: 20.0%
45,UAV 9,Control Center,LOW_BATTERY,Battery level: 26.8%
46,UAV 1,Control Center,LOW_BATTERY,Battery level: 26.9%
46,UAV 2,Control Center,LOW_BATTERY,Battery level: 22.5%
46,UAV 4,Control Center,LOW_BATTERY,Battery level: 24.8%
46,UAV 8,Control Center,LOW_BATTERY,Battery level: 20.0%
46,UAV 9,Control Center,LOW_BATTERY,Battery level: 26.8%
47,UAV 1,Control Center,LOW_BATTERY,Battery level: 26.9%
47,UAV 2,Control Center,LOW_BATTERY,Battery level: 22.5%
47,UAV 4,Control Center,LOW_BATTERY,Battery level: 24.8%
47,UAV 8,Control Center,LOW_BATTERY,Battery level: 20.0%
47,UAV 9,Control Center,LOW_BATTERY,Battery level: 26.8%
48,UAV 1,Control Center,LOW_BATTERY,Battery level: 26.9%
48,UAV 2,Control Center,LOW_BATTERY,Battery level: 22.5%
48,UAV 4,Control Center,LOW_BATTERY,Battery level: 24.8%
48,UAV 8,Control Center,LOW_BATTERY,Battery level: 20.0%
48,UAV 9,Control Center,LOW_BATTERY,Battery level: 26.8%
49,UAV 1,Control Center,LOW_BATTERY,Battery level: 26.9%
49,UAV 2,Control Center,LOW_BATTERY,Battery level: 22.5%
49,UAV 4,Control Center,LOW_BATTERY,Battery level: 24.8%
49,UAV 8,Control Center,LOW_BATTERY,Battery level: 20.0%
49,UAV 9,Control Center,LOW_BATTERY,Battery level: 26.8%
50,UAV 1,Control Center,LOW_BATTERY,Battery level: 26.9%
50,UAV 2,Control Center,LOW_BATTERY,Battery level: 22.5%
50,UAV 4,Control Center,LOW_BATTERY,Battery level: 24.8%
50,UAV 8,Control Center,LOW_BATTERY,Battery level: 20.0%
50,UAV 9,Control Center,LOW_BATTERY,Battery level: 26.8%
51,UAV 1,Control Center,LOW_BATTERY,Battery level: 26.9%
51,UAV 2,Control Center,LOW_BATTERY,Battery level: 22.5%
51,UAV 4,Control Center,LOW_BATTERY,Battery level: 24.8%
51,UAV 8,Control Center,LOW_BATTERY,Battery level: 20.0%
51,UAV 9,Control Center,LOW_BATTERY,Battery level: 26.8%
52,UAV 1,Control Center,LOW_BATTERY,Battery level: 26.9%
52,UAV 2,Control Center,LOW_BATTERY,Battery level: 22.5%
52,UAV 4,Control Center,LOW_BATTERY,Battery level: 24.8%
52,UAV 8,Control Center,LOW_BATTERY,Battery level: 20.0%
52,UAV 9,Control Center,LOW_BATTERY,Battery level: 26.8%
53,UAV 1,Control Center,LOW_BATTERY,Battery level: 26.9%
53,UAV 2,Control Center,LOW_BATTERY,Battery level: 22.5%
53,UAV 4,Control Center,LOW_BATTERY,Battery level: 24.8%
53,UAV 8,Control Center,LOW_BATTERY,Battery level: 20.0%
53,UAV 9,Control Center,LOW_BATTERY,Battery level: 26.8%
54,UAV 1,Control Center,LOW_BATTERY,Battery level: 26.9%
54,UAV 2,Control Center,LOW_BATTERY,Battery level: 22.5%
54,UAV 4,Control Center,LOW_BATTERY,Battery level: 24.8%
54,UAV 8,Control Center,LOW_BATTERY,Battery level: 20.0%
54,UAV 9,Control Center,LOW_BATTERY,Battery level: 26.8%
55,UAV 1,Control Center,LOW_BATTERY,Battery level: 26.9%
55,UAV 2,Control Center,LOW_BATTERY,Battery level: 22.5%
55,UAV 4,Control Center,LOW_BATTERY,Battery level: 24.8%
55,UAV 8,Control Center,LOW_BATTERY,Battery level: 20.0%
55,UAV 9,Control Center,LOW_BATTERY,Battery level: 26.8%
56,UAV 1,Control Center,LOW_BATTERY,Battery level: 26.9%
56,UAV 2,Control Center,LOW_BATTERY,Battery level: 22.5%
56,UAV 4,Control Center,LOW_BATTERY,Battery level: 24.8%
56,UAV 8,Control Center,LOW_BATTERY,Battery level: 20.0%
56,UAV 9,Control Center,LOW_BATTERY,Battery level: 26.8%
57,UAV 1,Control Center,LOW_BATTERY,Battery level: 26.9%
57,UAV 2,Control Center,LOW_BATTERY,Battery level: 22.5%
57,UAV 4,Control Center,LOW_BATTERY,Battery level: 24.8%
57,UAV 8,Control Center,LOW_BATTERY,Battery level: 20.0%
57,UAV 9,Control Center,LOW_BATTERY,Battery level: 26.8%
58,UAV 1,Control Center,LOW_BATTERY,Battery level: 26.9%
58,UAV 2,Control Center,LOW_BATTERY,Battery level: 22.5%
58,UAV 4,Control Center,LOW_BATTERY,Battery level: 24.8%
58,UAV 8,Control Center,LOW_BATTERY,Battery level: 20.0%
58,UAV 9,Control Center,LOW_BATTERY,Battery level: 26.8%
59,UAV 1,Control Center,LOW_BATTERY,Battery level: 26.9%
59,UAV 2,Control Center,LOW_BATTERY,Battery level: 22.5%
59,UAV 4,Control Center,LOW_BATTERY,Battery level: 24.8%
59,UAV 8,Control Center,LOW_BATTERY,Battery level: 20.0%
59,UAV 9,Control Center,LOW_BATTERY,Battery level: 26.8%
60,UAV 1,Control Center,LOW_BATTERY,Battery level: 26.9%
60,UAV 2,Control Center,LOW_BATTERY,Battery level: 22.5%
60,UAV 4,Control Center,LOW_BATTERY,Battery level: 24.8%
60,UAV 8,Control Center,LOW_BATTERY,Battery level: 20.0%
60,UAV 9,Control Center,LOW_BATTERY,Battery level: 26.8%
61,UAV 1,Control Center,LOW_BATTERY,Battery level: 26.9%
61,UAV 2,Control Center,LOW_BATTERY,Battery level: 22.5%
61,UAV 4,Control Center,LOW_BATTERY,Battery level: 24.8%
61,UAV 8,Control Center,LOW_BATTERY,Battery level: 20.0%
61,UAV 9,Control Center,LOW_BATTERY,Battery level: 26.8%
62,UAV 1,Control Center,LOW_BATTERY,Battery level: 26.9%
62,UAV 2,Control Center,LOW_BATTERY,Battery level: 22.5%
62,UAV 4,Control Center,LOW_BATTERY,Battery level: 24.8%
62,UAV 8,Control Center,LOW_BATTERY,Battery level: 20.0%
62,UAV 9,Control Center,LOW_BATTERY,Battery level: 26.8%
63,UAV 1,Control Center,LOW_BATTERY,Battery level: 26.9%
63,UAV 2,Control Center,LOW_BATTERY,Battery level: 22.5%
63,UAV 4,Control Center,LOW_BATTERY,Battery level: 24.8%
63,UAV 8,Control Center,LOW_BATTERY,Battery level: 20.0%
63,UAV 9,Control Center,LOW_BATTERY,Battery level: 26.8%
64,UAV 1,Control Center,LOW_BATTERY,Battery level: 26.9%
64,UAV 2,Control Center,LOW_BATTERY,Battery level: 22.5%
64,UAV 4,Control Center,LOW_BATTERY,Battery level: 24.8%
64,UAV 8,Control Center,LOW_BATTERY,Battery level: 20.0%
64,UAV 9,Control Center,LOW_BATTERY,Battery level: 26.8%
65,UAV 1,Control Center,LOW_BATTERY,Battery level: 26.9%
65,UAV 2,Control Center,LOW_BATTERY,Battery level: 22.5%
65,UAV 4,Control Center,LOW_BATTERY,Battery level: 24.8%
65,UAV 8,Control Center,LOW_BATTERY,Battery level: 20.0%
65,UAV 9,Control Center,LOW_BATTERY,Battery level: 26.8%
66,UAV 1,Control Center,LOW_BATTERY,Battery level: 26.9%
66,UAV 2,Control Center,LOW_BATTERY,Battery level: 22.5%
66,UAV 4,Control Center,LOW_BATTERY,Battery level: 24.8%
66,UAV 8,Control Center,LOW_BATTERY,Battery level: 20.0%
66,UAV 9,Control Center,LOW_BATTERY,Battery level: 26.8%
67,UAV 1,Control Center,LOW_BATTERY,Battery level: 26.9%
67,UAV 2,Control Center,LOW_BATTERY,Battery level: 22.5%
67,UAV 4,Control Center,LOW_BATTERY,Battery level: 24.8%
67,UAV 8,Control Center,LOW_BATTERY,Battery level: 20.0%
67,UAV 9,Control Center,LOW_BATTERY,Battery level: 26.8%
68,UAV 1,Control Center,LOW_BATTERY,Battery level: 26.9%
68,UAV 2,Control Center,LOW_BATTERY,Battery level: 22.5%
68,UAV 4,Control Center,LOW_BATTERY,Battery level: 24.8%
68,UAV 8,Control Center,LOW_BATTERY,Battery level: 20.0%
68,UAV 9,Control Center,LOW_BATTERY,Battery level: 26.8%
69,UAV 1,Control Center,LOW_BATTERY,Battery level: 26.9%
69,UAV 2,Control Center,LOW_BATTERY,Battery level: 22.5%
69,UAV 4,Control Center,LOW_BATTERY,Battery level: 24.8%
69,UAV 8,Control Center,LOW_BATTERY,Battery level: 20.0%
69,UAV 9,Control Center,LOW_BATTERY,Battery level: 26.8%
70,UAV 1,Control Center,LOW_BATTERY,Battery level: 26.9%
70,UAV 2,Control Center,LOW_BATTERY,Battery level: 22.5%
70,UAV 4,Control Center,LOW_BATTERY,Battery level: 24.8%
70,UAV 8,Control Center,LOW_BATTERY,Battery level: 20.0%
70,UAV 9,Control Center,LOW_BATTERY,Battery level: 26.8%
71,UAV 1,Control Center,LOW_BATTERY,Battery level: 26.9%
71,UAV 2,Control Center,LOW_BATTERY,Battery level: 22.5%
71,UAV 4,Control Center,LOW_BATTERY,Battery level: 24.8%
71,UAV 8,Control Center,LOW_BATTERY,Battery level: 20.0%
71,UAV 9,Control Center,LOW_BATTERY,Battery level: 26.8%
72,UAV 1,Control Center,LOW_BATTERY,Battery level: 26.9%
72,UAV 2,Control Center,LOW_BATTERY,Battery level: 22.5%
72,UAV 4,Control Center,LOW_BATTERY,Battery level: 24.8%
72,UAV 8,Control Center,LOW_BATTERY,Battery level: 20.0%
72,UAV 9,Control Center,LOW_BATTERY,Battery level: 26.8%
73,UAV 1,Control Center,LOW_BATTERY,Battery level: 26.9%
73,UAV 2,Control Center,LOW_BATTERY,Battery level: 22.5%
73,UAV 4,Control Center,LOW_BATTERY,Battery level: 24.8%
73,UAV 8,Control Center,LOW_BATTERY,Battery level: 20.0%
73,UAV 9,Control Center,LOW_BATTERY,Battery level: 26.8%
74,UAV 1,Control Center,LOW_BATTERY,Battery level: 26.9%
74,UAV 2,Control Center,LOW_BATTERY,Battery level: 22.5%
74,UAV 4,Control Center,LOW_BATTERY,Battery level: 24.8%
74,UAV 8,Control Center,LOW_BATTERY,Battery level: 20.0%
74,UAV 9,Control Center,LOW_BATTERY,Battery level: 26.8%
75,UAV 1,Control Center,LOW_BATTERY,Battery level: 26.9%
75,UAV 2,Control Center,LOW_BATTERY,Battery level: 22.5%
75,UAV 4,Control Center,LOW_BATTERY,Battery level: 24.8%
75,UAV 8,Control Center,LOW_BATTERY,Battery level: 20.0%
75,UAV 9,Control Center,LOW_BATTERY,Battery level: 26.8%
76,UAV 1,Control Center,LOW_BATTERY,Battery level: 26.9%
76,UAV 2,Control Center,LOW_BATTERY,Battery level: 22.5%
76,UAV 4,Control Center,LOW_BATTERY,Battery level: 24.8%
76,UAV 8,Control Center,LOW_BATTERY,Battery level: 20.0%
76,UAV 9,Control Center,LOW_BATTERY,Battery level: 26.8%
77,UAV 1,Control Center,LOW_BATTERY,Battery level: 26.9%
77,UAV 2,Control Center,LOW_BATTERY,Battery level: 22.5%
77,UAV 4,Control Center,LOW_BATTERY,Battery level: 24.8%
77,UAV 8,Control Center,LOW_BATTERY,Battery level: 20.0%
77,UAV 9,Control Center,LOW_BATTERY,Battery level: 26.8%
78,UAV 1,Control Center,LOW_BATTERY,Battery level: 26.9%
78,UAV 2,Control Center,LOW_BATTERY,Battery level: 22.5%
78,UAV 4,Control Center,LOW_BATTERY,Battery level: 24.8%
78,UAV 8,Control Center,LOW_BATTERY,Battery level: 20.0%
78,UAV 9,Control Center,LOW_BATTERY,Battery level: 26.8%
79,UAV 1,Control Center,LOW_BATTERY,Battery level: 26.9%
79,UAV 2,Control Center,LOW_BATTERY,Battery level: 22.5%
79,UAV 4,Control Center,LOW_BATTERY,Battery level: 24.8%
79,UAV 8,Control Center,LOW_BATTERY,Battery level: 20.0%
79,UAV 9,Control Center,LOW_BATTERY,Battery level: 26.8%
80,UAV 1,Control Center,LOW_BATTERY,Battery level: 26.9%
80,UAV 2,Control Center,LOW_BATTERY,Battery level: 22.5%
80,UAV 4,Control Center,LOW_BATTERY,Battery level: 24.8%
80,UAV 8,Control Center,LOW_BATTERY,Battery level: 20.0%
80,UAV 9,Control Center,LOW_BATTERY,Battery level: 26.8%
81,UAV 1,Control Center,LOW_BATTERY,Battery level: 26.9%
81,UAV 2,Control Center,LOW_BATTERY,Battery level: 22.5%
81,UAV 4,Control Center,LOW_BATTERY,Battery level: 24.8%
81,UAV 8,Control Center,LOW_BATTERY,Battery level: 20.0%
81,UAV 9,Control Center,LOW_BATTERY,Battery level: 26.8%
82,UAV 1,Control Center,LOW_BATTERY,Battery level: 26.9%
82,UAV 2,Control Center,LOW_BATTERY,Battery level: 22.5%
82,UAV 4,Control Center,LOW_BATTERY,Battery level: 24.8%
82,UAV 8,Control Center,LOW_BATTERY,Battery level: 20.0%
82,UAV 9,Control Center,LOW_BATTERY,Battery level: 26.8%
83,UAV 1,Control Center,LOW_BATTERY,Battery level: 26.9%
83,UAV 2,Control Center,LOW_BATTERY,Battery level: 22.5%
83,UAV 4,Control Center,LOW_BATTERY,Battery level: 24.8%
83,UAV 8,Control Center,LOW_BATTERY,Battery level: 20.0%
83,UAV 9,Control Center,LOW_BATTERY,Battery level: 26.8%
84,UAV 1,Control Center,LOW_BATTERY,Battery level: 26.9%
84,UAV 2,Control Center,LOW_BATTERY,Battery level: 22.5%
84,UAV 4,Control Center,LOW_BATTERY,Battery level: 24.8%
84,UAV 8,Control Center,LOW_BATTERY,Battery level: 20.0%
84,UAV 9,Control Center,LOW_BATTERY,Battery level: 26.8%
85,UAV 1,Control Center,LOW_BATTERY,Battery level: 26.9%
85,UAV 2,Control Center,LOW_BATTERY,Battery level: 22.5%
85,UAV 4,Control Center,LOW_BATTERY,Battery level: 24.8%
85,UAV 8,Control Center,LOW_BATTERY,Battery level: 20.0%
85,UAV 9,Control Center,LOW_BATTERY,Battery level: 26.8%
86,UAV 1,Control Center,LOW_BATTERY,Battery level: 26.9%
86,UAV 2,Control Center,LOW_BATTERY,Battery level: 22.5%
86,UAV 4,Control Center,LOW_BATTERY,Battery level: 24.8%
86,UAV 8,Control Center,LOW_BATTERY,Battery level: 20.0%
86,UAV 9,Control Center,LOW_BATTERY,Battery level: 26.8%
87,UAV 1,Control Center,LOW_BATTERY,Battery level: 26.9%
87,UAV 2,Control Center,LOW_BATTERY,Battery level: 22.5%
87,UAV 4,Control Center,LOW_BATTERY,Battery level: 24.8%
87,UAV 8,Control Center,LOW_BATTERY,Battery level: 20.0%
87,UAV 9,Control Center,LOW_BATTERY,Battery level: 26.8%
88,UAV 1,Control Center,LOW_BATTERY,Battery level: 26.9%
88,UAV 2,Control Center,LOW_BATTERY,Battery level: 22.5%
88,UAV 4,Control Center,LOW_BATTERY,Battery level: 24.8%
88,UAV 8,Control Center,LOW_BATTERY,Battery level: 20.0%
88,UAV 9,Control Center,LOW_BATTERY,Battery level: 26.8%
89,UAV 1,Control Center,LOW_BATTERY,Battery level: 26.9%
89,UAV 2,Control Center,LOW_BATTERY,Battery level: 22.5%
89,UAV 4,Control Center,LOW_BATTERY,Battery level: 24.8%
89,UAV 8,Control Center,LOW_BATTERY,Battery level: 20.0%
89,UAV 9,Control Center,LOW_BATTERY,Battery level: 26.8%
90,UAV 1,Control Center,LOW_BATTERY,Battery level: 26.9%
90,UAV 2,Control Center,LOW_BATTERY,Battery level: 22.5%
90,UAV 4,Control Center,LOW_BATTERY,Battery level: 24.8%
90,UAV 8,Control Center,LOW_BATTERY,Battery level: 20.0%
90,UAV 9,Control Center,LOW_BATTERY,Battery level: 26.8%
91,UAV 1,Control Center,LOW_BATTERY,Battery level: 26.9%
91,UAV 2,Control Center,LOW_BATTERY,Battery level: 22.5%
91,UAV 4,Control Center,LOW_BATTERY,Battery level: 24.8%
91,UAV 8,Control Center,LOW_BATTERY,Battery level: 20.0%
91,UAV 9,Control Center,LOW_BATTERY,Battery level: 26.8%
92,UAV 1,Control Center,LOW_BATTERY,Battery level: 26.9%
92,UAV 2,Control Center,LOW_BATTERY,Battery level: 22.5%
92,UAV 4,Control Center,LOW_BATTERY,Battery level: 24.8%
92,UAV 8,Control Center,LOW_BATTERY,Battery level: 20.0%
92,UAV 9,Control Center,LOW_BATTERY,Battery level: 26.8%
93,UAV 1,Control Center,LOW_BATTERY,Battery level: 26.9%
93,UAV 2,Control Center,LOW_BATTERY,Battery level: 22.5%
93,UAV 4,Control Center,LOW_BATTERY,Battery level: 24.8%
93,UAV 8,Control Center,LOW_BATTERY,Battery level: 20.0%
93,UAV 9,Control Center,LOW_BATTERY,Battery level: 26.8%
94,UAV 1,Control Center,LOW_BATTERY,Battery level: 26.9%
94,UAV 2,Control Center,LOW_BATTERY,Battery level: 22.5%
94,UAV 4,Control Center,LOW_BATTERY,Battery level: 24.8%
94,UAV 8,Control Center,LOW_BATTERY,Battery level: 20.0%
94,UAV 9,Control Center,LOW_BATTERY,Battery level: 26.8%
95,UAV 1,Control Center,LOW_BATTERY,Battery level: 26.9%
95,UAV 2,Control Center,LOW_BATTERY,Battery level: 22.5%
95,UAV 4,Control Center,LOW_BATTERY,Battery level: 24.8%
95,UAV 8,Control Center,LOW_BATTERY,Battery level: 20.0%
95,UAV 9,Control Center,LOW_BATTERY,Battery level: 26.8%
96,UAV 1,Control Center,LOW_BATTERY,Battery level: 26.9%
96,UAV 2,Control Center,LOW_BATTERY,Battery level: 22.5%
96,UAV 4,Control Center,LOW_BATTERY,Battery level: 24.8%
96,UAV 8,Control Center,LOW_BATTERY,Battery level: 20.0%
96,UAV 9,Control Center,LOW_BATTERY,Battery level: 26.8%
97,UAV 1,Control Center,LOW_BATTERY,Battery level: 26.9%
97,UAV 2,Control Center,LOW_BATTERY,Battery level: 22.5%
97,UAV 4,Control Center,LOW_BATTERY,Battery level: 24.8%
97,UAV 8,Control Center,LOW_BATTERY,Battery level: 20.0%
97,UAV 9,Control Center,LOW_BATTERY,Battery level: 26.8%
98,UAV 1,Control Center,LOW_BATTERY,Battery level: 26.9%
98,UAV 2,Control Center,LOW_BATTERY,Battery level: 22.5%
98,UAV 4,Control Center,LOW_BATTERY,Battery level: 24.8%
98,UAV 8,Control Center,LOW_BATTERY,Battery level: 20.0%
98,UAV 9,Control Center,LOW_BATTERY,Battery level: 26.8%
99,UAV 1,Control Center,LOW_BATTERY,Battery level: 26.9%
99,UAV 2,Control Center,LOW_BATTERY,Battery level: 22.5%
99,UAV 4,Control Center,LOW_BATTERY,Battery level: 24.8%
99,UAV 8,Control Center,LOW_BATTERY,Battery level: 20.0%
99,UAV 9,Control Center,LOW_BATTERY,Battery level: 26.8%
100,UAV 1,Control Center,LOW_BATTERY,Battery level: 26.9%
100,UAV 2,Control Center,LOW_BATTERY,Battery level: 22.5%
100,UAV 4,Control Center,LOW_BATTERY,Battery level: 24.8%
100,UAV 8,Control Center,LOW_BATTERY,Battery level: 20.0%
100,UAV 9,Control Center,LOW_BATTERY,Battery level: 26.8%
101,UAV 1,Control Center,LOW_BATTERY,Battery level: 26.9%
101,UAV 2,Control Center,LOW_BATTERY,Battery level: 22.5%
101,UAV 4,Control Center,LOW_BATTERY,Battery level: 24.8%
101,UAV 8,Control Center,LOW_BATTERY,Battery level: 20.0%
101,UAV 9,Control Center,LOW_BATTERY,Battery level: 26.8%
102,UAV 1,Control Center,LOW_BATTERY,Battery level: 26.9%
102,UAV 2,Control Center,LOW_BATTERY,Battery level: 22.5%
102,UAV 4,Control Center,LOW_BATTERY,Battery level: 24.8%
102,UAV 8,Control Center,LOW_BATTERY,Battery level: 20.0%
102,UAV 9,Control Center,LOW_BATTERY,Battery level: 26.8%
103,UAV 1,Control Center,LOW_BATTERY,Battery level: 26.9%
103,UAV 2,Control Center,LOW_BATTERY,Battery level: 22.5%
103,UAV 4,Control Center,LOW_BATTERY,Battery level: 24.8%
103,UAV 8,Control Center,LOW_BATTERY,Battery level: 20.0%
103,UAV 9,Control Center,LOW_BATTERY,Battery level: 26.8%
104,UAV 1,Control Center,LOW_BATTERY,Battery level: 26.9%
104,UAV 2,Control Center,LOW_BATTERY,Battery level: 22.5%
104,UAV 4,Control Center,LOW_BATTERY,Battery level: 24.8%
104,UAV 8,Control Center,LOW_BATTERY,Battery level: 20.0%
104,UAV 9,Control Center,LOW_BATTERY,Battery level: 26.8%
105,UAV 1,Control Center,LOW_BATTERY,Battery level: 26.9%
105,UAV 2,Control Center,LOW_BATTERY,Battery level: 22.5%
105,UAV 4,Control Center,LOW_BATTERY,Battery level: 24.8%
105,UAV 8,Control Center,LOW_BATTERY,Battery level: 20.0%
105,UAV 9,Control Center,LOW_BATTERY,Battery level: 26.8%
106,UAV 1,Control Center,LOW_BATTERY,Battery level: 26.9%
106,UAV 2,Control Center,LOW_BATTERY,Battery level: 22.5%
106,UAV 4,Control Center,LOW_BATTERY,Battery level: 24.8%
106,UAV 8,Control Center,LOW_BATTERY,Battery level: 20.0%
106,UAV 9,Control Center,LOW_BATTERY,Battery level: 26.8%
107,UAV 1,Control Center,LOW_BATTERY,Battery level: 26.9%
107,UAV 2,Control Center,LOW_BATTERY,Battery level: 22.5%
107,UAV 4,Control Center,LOW_BATTERY,Battery level: 24.8%
107,UAV 8,Control Center,LOW_BATTERY,Battery level: 20.0%
107,UAV 9,Control Center,LOW_BATTERY,Battery level: 26.8%
108,UAV 1,Control Center,LOW_BATTERY,Battery level: 26.9%
108,UAV 2,Control Center,LOW_BATTERY,Battery level: 22.5%
108,UAV 4,Control Center,LOW_BATTERY,Battery level: 24.8%
108,UAV 8,Control Center,LOW_BATTERY,Battery level: 20.0%
108,UAV 9,Control Center,LOW_BATTERY,Battery level: 26.8%
109,UAV 1,Control Center,LOW_BATTERY,Battery level: 26.9%
109,UAV 2,Control Center,LOW_BATTERY,Battery level: 22.5%
109,UAV 4,Control Center,LOW_BATTERY,Battery level: 24.8%
109,UAV 8,Control Center,LOW_BATTERY,Battery level: 20.0%
109,UAV 9,Control Center,LOW_BATTERY,Battery level: 26.8%
110,UAV 1,Control Center,LOW_BATTERY,Battery level: 26.9%
110,UAV 2,Control Center,LOW_BATTERY,Battery level: 22.5%
110,UAV 4,Control Center,LOW_BATTERY,Battery level: 24.8%
110,UAV 8,Control Center,LOW_BATTERY,Battery level: 20.0%
110,UAV 9,Control Center,LOW_BATTERY,Battery level: 26.8%
111,UAV 1,Control Center,LOW_BATTERY,Battery level: 26.9%
111,UAV 2,Control Center,LOW_BATTERY,Battery level: 22.5%
111,UAV 4,Control Center,LOW_BATTERY,Battery level: 24.8%
111,UAV 8,Control Center,LOW_BATTERY,Battery level: 20.0%
111,UAV 9,Control Center,LOW_BATTERY,Battery level: 26.8%
112,UAV 1,Control Center,LOW_BATTERY,Battery level: 26.9%
112,UAV 2,Control Center,LOW_BATTERY,Battery level: 22.5%
112,UAV 4,Control Center,LOW_BATTERY,Battery level: 24.8%
112,UAV 8,Control Center,LOW_BATTERY,Battery level: 20.0%
112,UAV 9,Control Center,LOW_BATTERY,Battery level: 26.8%
113,UAV 1,Control Center,LOW_BATTERY,Battery level: 26.9%
113,UAV 2,Control Center,LOW_BATTERY,Battery level: 22.5%
113,UAV 4,Control Center,LOW_BATTERY,Battery level: 24.8%
113,UAV 8,Control Center,LOW_BATTERY,Battery level: 20.0%
113,UAV 9,Control Center,LOW_BATTERY,Battery level: 26.8%
114,UAV 1,Control Center,LOW_BATTERY,Battery level: 26.9%
114,UAV 2,Control Center,LOW_BATTERY,Battery level: 22.5%
114,UAV 4,Control Center,LOW_BATTERY,Battery level: 24.8%
114,UAV 8,Control Center,LOW_BATTERY,Battery level: 20.0%
114,UAV 9,Control Center,LOW_BATTERY,Battery level: 26.8%
115,UAV 1,Control Center,LOW_BATTERY,Battery level: 26.9%
115,UAV 2,Control Center,LOW_BATTERY,Battery level: 22.5%
115,UAV 4,Control Center,LOW_BATTERY,Battery level: 24.8%
115,UAV 8,Control Center,LOW_BATTERY,Battery level: 20.0%
115,UAV 9,Control Center,LOW_BATTERY,Battery level: 26.8%
116,UAV 1,Control Center,LOW_BATTERY,Battery level: 26.9%
116,UAV 2,Control Center,LOW_BATTERY,Battery level: 22.5%
116,UAV 4,Control Center,LOW_BATTERY,Battery level: 24.8%
116,UAV 8,Control Center,LOW_BATTERY,Battery level: 20.0%
116,UAV 9,Control Center,LOW_BATTERY,Battery level: 26.8%
117,UAV 1,Control Center,LOW_BATTERY,Battery level: 26.9%
117,UAV 2,Control Center,LOW_BATTERY,Battery level: 22.5%
117,UAV 4,Control Center,LOW_BATTERY,Battery level: 24.8%
117,UAV 8,Control Center,LOW_BATTERY,Battery level: 20.0%
117,UAV 9,Control Center,LOW_BATTERY,Battery level: 26.8%
118,UAV 1,Control Center,LOW_BATTERY,Battery level: 26.9%
118,UAV 2,Control Center,LOW_BATTERY,Battery level: 22.5%
118,UAV 4,Control Center,LOW_BATTERY,Battery level: 24.8%
118,UAV 8,Control Center,LOW_BATTERY,Battery level: 20.0%
118,UAV 9,Control Center,LOW_BATTERY,Battery level: 26.8%
119,UAV 1,Control Center,LOW_BATTERY,Battery level: 26.9%
119,UAV 2,Control Center,LOW_BATTERY,Battery level: 22.5%
119,UAV 4,Control Center,LOW_BATTERY,Battery level: 24.8%
119,UAV 8,Control Center,LOW_BATTERY,Battery level: 20.0%
119,UAV 9,Control Center,LOW_BATTERY,Battery level: 26.8%
120,UAV 1,Control Center,LOW_BATTERY,Battery level: 26.9%
120,UAV 2,Control Center,LOW_BATTERY,Battery level: 22.5%
120,UAV 4,Control Center,LOW_BATTERY,Battery level: 24.8%
120,UAV 8,Control Center,LOW_BATTERY,Battery level: 20.0%
120,UAV 9,Control Center,LOW_BATTERY,Battery level: 26.8%
121,UAV 1,Control Center,LOW_BATTERY,Battery level: 26.9%
121,UAV 2,Control Center,LOW_BATTERY,Battery level: 22.5%
121,UAV 4,Control Center,LOW_BATTERY,Battery level: 24.8%
121,UAV 8,Control Center,LOW_BATTERY,Battery level: 20.0%
121,UAV 9,Control Center,LOW_BATTERY,Battery level: 26.8%
122,UAV 1,Control Center,LOW_BATTERY,Battery level: 26.9%
122,UAV 2,Control Center,LOW_BATTERY,Battery level: 22.5%
122,UAV 4,Control Center,LOW_BATTERY,Battery level: 24.8%
122,UAV 8,Control Center,LOW_BATTERY,Battery level: 20.0%
122,UAV 9,Control Center,LOW_BATTERY,Battery level: 26.8%
123,UAV 1,Control Center,LOW_BATTERY,Battery level: 26.9%
123,UAV 2,Control Center,LOW_BATTERY,Battery level: 22.5%
123,UAV 4,Control Center,LOW_BATTERY,Battery level: 24.8%
123,UAV 8,Control Center,LOW_BATTERY,Battery level: 20.0%
123,UAV 9,Control Center,LOW_BATTERY,Battery level: 26.8%
124,UAV 1,Control Center,LOW_BATTERY,Battery level: 26.9%
124,UAV 2,Control Center,LOW_BATTERY,Battery level: 22.5%
124,UAV 4,Control Center,LOW_BATTERY,Battery level: 24.8%
124,UAV 8,Control Center,LOW_BATTERY,Battery level: 20.0%
124,UAV 9,Control Center,LOW_BATTERY,Battery level: 26.8%
125,UAV 1,Control Center,LOW_BATTERY,Battery level: 26.9%
125,UAV 2,Control Center,LOW_BATTERY,Battery level: 22.5%
125,UAV 4,Control Center,LOW_BATTERY,Battery level: 24.8%
125,UAV 8,Control Center,LOW_BATTERY,Battery level: 20.0%
125,UAV 9,Control Center,LOW_BATTERY,Battery level: 26.8%
126,UAV 1,Control Center,LOW_BATTERY,Battery level: 26.9%
126,UAV 2,Control Center,LOW_BATTERY,Battery level: 22.5%
126,UAV 4,Control Center,LOW_BATTERY,Battery level: 24.8%
126,UAV 8,Control Center,LOW_BATTERY,Battery level: 20.0%
126,UAV 9,Control Center,LOW_BATTERY,Battery level: 26.8%
127,UAV 1,Control Center,LOW_BATTERY,Battery level: 26.9%
127,UAV 2,Control Center,LOW_BATTERY,Battery level: 22.5%
127,UAV 4,Control Center,LOW_BATTERY,Battery level: 24.8%
127,UAV 8,Control Center,LOW_BATTERY,Battery level: 20.0%
127,UAV 9,Control Center,LOW_BATTERY,Battery level: 26.8%
128,UAV 1,Control Center,LOW_BATTERY,Battery level: 26.9%
128,UAV 2,Control Center,LOW_BATTERY,Battery level: 22.5%
128,UAV 4,Control Center,LOW_BATTERY,Battery level: 24.8%
128,UAV 8,Control Center,LOW_BATTERY,Battery level: 20.0%
128,UAV 9,Control Center,LOW_BATTERY,Battery level: 26.8%
129,UAV 1,Control Center,LOW_BATTERY,Battery level: 26.9%
129,UAV 2,Control Center,LOW_BATTERY,Battery level: 22.5%
129,UAV 4,Control Center,LOW_BATTERY,Battery level: 24.8%
129,UAV 8,Control Center,LOW_BATTERY,Battery level: 20.0%
129,UAV 9,Control Center,LOW_BATTERY,Battery level: 26.8%
130,UAV 1,Control Center,LOW_BATTERY,Battery level: 26.9%
130,UAV 2,Control Center,LOW_BATTERY,Battery level: 22.5%
130,UAV 4,Control Center,LOW_BATTERY,Battery level: 24.8%
130,UAV 8,Control Center,LOW_BATTERY,Battery level: 20.0%
130,UAV 9,Control Center,LOW_BATTERY,Battery level: 26.8%
131,UAV 1,Control Center,LOW_BATTERY,Battery level: 26.9%
131,UAV 2,Control Center,LOW_BATTERY,Battery level: 22.5%
131,UAV 4,Control Center,LOW_BATTERY,Battery level: 24.8%
131,UAV 8,Control Center,LOW_BATTERY,Battery level: 20.0%
131,UAV 9,Control Center,LOW_BATTERY,Battery level: 26.8%
132,UAV 1,Control Center,LOW_BATTERY,Battery level: 26.9%
132,UAV 2,Control Center,LOW_BATTERY,Battery level: 22.5%
132,UAV 4,Control Center,LOW_BATTERY,Battery level: 24.8%
132,UAV 8,Control Center,LOW_BATTERY,Battery level: 20.0%
132,UAV 9,Control Center,LOW_BATTERY,Battery level: 26.8%
133,UAV 1,Control Center,LOW_BATTERY,Battery level: 26.9%
133,UAV 2,Control Center,LOW_BATTERY,Battery level: 22.5%
133,UAV 4,Control Center,LOW_BATTERY,Battery level: 24.8%
133,UAV 8,Control Center,LOW_BATTERY,Battery level: 20.0%
133,UAV 9,Control Center,LOW_BATTERY,Battery level: 26.8%
134,UAV 1,Control Center,LOW_BATTERY,Battery level: 26.9%
134,UAV 2,Control Center,LOW_BATTERY,Battery level: 22.5%
134,UAV 4,Control Center,LOW_BATTERY,Battery level: 24.8%
134,UAV 8,Control Center,LOW_BATTERY,Battery level: 20.0%
134,UAV 9,Control Center,LOW_BATTERY,Battery level: 26.8%
135,UAV 1,Control Center,LOW_BATTERY,Battery level: 26.9%
135,UAV 2,Control Center,LOW_BATTERY,Battery level: 22.5%
135,UAV 4,Control Center,LOW_BATTERY,Battery level: 24.8%
135,UAV 8,Control Center,LOW_BATTERY,Battery level: 20.0%
135,UAV 9,Control Center,LOW_BATTERY,Battery level: 26.8%
136,UAV 1,Control Center,LOW_BATTERY,Battery level: 26.9%
136,UAV 2,Control Center,LOW_BATTERY,Battery level: 22.5%
136,UAV 4,Control Center,LOW_BATTERY,Battery level: 24.8%
136,UAV 8,Control Center,LOW_BATTERY,Battery level: 20.0%
136,UAV 9,Control Center,LOW_BATTERY,Battery level: 26.8%
137,UAV 1,Control Center,LOW_BATTERY,Battery level: 26.9%
137,UAV 2,Control Center,LOW_BATTERY,Battery level: 22.5%
137,UAV 4,Control Center,LOW_BATTERY,Battery level: 24.8%
137,UAV 8,Control Center,LOW_BATTERY,Battery level: 20.0%
137,UAV 9,Control Center,LOW_BATTERY,Battery level: 26.8%
138,UAV 1,Control Center,LOW_BATTERY,Battery level: 26.9%
138,UAV 2,Control Center,LOW_BATTERY,Battery level: 22.5%
138,UAV 4,Control Center,LOW_BATTERY,Battery level: 24.8%
138,UAV 8,Control Center,LOW_BATTERY,Battery level: 20.0%
138,UAV 9,Control Center,LOW_BATTERY,Battery level: 26.8%
139,UAV 1,Control Center,LOW_BATTERY,Battery level: 26.9%
139,UAV 2,Control Center,LOW_BATTERY,Battery level: 22.5%
139,UAV 4,Control Center,LOW_BATTERY,Battery level: 24.8%
139,UAV 8,Control Center,LOW_BATTERY,Battery level: 20.0%
139,UAV 9,Control Center,LOW_BATTERY,Battery level: 26.8%
140,UAV 1,Control Center,LOW_BATTERY,Battery level: 26.9%
140,UAV 2,Control Center,LOW_BATTERY,Battery level: 22.5%
140,UAV 4,Control Center,LOW_BATTERY,Battery level: 24.8%
140,UAV 8,Control Center,LOW_BATTERY,Battery level: 20.0%
140,UAV 9,Control Center,LOW_BATTERY,Battery level: 26.8%
141,UAV 1,Control Center,LOW_BATTERY,Battery level: 26.9%
141,UAV 2,Control Center,LOW_BATTERY,Battery level: 22.5%
141,UAV 4,Control Center,LOW_BATTERY,Battery level: 24.8%
141,UAV 8,Control Center,LOW_BATTERY,Battery level: 20.0%
141,UAV 9,Control Center,LOW_BATTERY,Battery level: 26.8%
142,UAV 1,Control Center,LOW_BATTERY,Battery level: 26.9%
142,UAV 2,Control Center,LOW_BATTERY,Battery level: 22.5%
142,UAV 4,Control Center,LOW_BATTERY,Battery level: 24.8%
142,UAV 8,Control Center,LOW_BATTERY,Battery level: 20.0%
142,UAV 9,Control Center,LOW_BATTERY,Battery level: 26.8%
143,UAV 1,Control Center,LOW_BATTERY,Battery level: 26.9%
143,UAV 2,Control Center,LOW_BATTERY,Battery level: 22.5%
143,UAV 4,Control Center,LOW_BATTERY,Battery level: 24.8%
143,UAV 8,Control Center,LOW_BATTERY,Battery level: 20.0%
143,UAV 9,Control Center,LOW_BATTERY,Battery level: 26.8%
144,UAV 1,Control Center,LOW_BATTERY,Battery level: 26.9%
144,UAV 2,Control Center,LOW_BATTERY,Battery level: 22.5%
144,UAV 4,Control Center,LOW_BATTERY,Battery level: 24.8%
144,UAV 8,Control Center,LOW_BATTERY,Battery level: 20.0%
144,UAV 9,Control Center,LOW_BATTERY,Battery level: 26.8%
145,UAV 1,Control Center,LOW_BATTERY,Battery level: 26.9%
145,UAV 2,Control Center,LOW_BATTERY,Battery level: 22.5%
145,UAV 4,Control Center,LOW_BATTERY,Battery level: 24.8%
145,UAV 8,Control Center,LOW_BATTERY,Battery level: 20.0%
145,UAV 9,Control Center,LOW_BATTERY,Battery level: 26.8%
146,UAV 1,Control Center,LOW_BATTERY,Battery level: 26.9%
146,UAV 2,Control Center,LOW_BATTERY,Battery level: 22.5%
146,UAV 4,Control Center,LOW_BATTERY,Battery level: 24.8%
146,UAV 8,Control Center,LOW_BATTERY,Battery level: 20.0%
146,UAV 9,Control Center,LOW_BATTERY,Battery level: 26.8%
147,UAV 1,Control Center,LOW_BATTERY,Battery level: 26.9%
147,UAV 2,Control Center,LOW_BATTERY,Battery level: 22.5%
147,UAV 4,Control Center,LOW_BATTERY,Battery level: 24.8%
147,UAV 8,Control Center,LOW_BATTERY,Battery level: 20.0%
147,UAV 9,Control Center,LOW_BATTERY,Battery level: 26.8%
148,UAV 1,Control Center,LOW_BATTERY,Battery level: 26.9%
148,UAV 2,Control Center,LOW_BATTERY,Battery level: 22.5%
148,UAV 4,Control Center,LOW_BATTERY,Battery level: 24.8%
148,UAV 8,Control Center,LOW_BATTERY,Battery level: 20.0%
148,UAV 9,Control Center,LOW_BATTERY,Battery level: 26.8%
149,UAV 1,Control Center,LOW_BATTERY,Battery level: 26.9%
149,UAV 2,Control Center,LOW_BATTERY,Battery level: 22.5%
149,UAV 4,Control Center,LOW_BATTERY,Battery level: 24.8%
149,UAV 8,Control Center,LOW_BATTERY,Battery level: 20.0%
149,UAV 9,Control Center,LOW_BATTERY,Battery level: 26.8%
150,UAV 1,Control Center,LOW_BATTERY,Battery level: 26.9%
150,UAV 2,Control Center,LOW_BATTERY,Battery level: 22.5%
150,UAV 4,Control Center,LOW_BATTERY,Battery level: 24.8%
150,UAV 8,Control Center,LOW_BATTERY,Battery level: 20.0%
150,UAV 9,Control Center,LOW_BATTERY,Battery level: 26.8%
151,UAV 1,Control Center,LOW_BATTERY,Battery level: 26.9%
151,UAV 2,Control Center,LOW_BATTERY,Battery level: 22.5%
151,UAV 4,Control Center,LOW_BATTERY,Battery level: 24.8%
151,UAV 8,Control Center,LOW_BATTERY,Battery level: 20.0%
151,UAV 9,Control Center,LOW_BATTERY,Battery level: 26.8%
152,UAV 1,Control Center,LOW_BATTERY,Battery level: 26.9%
152,UAV 2,Control Center,LOW_BATTERY,Battery level: 22.5%
152,UAV 4,Control Center,LOW_BATTERY,Battery level: 24.8%
152,UAV 8,Control Center,LOW_BATTERY,Battery level: 20.0%
152,UAV 9,Control Center,LOW_BATTERY,Battery level: 26.8%
153,UAV 1,Control Center,LOW_BATTERY,Battery level: 26.9%
153,UAV 2,Control Center,LOW_BATTERY,Battery level: 22.5%
153,UAV 4,Control Center,LOW_BATTERY,Battery level: 24.8%
153,UAV 8,Control Center,LOW_BATTERY,Battery level: 20.0%
153,UAV 9,Control Center,LOW_BATTERY,Battery level: 26.8%
154,UAV 1,Control Center,LOW_BATTERY,Battery level: 26.9%
154,UAV 2,Control Center,LOW_BATTERY,Battery level: 22.5%
154,UAV 4,Control Center,LOW_BATTERY,Battery level: 24.8%
154,UAV 8,Control Center,LOW_BATTERY,Battery level: 20.0%
154,UAV 9,Control Center,LOW_BATTERY,Battery level: 26.8%
155,UAV 1,Control Center,LOW_BATTERY,Battery level: 26.9%
155,UAV 2,Control Center,LOW_BATTERY,Battery level: 22.5%
155,UAV 4,Control Center,LOW_BATTERY,Battery level: 24.8%
155,UAV 8,Control Center,LOW_BATTERY,Battery level: 20.0%
155,UAV 9,Control Center,LOW_BATTERY,Battery level: 26.8%
156,UAV 1,Control Center,LOW_BATTERY,Battery level: 26.9%
156,UAV 2,Control Center,LOW_BATTERY,Battery level: 22.5%
156,UAV 4,Control Center,LOW_BATTERY,Battery level: 24.8%
156,UAV 8,Control Center,LOW_BATTERY,Battery level: 20.0%
156,UAV 9,Control Center,LOW_BATTERY,Battery level: 26.8%
157,UAV 1,Control Center,LOW_BATTERY,Battery level: 26.9%
157,UAV 2,Control Center,LOW_BATTERY,Battery level: 22.5%
157,UAV 4,Control Center,LOW_BATTERY,Battery level: 24.8%
157,UAV 8,Control Center,LOW_BATTERY,Battery level: 20.0%
157,UAV 9,Control Center,LOW_BATTERY,Battery level: 26.8%
158,UAV 1,Control Center,LOW_BATTERY,Battery level: 26.9%
158,UAV 2,Control Center,LOW_BATTERY,Battery level: 22.5%
158,UAV 4,Control Center,LOW_BATTERY,Battery level: 24.8%
158,UAV 8,Control Center,LOW_BATTERY,Battery level: 20.0%
158,UAV 9,Control Center,LOW_BATTERY,Battery level: 26.8%
159,UAV 1,Control Center,LOW_BATTERY,Battery level: 26.9%
159,UAV 2,Control Center,LOW_BATTERY,Battery level: 22.5%
159,UAV 4,Control Center,LOW_BATTERY,Battery level: 24.8%
159,UAV 8,Control Center,LOW_BATTERY,Battery level: 20.0%
159,UAV 9,Control Center,LOW_BATTERY,Battery level: 26.8%
160,UAV 1,Control Center,LOW_BATTERY,Battery level: 26.9%
160,UAV 2,Control Center,LOW_BATTERY,Battery level: 22.5%
160,UAV 4,Control Center,LOW_BATTERY,Battery level: 24.8%
160,UAV 8,Control Center,LOW_BATTERY,Battery level: 20.0%
160,UAV 9,Control Center,LOW_BATTERY,Battery level: 26.8%
161,UAV 1,Control Center,LOW_BATTERY,Battery level: 26.9%
161,UAV 2,Control Center,LOW_BATTERY,Battery level: 22.5%
161,UAV 4,Control Center,LOW_BATTERY,Battery level: 24.8%
161,UAV 8,Control Center,LOW_BATTERY,Battery level: 20.0%
161,UAV 9,Control Center,LOW_BATTERY,Battery level: 26.8%
162,UAV 1,Control Center,LOW_BATTERY,Battery level: 26.9%
162,UAV 2,Control Center,LOW_BATTERY,Battery level: 22.5%
162,UAV 4,Control Center,LOW_BATTERY,Battery level: 24.8%
162,UAV 8,Control Center,LOW_BATTERY,Battery level: 20.0%
162,UAV 9,Control Center,LOW_BATTERY,Battery level: 26.8%
163,UAV 1,Control Center,LOW_BATTERY,Battery level: 26.9%
163,UAV 2,Control Center,LOW_BATTERY,Battery level: 22.5%
163,UAV 4,Control Center,LOW_BATTERY,Battery level: 24.8%
163,UAV 8,Control Center,LOW_BATTERY,Battery level: 20.0%
163,UAV 9,Control Center,LOW_BATTERY,Battery level: 26.8%
164,UAV 1,Control Center,LOW_BATTERY,Battery level: 26.9%
164,UAV 2,Control Center,LOW_BATTERY,Battery level: 22.5%
164,UAV 4,Control Center,LOW_BATTERY,Battery level: 24.8%
164,UAV 8,Control Center,LOW_BATTERY,Battery level: 20.0%
164,UAV 9,Control Center,LOW_BATTERY,Battery level: 26.8%
165,UAV 1,Control Center,LOW_BATTERY,Battery level: 26.9%
165,UAV 2,Control Center,LOW_BATTERY,Battery level: 22.5%
165,UAV 4,Control Center,LOW_BATTERY,Battery level: 24.8%
165,UAV 8,Control Center,LOW_BATTERY,Battery level: 20.0%
165,UAV 9,Control Center,LOW_BATTERY,Battery level: 26.8%
166,UAV 1,Control Center,LOW_BATTERY,Battery level: 26.9%
166,UAV 2,Control Center,LOW_BATTERY,Battery level: 22.5%
166,UAV 4,Control Center,LOW_BATTERY,Battery level: 24.8%
166,UAV 8,Control Center,LOW_BATTERY,Battery level: 20.0%
166,UAV 9,Control Center,LOW_BATTERY,Battery level: 26.8%
167,UAV 1,Control Center,LOW_BATTERY,Battery level: 26.9%
167,UAV 2,Control Center,LOW_BATTERY,Battery level: 22.5%
167,UAV 4,Control Center,LOW_BATTERY,Battery level: 24.8%
167,UAV 8,Control Center,LOW_BATTERY,Battery level: 20.0%
167,UAV 9,Control Center,LOW_BATTERY,Battery level: 26.8%
168,UAV 1,Control Center,LOW_BATTERY,Battery level: 26.9%
168,UAV 2,Control Center,LOW_BATTERY,Battery level: 22.5%
168,UAV 4,Control Center,LOW_BATTERY,Battery level: 24.8%
168,UAV 8,Control Center,LOW_BATTERY,Battery level: 20.0%
168,UAV 9,Control Center,LOW_BATTERY,Battery level: 26.8%
169,UAV 1,Control Center,LOW_BATTERY,Battery level: 26.9%
169,UAV 2,Control Center,LOW_BATTERY,Battery level: 22.5%
169,UAV 4,Control Center,LOW_BATTERY,Battery level: 24.8%
169,UAV 8,Control Center,LOW_BATTERY,Battery level: 20.0%
169,UAV 9,Control Center,LOW_BATTERY,Battery level: 26.8%
170,UAV 1,Control Center,LOW_BATTERY,Battery level: 26.9%
170,UAV 2,Control Center,LOW_BATTERY,Battery level: 22.5%
170,UAV 4,Control Center,LOW_BATTERY,Battery level: 24.8%
170,UAV 8,Control Center,LOW_BATTERY,Battery level: 20.0%
170,UAV 9,Control Center,LOW_BATTERY,Battery level: 26.8%
171,UAV 1,Control Center,LOW_BATTERY,Battery level: 26.9%
171,UAV 2,Control Center,LOW_BATTERY,Battery level: 22.5%
171,UAV 4,Control Center,LOW_BATTERY,Battery level: 24.8%
171,UAV 8,Control Center,LOW_BATTERY,Battery level: 20.0%
171,UAV 9,Control Center,LOW_BATTERY,Battery level: 26.8%
172,UAV 1,Control Center,LOW_BATTERY,Battery level: 26.9%
172,UAV 2,Control Center,LOW_BATTERY,Battery level: 22.5%
172,UAV 4,Control Center,LOW_BATTERY,Battery level: 24.8%
172,UAV 8,Control Center,LOW_BATTERY,Battery level: 20.0%
172,UAV 9,Control Center,LOW_BATTERY,Battery level: 26.8%
173,UAV 1,Control Center,LOW_BATTERY,Battery level: 26.9%
173,UAV 2,Control Center,LOW_BATTERY,Battery level: 22.5%
173,UAV 4,Control Center,LOW_BATTERY,Battery level: 24.8%
173,UAV 8,Control Center,LOW_BATTERY,Battery level: 20.0%
173,UAV 9,Control Center,LOW_BATTERY,Battery level: 26.8%
174,UAV 1,Control Center,LOW_BATTERY,Battery level: 26.9%
174,UAV 2,Control Center,LOW_BATTERY,Battery level: 22.5%
174,UAV 4,Control Center,LOW_BATTERY,Battery level: 24.8%
174,UAV 8,Control Center,LOW_BATTERY,Battery level: 20.0%
174,UAV 9,Control Center,LOW_BATTERY,Battery level: 26.8%
175,UAV 1,Control Center,LOW_BATTERY,Battery level: 26.9%
175,UAV 2,Control Center,LOW_BATTERY,Battery level: 22.5%
175,UAV 4,Control Center,LOW_BATTERY,Battery level: 24.8%
175,UAV 8,Control Center,LOW_BATTERY,Battery level: 20.0%
175,UAV 9,Control Center,LOW_BATTERY,Battery level: 26.8%
176,UAV 1,Control Center,LOW_BATTERY,Battery level: 26.9%
176,UAV 2,Control Center,LOW_BATTERY,Battery level: 22.5%
176,UAV 4,Control Center,LOW_BATTERY,Battery level: 24.8%
176,UAV 8,Control Center,LOW_BATTERY,Battery level: 20.0%
176,UAV 9,Control Center,LOW_BATTERY,Battery level: 26.8%
177,UAV 1,Control Center,LOW_BATTERY,Battery level: 26.9%
177,UAV 2,Control Center,LOW_BATTERY,Battery level: 22.5%
177,UAV 4,Control Center,LOW_BATTERY,Battery level: 24.8%
177,UAV 8,Control Center,LOW_BATTERY,Battery level: 20.0%
177,UAV 9,Control Center,LOW_BATTERY,Battery level: 26.8%
178,UAV 1,Control Center,LOW_BATTERY,Battery level: 26.9%
178,UAV 2,Control Center,LOW_BATTERY,Battery level: 22.5%
178,UAV 4,Control Center,LOW_BATTERY,Battery level: 24.8%
178,UAV 8,Control Center,LOW_BATTERY,Battery level: 20.0%
178,UAV 9,Control Center,LOW_BATTERY,Battery level: 26.8%
179,UAV 1,Control Center,LOW_BATTERY,Battery level: 26.9%
179,UAV 2,Control Center,LOW_BATTERY,Battery level: 22.5%
179,UAV 4,Control Center,LOW_BATTERY,Battery level: 24.8%
179,UAV 8,Control Center,LOW_BATTERY,Battery level: 20.0%
179,UAV 9,Control Center,LOW_BATTERY,Battery level: 26.8%
180,UAV 1,Control Center,LOW_BATTERY,Battery level: 26.9%
180,UAV 2,Control Center,LOW_BATTERY,Battery level: 22.5%
180,UAV 4,Control Center,LOW_BATTERY,Battery level: 24.8%
180,UAV 8,Control Center,LOW_BATTERY,Battery level: 20.0%
180,UAV 9,Control Center,LOW_BATTERY,Battery level: 26.8%
181,UAV 1,Control Center,LOW_BATTERY,Battery level: 26.9%
181,UAV 2,Control Center,LOW_BATTERY,Battery level: 22.5%
181,UAV 4,Control Center,LOW_BATTERY,Battery level: 24.8%
181,UAV 8,Control Center,LOW_BATTERY,Battery level: 20.0%
181,UAV 9,Control Center,LOW_BATTERY,Battery level: 26.8%
182,UAV 1,Control Center,LOW_BATTERY,Battery level: 26.9%
182,UAV 2,Control Center,LOW_BATTERY,Battery level: 22.5%
182,UAV 4,Control Center,LOW_BATTERY,Battery level: 24.8%
182,UAV 8,Control Center,LOW_BATTERY,Battery level: 20.0%
182,UAV 9,Control Center,LOW_BATTERY,Battery level: 26.8%
183,UAV 1,Control Center,LOW_BATTERY,Battery level: 26.9%
183,UAV 2,Control Center,LOW_BATTERY,Battery level: 22.5%
183,UAV 4,Control Center,LOW_BATTERY,Battery level: 24.8%
183,UAV 8,Control Center,LOW_BATTERY,Battery level: 20.0%
183,UAV 9,Control Center,LOW_BATTERY,Battery level: 26.8%
184,UAV 1,Control Center,LOW_BATTERY,Battery level: 26.9%
184,UAV 2,Control Center,LOW_BATTERY,Battery level: 22.5%
184,UAV 4,Control Center,LOW_BATTERY,Battery level: 24.8%
184,UAV 8,Control Center,LOW_BATTERY,Battery level: 20.0%
184,UAV 9,Control Center,LOW_BATTERY,Battery level: 26.8%
185,UAV 1,Control Center,LOW_BATTERY,Battery level: 26.9%
185,UAV 2,Control Center,LOW_BATTERY,Battery level: 22.5%
185,UAV 4,Control Center,LOW_BATTERY,Battery level: 24.8%
185,UAV 8,Control Center,LOW_BATTERY,Battery level: 20.0%
185,UAV 9,Control Center,LOW_BATTERY,Battery level: 26.8%
186,UAV 1,Control Center,LOW_BATTERY,Battery level: 26.9%
186,UAV 2,Control Center,LOW_BATTERY,Battery level: 22.5%
186,UAV 4,Control Center,LOW_BATTERY,Battery level: 24.8%
186,UAV 8,Control Center,LOW_BATTERY,Battery level: 20.0%
186,UAV 9,Control Center,LOW_BATTERY,Battery level: 26.8%
187,UAV 1,Control Center,LOW_BATTERY,Battery level: 26.9%
187,UAV 2,Control Center,LOW_BATTERY,Battery level: 22.5%
187,UAV 4,Control Center,LOW_BATTERY,Battery level: 24.8%
187,UAV 8,Control Center,LOW_BATTERY,Battery level: 20.0%
187,UAV 9,Control Center,LOW_BATTERY,Battery level: 26.8%
188,UAV 1,Control Center,LOW_BATTERY,Battery level: 26.9%
188,UAV 2,Control Center,LOW_BATTERY,Battery level: 22.5%
188,UAV 4,Control Center,LOW_BATTERY,Battery level: 24.8%
188,UAV 8,Control Center,LOW_BATTERY,Battery level: 20.0%
188,UAV 9,Control Center,LOW_BATTERY,Battery level: 26.8%
189,UAV 1,Control Center,LOW_BATTERY,Battery level: 26.9%
189,UAV 2,Control Center,LOW_BATTERY,Battery level: 22.5%
189,UAV 4,Control Center,LOW_BATTERY,Battery level: 24.8%
189,UAV 8,Control Center,LOW_BATTERY,Battery level: 20.0%
189,UAV 9,Control Center,LOW_BATTERY,Battery level: 26.8%
190,UAV 1,Control Center,LOW_BATTERY,Battery level: 26.9%
190,UAV 2,Control Center,LOW_BATTERY,Battery level: 22.5%
190,UAV 4,Control Center,LOW_BATTERY,Battery level: 24.8%
190,UAV 8,Control Center,LOW_BATTERY,Battery level: 20.0%
190,UAV 9,Control Center,LOW_BATTERY,Battery level: 26.8%
191,UAV 1,Control Center,LOW_BATTERY,Battery level: 26.9%
191,UAV 2,Control Center,LOW_BATTERY,Battery level: 22.5%
191,UAV 4,Control Center,LOW_BATTERY,Battery level: 24.8%
191,UAV 8,Control Center,LOW_BATTERY,Battery level: 20.0%
191,UAV 9,Control Center,LOW_BATTERY,Battery level: 26.8%
192,UAV 1,Control Center,LOW_BATTERY,Battery level: 26.9%
192,UAV 2,Control Center,LOW_BATTERY,Battery level: 22.5%
192,UAV 4,Control Center,LOW_BATTERY,Battery level: 24.8%
192,UAV 8,Control Center,LOW_BATTERY,Battery level: 20.0%
192,UAV 9,Control Center,LOW_BATTERY,Battery level: 26.8%
193,UAV 1,Control Center,LOW_BATTERY,Battery level: 26.9%
193,UAV 2,Control Center,LOW_BATTERY,Battery level: 22.5%
193,UAV 4,Control Center,LOW_BATTERY,Battery level: 24.8%
193,UAV 8,Control Center,LOW_BATTERY,Battery level: 20.0%
193,UAV 9,Control Center,LOW_BATTERY,Battery level: 26.8%
194,UAV 1,Control Center,LOW_BATTERY,Battery level: 26.9%
194,UAV 2,Control Center,LOW_BATTERY,Battery level: 22.5%
194,UAV 4,Control Center,LOW_BATTERY,Battery level: 24.8%
194,UAV 8,Control Center,LOW_BATTERY,Battery level: 20.0%
194,UAV 9,Control Center,LOW_BATTERY,Battery level: 26.8%
195,UAV 1,Control Center,LOW_BATTERY,Battery level: 26.9%
195,UAV 2,Control Center,LOW_BATTERY,Battery level: 22.5%
195,UAV 4,Control Center,LOW_BATTERY,Battery level: 24.8%
195,UAV 8,Control Center,LOW_BATTERY,Battery level: 20.0%
195,UAV 9,Control Center,LOW_BATTERY,Battery level: 26.8%
196,UAV 1,Control Center,LOW_BATTERY,Battery level: 26.9%
196,UAV 2,Control Center,LOW_BATTERY,Battery level: 22.5%
196,UAV 4,Control Center,LOW_BATTERY,Battery level: 24.8%
196,UAV 8,Control Center,LOW_BATTERY,Battery level: 20.0%
196,UAV 9,Control Center,LOW_BATTERY,Battery level: 26.8%
197,UAV 1,Control Center,LOW_BATTERY,Battery level: 26.9%
197,UAV 2,Control Center,LOW_BATTERY,Battery level: 22.5%
197,UAV 4,Control Center,LOW_BATTERY,Battery level: 24.8%
197,UAV 8,Control Center,LOW_BATTERY,Battery level: 20.0%
197,UAV 9,Control Center,LOW_BATTERY,Battery level: 26.8%
198,UAV 1,Control Center,LOW_BATTERY,Battery level: 26.9%
198,UAV 2,Control Center,LOW_BATTERY,Battery level: 22.5%
198,UAV 4,Control Center,LOW_BATTERY,Battery level: 24.8%
198,UAV 8,Control Center,LOW_BATTERY,Battery level: 20.0%
198,UAV 9,Control Center,LOW_BATTERY,Battery level: 26.8%
199,UAV 1,Control Center,LOW_BATTERY,Battery level: 26.9%
199,UAV 2,Control Center,LOW_BATTERY,Battery level: 22.5%
199,UAV 4,Control Center,LOW_BATTERY,Battery level: 24.8%
199,UAV 8,Control Center,LOW_BATTERY,Battery level: 20.0%
199,UAV 9,Control Center,LOW_BATTERY,Battery level: 26.8%
200,UAV 1,Control Center,LOW_BATTERY,Battery level: 26.9%
200,UAV 2,Control Center,LOW_BATTERY,Battery level: 22.5%
200,UAV 4,Control Center,LOW_BATTERY,Battery level: 24.8%
200,UAV 8,Control Center,LOW_BATTERY,Battery level: 20.0%
200,UAV 9,Control Center,LOW_BATTERY,Battery level: 26.8%
201,UAV 1,Control Center,LOW_BATTERY,Battery level: 26.9%
201,UAV 2,Control Center,LOW_BATTERY,Battery level: 22.5%
201,UAV 4,Control Center,LOW_BATTERY,Battery level: 24.8%
201,UAV 8,Control Center,LOW_BATTERY,Battery level: 20.0%
201,UAV 9,Control Center,LOW_BATTERY,Battery level: 26.8%
202,UAV 1,Control Center,LOW_BATTERY,Battery level: 26.9%
202,UAV 2,Control Center,LOW_BATTERY,Battery level: 22.5%
202,UAV 4,Control Center,LOW_BATTERY,Battery level: 24.8%
202,UAV 8,Control Center,LOW_BATTERY,Battery level: 20.0%
202,UAV 9,Control Center,LOW_BATTERY,Battery level: 26.8%
203,UAV 1,Control Center,LOW_BATTERY,Battery level: 26.9%
203,UAV 2,Control Center,LOW_BATTERY,Battery level: 22.5%
203,UAV 4,Control Center,LOW_BATTERY,Battery level: 24.8%
203,UAV 8,Control Center,LOW_BATTERY,Battery level: 20.0%
203,UAV 9,Control Center,LOW_BATTERY,Battery level: 26.8%
204,UAV 1,Control Center,LOW_BATTERY,Battery level: 26.9%
204,UAV 2,Control Center,LOW_BATTERY,Battery level: 22.5%
204,UAV 4,Control Center,LOW_BATTERY,Battery level: 24.8%
204,UAV 8,Control Center,LOW_BATTERY,Battery level: 20.0%
204,UAV 9,Control Center,LOW_BATTERY,Battery level: 26.8%
205,UAV 1,Control Center,LOW_BATTERY,Battery level: 26.9%
205,UAV 2,Control Center,LOW_BATTERY,Battery level: 22.5%
205,UAV 4,Control Center,LOW_BATTERY,Battery level: 24.8%
205,UAV 8,Control Center,LOW_BATTERY,Battery level: 20.0%
205,UAV 9,Control Center,LOW_BATTERY,Battery level: 26.8%
206,UAV 1,Control Center,LOW_BATTERY,Battery level: 26.9%
206,UAV 2,Control Center,LOW_BATTERY,Battery level: 22.5%
206,UAV 4,Control Center,LOW_BATTERY,Battery level: 24.8%
206,UAV 8,Control Center,LOW_BATTERY,Battery level: 20.0%
206,UAV 9,Control Center,LOW_BATTERY,Battery level: 26.8%
207,UAV 1,Control Center,LOW_BATTERY,Battery level: 26.9%
207,UAV 2,Control Center,LOW_BATTERY,Battery level: 22.5%
207,UAV 4,Control Center,LOW_BATTERY,Battery level: 24.8%
207,UAV 8,Control Center,LOW_BATTERY,Battery level: 20.0%
207,UAV 9,Control Center,LOW_BATTERY,Battery level: 26.8%
208,UAV 1,Control Center,LOW_BATTERY,Battery level: 26.9%
208,UAV 2,Control Center,LOW_BATTERY,Battery level: 22.5%
208,UAV 4,Control Center,LOW_BATTERY,Battery level: 24.8%
208,UAV 8,Control Center,LOW_BATTERY,Battery level: 20.0%
208,UAV 9,Control Center,LOW_BATTERY,Battery level: 26.8%
209,UAV 1,Control Center,LOW_BATTERY,Battery level: 26.9%
209,UAV 2,Control Center,LOW_BATTERY,Battery level: 22.5%
209,UAV 4,Control Center,LOW_BATTERY,Battery level: 24.8%
209,UAV 8,Control Center,LOW_BATTERY,Battery level: 20.0%
209,UAV 9,Control Center,LOW_BATTERY,Battery level: 26.8%
210,UAV 1,Control Center,LOW_BATTERY,Battery level: 26.9%
210,UAV 2,Control Center,LOW_BATTERY,Battery level: 22.5%
210,UAV 4,Control Center,LOW_BATTERY,Battery level: 24.8%
210,UAV 8,Control Center,LOW_BATTERY,Battery level: 20.0%
210,UAV 9,Control Center,LOW_BATTERY,Battery level: 26.8%
211,UAV 1,Control Center,LOW_BATTERY,Battery level: 26.9%
211,UAV 2,Control Center,LOW_BATTERY,Battery level: 22.5%
211,UAV 4,Control Center,LOW_BATTERY,Battery level: 24.8%
211,UAV 8,Control Center,LOW_BATTERY,Battery level: 20.0%
211,UAV 9,Control Center,LOW_BATTERY,Battery level: 26.8%
212,UAV 1,Control Center,LOW_BATTERY,Battery level: 26.9%
212,UAV 2,Control Center,LOW_BATTERY,Battery level: 22.5%
212,UAV 4,Control Center,LOW_BATTERY,Battery level: 24.8%
212,UAV 8,Control Center,LOW_BATTERY,Battery level: 20.0%
212,UAV 9,Control Center,LOW_BATTERY,Battery level: 26.8%
213,UAV 1,Control Center,LOW_BATTERY,Battery level: 26.9%
213,UAV 2,Control Center,LOW_BATTERY,Battery level: 22.5%
213,UAV 4,Control Center,LOW_BATTERY,Battery level: 24.8%
213,UAV 8,Control Center,LOW_BATTERY,Battery level: 20.0%
213,UAV 9,Control Center,LOW_BATTERY,Battery level: 26.8%
214,UAV 1,Control Center,LOW_BATTERY,Battery level: 26.9%
214,UAV 2,Control Center,LOW_BATTERY,Battery level: 22.5%
214,UAV 4,Control Center,LOW_BATTERY,Battery level: 24.8%
214,UAV 8,Control Center,LOW_BATTERY,Battery level: 20.0%
214,UAV 9,Control Center,LOW_BATTERY,Battery level: 26.8%
215,UAV 1,Control Center,LOW_BATTERY,Battery level: 26.9%
215,UAV 2,Control Center,LOW_BATTERY,Battery level: 22.5%
215,UAV 4,Control Center,LOW_BATTERY,Battery level: 24.8%
215,UAV 8,Control Center,LOW_BATTERY,Battery level: 20.0%
215,UAV 9,Control Center,LOW_BATTERY,Battery level: 26.8%
216,UAV 1,Control Center,LOW_BATTERY,Battery level: 26.9%
216,UAV 2,Control Center,LOW_BATTERY,Battery level: 22.5%
216,UAV 4,Control Center,LOW_BATTERY,Battery level: 24.8%
216,UAV 8,Control Center,LOW_BATTERY,Battery level: 20.0%
216,UAV 9,Control Center,LOW_BATTERY,Battery level: 26.8%
217,UAV 1,Control Center,LOW_BATTERY,Battery level: 26.9%
217,UAV 2,Control Center,LOW_BATTERY,Battery level: 22.5%
217,UAV 4,Control Center,LOW_BATTERY,Battery level: 24.8%
217,UAV 8,Control Center,LOW_BATTERY,Battery level: 20.0%
217,UAV 9,Control Center,LOW_BATTERY,Battery level: 26.8%
218,UAV 1,Control Center,LOW_BATTERY,Battery level: 26.9%
218,UAV 2,Control Center,LOW_BATTERY,Battery level: 22.5%
218,UAV 4,Control Center,LOW_BATTERY,Battery level: 24.8%
218,UAV 8,Control Center,LOW_BATTERY,Battery level: 20.0%
218,UAV 9,Control Center,LOW_BATTERY,Battery level: 26.8%
219,UAV 1,Control Center,LOW_BATTERY,Battery level: 26.9%
219,UAV 2,Control Center,LOW_BATTERY,Battery level: 22.5%
219,UAV 4,Control Center,LOW_BATTERY,Battery level: 24.8%
219,UAV 8,Control Center,LOW_BATTERY,Battery level: 20.0%
219,UAV 9,Control Center,LOW_BATTERY,Battery level: 26.8%
220,UAV 1,Control Center,LOW_BATTERY,Battery level: 26.9%
220,UAV 2,Control Center,LOW_BATTERY,Battery level: 22.5%
220,UAV 4,Control Center,LOW_BATTERY,Battery level: 24.8%
220,UAV 8,Control Center,LOW_BATTERY,Battery level: 20.0%
220,UAV 9,Control Center,LOW_BATTERY,Battery level: 26.8%
221,UAV 1,Control Center,LOW_BATTERY,Battery level: 26.9%
221,UAV 2,Control Center,LOW_BATTERY,Battery level: 22.5%
221,UAV 4,Control Center,LOW_BATTERY,Battery level: 24.8%
221,UAV 8,Control Center,LOW_BATTERY,Battery level: 20.0%
221,UAV 9,Control Center,LOW_BATTERY,Battery level: 26.8%
222,UAV 1,Control Center,LOW_BATTERY,Battery level: 26.9%
222,UAV 2,Control Center,LOW_BATTERY,Battery level: 22.5%
222,UAV 4,Control Center,LOW_BATTERY,Battery level: 24.8%
222,UAV 8,Control Center,LOW_BATTERY,Battery level: 20.0%
222,UAV 9,Control Center,LOW_BATTERY,Battery level: 26.8%
223,UAV 1,Control Center,LOW_BATTERY,Battery level: 26.9%
223,UAV 2,Control Center,LOW_BATTERY,Battery level: 22.5%
223,UAV 4,Control Center,LOW_BATTERY,Battery level: 24.8%
223,UAV 8,Control Center,LOW_BATTERY,Battery level: 20.0%
223,UAV 9,Control Center,LOW_BATTERY,Battery level: 26.8%
224,UAV 1,Control Center,LOW_BATTERY,Battery level: 26.9%
224,UAV 2,Control Center,LOW_BATTERY,Battery level: 22.5%
224,UAV 4,Control Center,LOW_BATTERY,Battery level: 24.8%
224,UAV 8,Control Center,LOW_BATTERY,Battery level: 20.0%
224,UAV 9,Control Center,LOW_BATTERY,Battery level: 26.8%
225,UAV 1,Control Center,LOW_BATTERY,Battery level: 26.9%
225,UAV 2,Control Center,LOW_BATTERY,Battery level: 22.5%
225,UAV 4,Control Center,LOW_BATTERY,Battery level: 24.8%
225,UAV 8,Control Center,LOW_BATTERY,Battery level: 20.0%
225,UAV 9,Control Center,LOW_BATTERY,Battery level: 26.8%
226,UAV 1,Control Center,LOW_BATTERY,Battery level: 26.9%
226,UAV 2,Control Center,LOW_BATTERY,Battery level: 22.5%
226,UAV 4,Control Center,LOW_BATTERY,Battery level: 24.8%
226,UAV 8,Control Center,LOW_BATTERY,Battery level: 20.0%
226,UAV 9,Control Center,LOW_BATTERY,Battery level: 26.8%
227,UAV 1,Control Center,LOW_BATTERY,Battery level: 26.9%
227,UAV 2,Control Center,LOW_BATTERY,Battery level: 22.5%
227,UAV 4,Control Center,LOW_BATTERY,Battery level: 24.8%
227,UAV 8,Control Center,LOW_BATTERY,Battery level: 20.0%
227,UAV 9,Control Center,LOW_BATTERY,Battery level: 26.8%
228,UAV 1,Control Center,LOW_BATTERY,Battery level: 26.9%
228,UAV 2,Control Center,LOW_BATTERY,Battery level: 22.5%
228,UAV 4,Control Center,LOW_BATTERY,Battery level: 24.8%
228,UAV 8,Control Center,LOW_BATTERY,Battery level: 20.0%
228,UAV 9,Control Center,LOW_BATTERY,Battery level: 26.8%
229,UAV 1,Control Center,LOW_BATTERY,Battery level: 26.9%
229,UAV 2,Control Center,LOW_BATTERY,Battery level: 22.5%
229,UAV 4,Control Center,LOW_BATTERY,Battery level: 24.8%
229,UAV 8,Control Center,LOW_BATTERY,Battery level: 20.0%
229,UAV 9,Control Center,LOW_BATTERY,Battery level: 26.8%
230,UAV 1,Control Center,LOW_BATTERY,Battery level: 26.9%
230,UAV 2,Control Center,LOW_BATTERY,Battery level: 22.5%
230,UAV 4,Control Center,LOW_BATTERY,Battery level: 24.8%
230,UAV 8,Control Center,LOW_BATTERY,Battery level: 20.0%
230,UAV 9,Control Center,LOW_BATTERY,Battery level: 26.8%
231,UAV 1,Control Center,LOW_BATTERY,Battery level: 26.9%
231,UAV 2,Control Center,LOW_BATTERY,Battery level: 22.5%
231,UAV 4,Control Center,LOW_BATTERY,Battery level: 24.8%
231,UAV 8,Control Center,LOW_BATTERY,Battery level: 20.0%
231,UAV 9,Control Center,LOW_BATTERY,Battery level: 26.8%
232,UAV 1,Control Center,LOW_BATTERY,Battery level: 26.9%
232,UAV 2,Control Center,LOW_BATTERY,Battery level: 22.5%
232,UAV 4,Control Center,LOW_BATTERY,Battery level: 24.8%
232,UAV 8,Control Center,LOW_BATTERY,Battery level: 20.0%
232,UAV 9,Control Center,LOW_BATTERY,Battery level: 26.8%
233,UAV 1,Control Center,LOW_BATTERY,Battery level: 26.9%
233,UAV 2,Control Center,LOW_BATTERY,Battery level: 22.5%
233,UAV 4,Control Center,LOW_BATTERY,Battery level: 24.8%
233,UAV 8,Control Center,LOW_BATTERY,Battery level: 20.0%
233,UAV 9,Control Center,LOW_BATTERY,Battery level: 26.8%
234,UAV 1,Control Center,LOW_BATTERY,Battery level: 26.9%
234,UAV 2,Control Center,LOW_BATTERY,Battery level: 22.5%
234,UAV 4,Control Center,LOW_BATTERY,Battery level: 24.8%
234,UAV 8,Control Center,LOW_BATTERY,Battery level: 20.0%
234,UAV 9,Control Center,LOW_BATTERY,Battery level: 26.8%
235,UAV 1,Control Center,LOW_BATTERY,Battery level: 26.9%
235,UAV 2,Control Center,LOW_BATTERY,Battery level: 22.5%
235,UAV 4,Control Center,LOW_BATTERY,Battery level: 24.8%
235,UAV 8,Control Center,LOW_BATTERY,Battery level: 20.0%
235,UAV 9,Control Center,LOW_BATTERY,Battery level: 26.8%
236,UAV 1,Control Center,LOW_BATTERY,Battery level: 26.9%
236,UAV 2,Control Center,LOW_BATTERY,Battery level: 22.5%
236,UAV 4,Control Center,LOW_BATTERY,Battery level: 24.8%
236,UAV 8,Control Center,LOW_BATTERY,Battery level: 20.0%
236,UAV 9,Control Center,LOW_BATTERY,Battery level: 26.8%
237,UAV 1,Control Center,LOW_BATTERY,Battery level: 26.9%
237,UAV 2,Control Center,LOW_BATTERY,Battery level: 22.5%
237,UAV 4,Control Center,LOW_BATTERY,Battery level: 24.8%
237,UAV 8,Control Center,LOW_BATTERY,Battery level: 20.0%
237,UAV 9,Control Center,LOW_BATTERY,Battery level: 26.8%
238,UAV 1,Control Center,LOW_BATTERY,Battery level: 26.9%
238,UAV 2,Control Center,LOW_BATTERY,Battery level: 22.5%
238,UAV 4,Control Center,LOW_BATTERY,Battery level: 24.8%
238,UAV 8,Control Center,LOW_BATTERY,Battery level: 20.0%
238,UAV 9,Control Center,LOW_BATTERY,Battery level: 26.8%
239,UAV 1,Control Center,LOW_BATTERY,Battery level: 26.9%
239,UAV 2,Control Center,LOW_BATTERY,Battery level: 22.5%
239,UAV 4,Control Center,LOW_BATTERY,Battery level: 24.8%
239,UAV 8,Control Center,LOW_BATTERY,Battery level: 20.0%
239,UAV 9,Control Center,LOW_BATTERY,Battery level: 26.8%
240,UAV 1,Control Center,LOW_BATTERY,Battery level: 26.9%
240,UAV 2,Control Center,LOW_BATTERY,Battery level: 22.5%
240,UAV 4,Control Center,LOW_BATTERY,Battery level: 24.8%
240,UAV 8,Control Center,LOW_BATTERY,Battery level: 20.0%
240,UAV 9,Control Center,LOW_BATTERY,Battery level: 26.8%
241,UAV 1,Control Center,LOW_BATTERY,Battery level: 26.9%
241,UAV 2,Control Center,LOW_BATTERY,Battery level: 22.5%
241,UAV 4,Control Center,LOW_BATTERY,Battery level: 24.8%
241,UAV 8,Control Center,LOW_BATTERY,Battery level: 20.0%
241,UAV 9,Control Center,LOW_BATTERY,Battery level: 26.8%
242,UAV 1,Control Center,LOW_BATTERY,Battery level: 26.9%
242,UAV 2,Control Center,LOW_BATTERY,Battery level: 22.5%
242,UAV 4,Control Center,LOW_BATTERY,Battery level: 24.8%
242,UAV 8,Control Center,LOW_BATTERY,Battery level: 20.0%
242,UAV 9,Control Center,LOW_BATTERY,Battery level: 26.8%
243,UAV 1,Control Center,LOW_BATTERY,Battery level: 26.9%
243,UAV 2,Control Center,LOW_BATTERY,Battery level: 22.5%
243,UAV 4,Control Center,LOW_BATTERY,Battery level: 24.8%
243,UAV 8,Control Center,LOW_BATTERY,Battery level: 20.0%
243,UAV 9,Control Center,LOW_BATTERY,Battery level: 26.8%
244,UAV 1,Control Center,LOW_BATTERY,Battery level: 26.9%
244,UAV 2,Control Center,LOW_BATTERY,Battery level: 22.5%
244,UAV 4,Control Center,LOW_BATTERY,Battery level: 24.8%
244,UAV 8,Control Center,LOW_BATTERY,Battery level: 20.0%
244,UAV 9,Control Center,LOW_BATTERY,Battery level: 26.8%
245,UAV 1,Control Center,LOW_BATTERY,Battery level: 26.9%
245,UAV 2,Control Center,LOW_BATTERY,Battery level: 22.5%
245,UAV 4,Control Center,LOW_BATTERY,Battery level: 24.8%
245,UAV 8,Control Center,LOW_BATTERY,Battery level: 20.0%
245,UAV 9,Control Center,LOW_BATTERY,Battery level: 26.8%
246,UAV 1,Control Center,LOW_BATTERY,Battery level: 26.9%
246,UAV 2,Control Center,LOW_BATTERY,Battery level: 22.5%
246,UAV 4,Control Center,LOW_BATTERY,Battery level: 24.8%
246,UAV 8,Control Center,LOW_BATTERY,Battery level: 20.0%
246,UAV 9,Control Center,LOW_BATTERY,Battery level: 26.8%
247,UAV 1,Control Center,LOW_BATTERY,Battery level: 26.9%
247,UAV 2,Control Center,LOW_BATTERY,Battery level: 22.5%
247,UAV 4,Control Center,LOW_BATTERY,Battery level: 24.8%
247,UAV 8,Control Center,LOW_BATTERY,Battery level: 20.0%
247,UAV 9,Control Center,LOW_BATTERY,Battery level: 26.8%
248,UAV 1,Control Center,LOW_BATTERY,Battery level: 26.9%
248,UAV 2,Control Center,LOW_BATTERY,Battery level: 22.5%
248,UAV 4,Control Center,LOW_BATTERY,Battery level: 24.8%
248,UAV 8,Control Center,LOW_BATTERY,Battery level: 20.0%
248,UAV 9,Control Center,LOW_BATTERY,Battery level: 26.8%
249,UAV 1,Control Center,LOW_BATTERY,Battery level: 26.9%
249,UAV 2,Control Center,LOW_BATTERY,Battery level: 22.5%
249,UAV 4,Control Center,LOW_BATTERY,Battery level: 24.8%
249,UAV 8,Control Center,LOW_BATTERY,Battery level: 20.0%
249,UAV 9,Control Center,LOW_BATTERY,Battery level: 26.8%
250,UAV 1,Control Center,LOW_BATTERY,Battery level: 26.9%
250,UAV 2,Control Center,LOW_BATTERY,Battery level: 22.5%
250,UAV 4,Control Center,LOW_BATTERY,Battery level: 24.8%
250,UAV 8,Control Center,LOW_BATTERY,Battery level: 20.0%
250,UAV 9,Control Center,LOW_BATTERY,Battery level: 26.8%
251,UAV 1,Control Center,LOW_BATTERY,Battery level: 26.9%
251,UAV 2,Control Center,LOW_BATTERY,Battery level: 22.5%
251,UAV 4,Control Center,LOW_BATTERY,Battery level: 24.8%
251,UAV 8,Control Center,LOW_BATTERY,Battery level: 20.0%
251,UAV 9,Control Center,LOW_BATTERY,Battery level: 26.8%
252,UAV 1,Control Center,LOW_BATTERY,Battery level: 26.9%
252,UAV 2,Control Center,LOW_BATTERY,Battery level: 22.5%
252,UAV 4,Control Center,LOW_BATTERY,Battery level: 24.8%
252,UAV 8,Control Center,LOW_BATTERY,Battery level: 20.0%
252,UAV 9,Control Center,LOW_BATTERY,Battery level: 26.8%
253,UAV 1,Control Center,LOW_BATTERY,Battery level: 26.9%
253,UAV 2,Control Center,LOW_BATTERY,Battery level: 22.5%
253,UAV 4,Control Center,LOW_BATTERY,Battery level: 24.8%
253,UAV 8,Control Center,LOW_BATTERY,Battery level: 20.0%
253,UAV 9,Control Center,LOW_BATTERY,Battery level: 26.8%
254,UAV 1,Control Center,LOW_BATTERY,Battery level: 26.9%
254,UAV 2,Control Center,LOW_BATTERY,Battery level: 22.5%
254,UAV 4,Control Center,LOW_BATTERY,Battery level: 24.8%
254,UAV 8,Control Center,LOW_BATTERY,Battery level: 20.0%
254,UAV 9,Control Center,LOW_BATTERY,Battery level: 26.8%
255,UAV 1,Control Center,LOW_BATTERY,Battery level: 26.9%
255,UAV 2,Control Center,LOW_BATTERY,Battery level: 22.5%
255,UAV 4,Control Center,LOW_BATTERY,Battery level: 24.8%
255,UAV 8,Control Center,LOW_BATTERY,Battery level: 20.0%
255,UAV 9,Control Center,LOW_BATTERY,Battery level: 26.8%
256,UAV 1,Control Center,LOW_BATTERY,Battery level: 26.9%
256,UAV 2,Control Center,LOW_BATTERY,Battery level: 22.5%
256,UAV 4,Control Center,LOW_BATTERY,Battery level: 24.8%
256,UAV 8,Control Center,LOW_BATTERY,Battery level: 20.0%
256,UAV 9,Control Center,LOW_BATTERY,Battery level: 26.8%
257,UAV 1,Control Center,LOW_BATTERY,Battery level: 26.9%
257,UAV 2,Control Center,LOW_BATTERY,Battery level: 22.5%
257,UAV 4,Control Center,LOW_BATTERY,Battery level: 24.8%
257,UAV 8,Control Center,LOW_BATTERY,Battery level: 20.0%
257,UAV 9,Control Center,LOW_BATTERY,Battery level: 26.8%
258,UAV 1,Control Center,LOW_BATTERY,Battery level: 26.9%
258,UAV 2,Control Center,LOW_BATTERY,Battery level: 22.5%
258,UAV 4,Control Center,LOW_BATTERY,Battery level: 24.8%
258,UAV 8,Control Center,LOW_BATTERY,Battery level: 20.0%
258,UAV 9,Control Center,LOW_BATTERY,Battery level: 26.8%
259,UAV 1,Control Center,LOW_BATTERY,Battery level: 26.9%
259,UAV 2,Control Center,LOW_BATTERY,Battery level: 22.5%
259,UAV 4,Control Center,LOW_BATTERY,Battery level: 24.8%
259,UAV 8,Control Center,LOW_BATTERY,Battery level: 20.0%
259,UAV 9,Control Center,LOW_BATTERY,Battery level: 26.8%
260,UAV 1,Control Center,LOW_BATTERY,Battery level: 26.9%
260,UAV 2,Control Center,LOW_BATTERY,Battery level: 22.5%
260,UAV 4,Control Center,LOW_BATTERY,Battery level: 24.8%
260,UAV 8,Control Center,LOW_BATTERY,Battery level: 20.0%
260,UAV 9,Control Center,LOW_BATTERY,Battery level: 26.8%
261,UAV 1,Control Center,LOW_BATTERY,Battery level: 26.9%
261,UAV 2,Control Center,LOW_BATTERY,Battery level: 22.5%
261,UAV 4,Control Center,LOW_BATTERY,Battery level: 24.8%
261,UAV 8,Control Center,LOW_BATTERY,Battery level: 20.0%
261,UAV 9,Control Center,LOW_BATTERY,Battery level: 26.8%
262,UAV 1,Control Center,LOW_BATTERY,Battery level: 26.9%
262,UAV 2,Control Center,LOW_BATTERY,Battery level: 22.5%
262,UAV 4,Control Center,LOW_BATTERY,Battery level: 24.8%
262,UAV 8,Control Center,LOW_BATTERY,Battery level: 20.0%
262,UAV 9,Control Center,LOW_BATTERY,Battery level: 26.8%
263,UAV 1,Control Center,LOW_BATTERY,Battery level: 26.9%
263,UAV 2,Control Center,LOW_BATTERY,Battery level: 22.5%
263,UAV 4,Control Center,LOW_BATTERY,Battery level: 24.8%
263,UAV 8,Control Center,LOW_BATTERY,Battery level: 20.0%
263,UAV 9,Control Center,LOW_BATTERY,Battery level: 26.8%
264,UAV 1,Control Center,LOW_BATTERY,Battery level: 26.9%
264,UAV 2,Control Center,LOW_BATTERY,Battery level: 22.5%
264,UAV 4,Control Center,LOW_BATTERY,Battery level: 24.8%
264,UAV 8,Control Center,LOW_BATTERY,Battery level: 20.0%
264,UAV 9,Control Center,LOW_BATTERY,Battery level: 26.8%
265,UAV 1,Control Center,LOW_BATTERY,Battery level: 26.9%
265,UAV 2,Control Center,LOW_BATTERY,Battery level: 22.5%
265,UAV 4,Control Center,LOW_BATTERY,Battery level: 24.8%
265,UAV 8,Control Center,LOW_BATTERY,Battery level: 20.0%
265,UAV 9,Control Center,LOW_BATTERY,Battery level: 26.8%
266,UAV 1,Control Center,LOW_BATTERY,Battery level: 26.9%
266,UAV 2,Control Center,LOW_BATTERY,Battery level: 22.5%
266,UAV 4,Control Center,LOW_BATTERY,Battery level: 24.8%
266,UAV 8,Control Center,LOW_BATTERY,Battery level: 20.0%
266,UAV 9,Control Center,LOW_BATTERY,Battery level: 26.8%
267,UAV 1,Control Center,LOW_BATTERY,Battery level: 26.9%
267,UAV 2,Control Center,LOW_BATTERY,Battery level: 22.5%
267,UAV 4,Control Center,LOW_BATTERY,Battery level: 24.8%
267,UAV 8,Control Center,LOW_BATTERY,Battery level: 20.0%
267,UAV 9,Control Center,LOW_BATTERY,Battery level: 26.8%
268,UAV 1,Control Center,LOW_BATTERY,Battery level: 26.9%
268,UAV 2,Control Center,LOW_BATTERY,Battery level: 22.5%
268,UAV 4,Control Center,LOW_BATTERY,Battery level: 24.8%
268,UAV 8,Control Center,LOW_BATTERY,Battery level: 20.0%
268,UAV 9,Control Center,LOW_BATTERY,Battery level: 26.8%
269,UAV 1,Control Center,LOW_BATTERY,Battery level: 26.9%
269,UAV 2,Control Center,LOW_BATTERY,Battery level: 22.5%
269,UAV 4,Control Center,LOW_BATTERY,Battery level: 24.8%
269,UAV 8,Control Center,LOW_BATTERY,Battery level: 20.0%
269,UAV 9,Control Center,LOW_BATTERY,Battery level: 26.8%
270,UAV 1,Control Center,LOW_BATTERY,Battery level: 26.9%
270,UAV 2,Control Center,LOW_BATTERY,Battery level: 22.5%
270,UAV 4,Control Center,LOW_BATTERY,Battery level: 24.8%
270,UAV 8,Control Center,LOW_BATTERY,Battery level: 20.0%
270,UAV 9,Control Center,LOW_BATTERY,Battery level: 26.8%
271,UAV 1,Control Center,LOW_BATTERY,Battery level: 26.9%
271,UAV 2,Control Center,LOW_BATTERY,Battery level: 22.5%
271,UAV 4,Control Center,LOW_BATTERY,Battery level: 24.8%
271,UAV 8,Control Center,LOW_BATTERY,Battery level: 20.0%
271,UAV 9,Control Center,LOW_BATTERY,Battery level: 26.8%
272,UAV 1,Control Center,LOW_BATTERY,Battery level: 26.9%
272,UAV 2,Control Center,LOW_BATTERY,Battery level: 22.5%
272,UAV 4,Control Center,LOW_BATTERY,Battery level: 24.8%
272,UAV 8,Control Center,LOW_BATTERY,Battery level: 20.0%
272,UAV 9,Control Center,LOW_BATTERY,Battery level: 26.8%
273,UAV 1,Control Center,LOW_BATTERY,Battery level: 26.9%
273,UAV 2,Control Center,LOW_BATTERY,Battery level: 22.5%
273,UAV 4,Control Center,LOW_BATTERY,Battery level: 24.8%
273,UAV 8,Control Center,LOW_BATTERY,Battery level: 20.0%
273,UAV 9,Control Center,LOW_BATTERY,Battery level: 26.8%
274,UAV 1,Control Center,LOW_BATTERY,Battery level: 26.9%
274,UAV 2,Control Center,LOW_BATTERY,Battery level: 22.5%
274,UAV 4,Control Center,LOW_BATTERY,Battery level: 24.8%
274,UAV 8,Control Center,LOW_BATTERY,Battery level: 20.0%
274,UAV 9,Control Center,LOW_BATTERY,Battery level: 26.8%
275,UAV 1,Control Center,LOW_BATTERY,Battery level: 26.9%
275,UAV 2,Control Center,LOW_BATTERY,Battery level: 22.5%
275,UAV 4,Control Center,LOW_BATTERY,Battery level: 24.8%
275,UAV 8,Control Center,LOW_BATTERY,Battery level: 20.0%
275,UAV 9,Control Center,LOW_BATTERY,Battery level: 26.8%
276,UAV 1,Control Center,LOW_BATTERY,Battery level: 26.9%
276,UAV 2,Control Center,LOW_BATTERY,Battery level: 22.5%
276,UAV 4,Control Center,LOW_BATTERY,Battery level: 24.8%
276,UAV 8,Control Center,LOW_BATTERY,Battery level: 20.0%
276,UAV 9,Control Center,LOW_BATTERY,Battery level: 26.8%
277,UAV 1,Control Center,LOW_BATTERY,Battery level: 26.9%
277,UAV 2,Control Center,LOW_BATTERY,Battery level: 22.5%
277,UAV 4,Control Center,LOW_BATTERY,Battery level: 24.8%
277,UAV 8,Control Center,LOW_BATTERY,Battery level: 20.0%
277,UAV 9,Control Center,LOW_BATTERY,Battery level: 26.8%
278,UAV 1,Control Center,LOW_BATTERY,Battery level: 26.9%
278,UAV 2,Control Center,LOW_BATTERY,Battery level: 22.5%
278,UAV 4,Control Center,LOW_BATTERY,Battery level: 24.8%
278,UAV 8,Control Center,LOW_BATTERY,Battery level: 20.0%
278,UAV 9,Control Center,LOW_BATTERY,Battery level: 26.8%
279,UAV 1,Control Center,LOW_BATTERY,Battery level: 26.9%
279,UAV 2,Control Center,LOW_BATTERY,Battery level: 22.5%
279,UAV 4,Control Center,LOW_BATTERY,Battery level: 24.8%
279,UAV 8,Control Center,LOW_BATTERY,Battery level: 20.0%
279,UAV 9,Control Center,LOW_BATTERY,Battery level: 26.8%
280,UAV 1,Control Center,LOW_BATTERY,Battery level: 26.9%
280,UAV 2,Control Center,LOW_BATTERY,Battery level: 22.5%
280,UAV 4,Control Center,LOW_BATTERY,Battery level: 24.8%
280,UAV 8,Control Center,LOW_BATTERY,Battery level: 20.0%
280,UAV 9,Control Center,LOW_BATTERY,Battery level: 26.8%
281,UAV 1,Control Center,LOW_BATTERY,Battery level: 26.9%
281,UAV 2,Control Center,LOW_BATTERY,Battery level: 22.5%
281,UAV 4,Control Center,LOW_BATTERY,Battery level: 24.8%
281,UAV 8,Control Center,LOW_BATTERY,Battery level: 20.0%
281,UAV 9,Control Center,LOW_BATTERY,Battery level: 26.8%
282,UAV 1,Control Center,LOW_BATTERY,Battery level: 26.9%
282,UAV 2,Control Center,LOW_BATTERY,Battery level: 22.5%
282,UAV 4,Control Center,LOW_BATTERY,Battery level: 24.8%
282,UAV 8,Control Center,LOW_BATTERY,Battery level: 20.0%
282,UAV 9,Control Center,LOW_BATTERY,Battery level: 26.8%
283,UAV 1,Control Center,LOW_BATTERY,Battery level: 26.9%
283,UAV 2,Control Center,LOW_BATTERY,Battery level: 22.5%
283,UAV 4,Control Center,LOW_BATTERY,Battery level: 24.8%
283,UAV 8,Control Center,LOW_BATTERY,Battery level: 20.0%
283,UAV 9,Control Center,LOW_BATTERY,Battery level: 26.8%
284,UAV 1,Control Center,LOW_BATTERY,Battery level: 26.9%
284,UAV 2,Control Center,LOW_BATTERY,Battery level: 22.5%
284,UAV 4,Control Center,LOW_BATTERY,Battery level: 24.8%
284,UAV 8,Control Center,LOW_BATTERY,Battery level: 20.0%
284,UAV 9,Control Center,LOW_BATTERY,Battery level: 26.8%
285,UAV 1,Control Center,LOW_BATTERY,Battery level: 26.9%
285,UAV 2,Control Center,LOW_BATTERY,Battery level: 22.5%
285,UAV 4,Control Center,LOW_BATTERY,Battery level: 24.8%
285,UAV 8,Control Center,LOW_BATTERY,Battery level: 20.0%
285,UAV 9,Control Center,LOW_BATTERY,Battery level: 26.8%
286,UAV 1,Control Center,LOW_BATTERY,Battery level: 26.9%
286,UAV 2,Control Center,LOW_BATTERY,Battery level: 22.5%
286,UAV 4,Control Center,LOW_BATTERY,Battery level: 24.8%
286,UAV 8,Control Center,LOW_BATTERY,Battery level: 20.0%
286,UAV 9,Control Center,LOW_BATTERY,Battery level: 26.8%
287,UAV 1,Control Center,LOW_BATTERY,Battery level: 26.9%
287,UAV 2,Control Center,LOW_BATTERY,Battery level: 22.5%
287,UAV 4,Control Center,LOW_BATTERY,Battery level: 24.8%
287,UAV 8,Control Center,LOW_BATTERY,Battery level: 20.0%
287,UAV 9,Control Center,LOW_BATTERY,Battery level: 26.8%
288,UAV 1,Control Center,LOW_BATTERY,Battery level: 26.9%
288,UAV 2,Control Center,LOW_BATTERY,Battery level: 22.5%
288,UAV 4,Control Center,LOW_BATTERY,Battery level: 24.8%
288,UAV 8,Control Center,LOW_BATTERY,Battery level: 20.0%
288,UAV 9,Control Center,LOW_BATTERY,Battery level: 26.8%
289,UAV 1,Control Center,LOW_BATTERY,Battery level: 26.9%
289,UAV 2,Control Center,LOW_BATTERY,Battery level: 22.5%
289,UAV 4,Control Center,LOW_BATTERY,Battery level: 24.8%
289,UAV 8,Control Center,LOW_BATTERY,Battery level: 20.0%
289,UAV 9,Control Center,LOW_BATTERY,Battery level: 26.8%
290,UAV 1,Control Center,LOW_BATTERY,Battery level: 26.9%
290,UAV 2,Control Center,LOW_BATTERY,Battery level: 22.5%
290,UAV 4,Control Center,LOW_BATTERY,Battery level: 24.8%
290,UAV 8,Control Center,LOW_BATTERY,Battery level: 20.0%
290,UAV 9,Control Center,LOW_BATTERY,Battery level: 26.8%
291,UAV 1,Control Center,LOW_BATTERY,Battery level: 26.9%
291,UAV 2,Control Center,LOW_BATTERY,Battery level: 22.5%
291,UAV 4,Control Center,LOW_BATTERY,Battery level: 24.8%
291,UAV 8,Control Center,LOW_BATTERY,Battery level: 20.0%
291,UAV 9,Control Center,LOW_BATTERY,Battery level: 26.8%
292,UAV 1,Control Center,LOW_BATTERY,Battery level: 26.9%
292,UAV 2,Control Center,LOW_BATTERY,Battery level: 22.5%
292,UAV 4,Control Center,LOW_BATTERY,Battery level: 24.8%
292,UAV 8,Control Center,LOW_BATTERY,Battery level: 20.0%
292,UAV 9,Control Center,LOW_BATTERY,Battery level: 26.8%
293,UAV 1,Control Center,LOW_BATTERY,Battery level: 26.9%
293,UAV 2,Control Center,LOW_BATTERY,Battery level: 22.5%
293,UAV 4,Control Center,LOW_BATTERY,Battery level: 24.8%
293,UAV 8,Control Center,LOW_BATTERY,Battery level: 20.0%
293,UAV 9,Control Center,LOW_BATTERY,Battery level: 26.8%
294,UAV 1,Control Center,LOW_BATTERY,Battery level: 26.9%
294,UAV 2,Control Center,LOW_BATTERY,Battery level: 22.5%
294,UAV 4,Control Center,LOW_BATTERY,Battery level: 24.8%
294,UAV 8,Control Center,LOW_BATTERY,Battery level: 20.0%
294,UAV 9,Control Center,LOW_BATTERY,Battery level: 26.8%
295,UAV 1,Control Center,LOW_BATTERY,Battery level: 26.9%
295,UAV 2,Control Center,LOW_BATTERY,Battery level: 22.5%
295,UAV 4,Control Center,LOW_BATTERY,Battery level: 24.8%
295,UAV 8,Control Center,LOW_BATTERY,Battery level: 20.0%
295,UAV 9,Control Center,LOW_BATTERY,Battery level: 26.8%
296,UAV 1,Control Center,LOW_BATTERY,Battery level: 26.9%
296,UAV 2,Control Center,LOW_BATTERY,Battery level: 22.5%
296,UAV 4,Control Center,LOW_BATTERY,Battery level: 24.8%
296,UAV 8,Control Center,LOW_BATTERY,Battery level: 20.0%
296,UAV 9,Control Center,LOW_BATTERY,Battery level: 26.8%
297,UAV 1,Control Center,LOW_BATTERY,Battery level: 26.9%
297,UAV 2,Control Center,LOW_BATTERY,Battery level: 22.5%
297,UAV 4,Control Center,LOW_BATTERY,Battery level: 24.8%
297,UAV 8,Control Center,LOW_BATTERY,Battery level: 20.0%
297,UAV 9,Control Center,LOW_BATTERY,Battery level: 26.8%
298,UAV 1,Control Center,LOW_BATTERY,Battery level: 26.9%
298,UAV 2,Control Center,LOW_BATTERY,Battery level: 22.5%
298,UAV 4,Control Center,LOW_BATTERY,Battery level: 24.8%
298,UAV 8,Control Center,LOW_BATTERY,Battery level: 20.0%
298,UAV 9,Control Center,LOW_BATTERY,Battery level: 26.8%
299,UAV 1,Control Center,LOW_BATTERY,Battery level: 26.9%
299,UAV 2,Control Center,LOW_BATTERY,Battery level: 22.5%
299,UAV 4,Control Center,LOW_BATTERY,Battery level: 24.8%
299,UAV 8,Control Center,LOW_BATTERY,Battery level: 20.0%
299,UAV 9,Control Center,LOW_BATTERY,Battery level: 26.8%
300,UAV 1,Control Center,LOW_BATTERY,Battery level: 26.9%
300,UAV 2,Control Center,LOW_BATTERY,Battery level: 22.5%
300,UAV 4,Control Center,LOW_BATTERY,Battery level: 24.8%
300,UAV 8,Control Center,LOW_BATTERY,Battery level: 20.0%
300,UAV 9,Control Center,LOW_BATTERY,Battery level: 26.8%
301,UAV 1,Control Center,LOW_BATTERY,Battery level: 26.9%
301,UAV 2,Control Center,LOW_BATTERY,Battery level: 22.5%
301,UAV 4,Control Center,LOW_BATTERY,Battery level: 24.8%
301,UAV 8,Control Center,LOW_BATTERY,Battery level: 20.0%
301,UAV 9,Control Center,LOW_BATTERY,Battery level: 26.8%
302,UAV 1,Control Center,LOW_BATTERY,Battery level: 26.9%
302,UAV 2,Control Center,LOW_BATTERY,Battery level: 22.5%
302,UAV 4,Control Center,LOW_BATTERY,Battery level: 24.8%
302,UAV 8,Control Center,LOW_BATTERY,Battery level: 20.0%
302,UAV 9,Control Center,LOW_BATTERY,Battery level: 26.8%
303,UAV 1,Control Center,LOW_BATTERY,Battery level: 26.9%
303,UAV 2,Control Center,LOW_BATTERY,Battery level: 22.5%
303,UAV 4,Control Center,LOW_BATTERY,Battery level: 24.8%
303,UAV 8,Control Center,LOW_BATTERY,Battery level: 20.0%
303,UAV 9,Control Center,LOW_BATTERY,Battery level: 26.8%
304,UAV 1,Control Center,LOW_BATTERY,Battery level: 26.9%
304,UAV 2,Control Center,LOW_BATTERY,Battery level: 22.5%
304,UAV 4,Control Center,LOW_BATTERY,Battery level: 24.8%
304,UAV 8,Control Center,LOW_BATTERY,Battery level: 20.0%
304,UAV 9,Control Center,LOW_BATTERY,Battery level: 26.8%
305,UAV 1,Control Center,LOW_BATTERY,Battery level: 26.9%
305,UAV 2,Control Center,LOW_BATTERY,Battery level: 22.5%
305,UAV 4,Control Center,LOW_BATTERY,Battery level: 24.8%
305,UAV 8,Control Center,LOW_BATTERY,Battery level: 20.0%
305,UAV 9,Control Center,LOW_BATTERY,Battery level: 26.8%
306,UAV 1,Control Center,LOW_BATTERY,Battery level: 26.9%
306,UAV 2,Control Center,LOW_BATTERY,Battery level: 22.5%
306,UAV 4,Control Center,LOW_BATTERY,Battery level: 24.8%
306,UAV 8,Control Center,LOW_BATTERY,Battery level: 20.0%
306,UAV 9,Control Center,LOW_BATTERY,Battery level: 26.8%
307,UAV 1,Control Center,LOW_BATTERY,Battery level: 26.9%
307,UAV 2,Control Center,LOW_BATTERY,Battery level: 22.5%
307,UAV 4,Control Center,LOW_BATTERY,Battery level: 24.8%
307,UAV 8,Control Center,LOW_BATTERY,Battery level: 20.0%
307,UAV 9,Control Center,LOW_BATTERY,Battery level: 26.8%
308,UAV 1,Control Center,LOW_BATTERY,Battery level: 26.9%
308,UAV 2,Control Center,LOW_BATTERY,Battery level: 22.5%
308,UAV 4,Control Center,LOW_BATTERY,Battery level: 24.8%
308,UAV 8,Control Center,LOW_BATTERY,Battery level: 20.0%
308,UAV 9,Control Center,LOW_BATTERY,Battery level: 26.8%
309,UAV 1,Control Center,LOW_BATTERY,Battery level: 26.9%
309,UAV 2,Control Center,LOW_BATTERY,Battery level: 22.5%
309,UAV 4,Control Center,LOW_BATTERY,Battery level: 24.8%
309,UAV 8,Control Center,LOW_BATTERY,Battery level: 20.0%
309,UAV 9,Control Center,LOW_BATTERY,Battery level: 26.8%
310,UAV 1,Control Center,LOW_BATTERY,Battery level: 26.9%
310,UAV 2,Control Center,LOW_BATTERY,Battery level: 22.5%
310,UAV 4,Control Center,LOW_BATTERY,Battery level: 24.8%
310,UAV 8,Control Center,LOW_BATTERY,Battery level: 20.0%
310,UAV 9,Control Center,LOW_BATTERY,Battery level: 26.8%
311,UAV 1,Control Center,LOW_BATTERY,Battery level: 26.9%
311,UAV 2,Control Center,LOW_BATTERY,Battery level: 22.5%
311,UAV 4,Control Center,LOW_BATTERY,Battery level: 24.8%
311,UAV 8,Control Center,LOW_BATTERY,Battery level: 20.0%
311,UAV 9,Control Center,LOW_BATTERY,Battery level: 26.8%
312,UAV 1,Control Center,LOW_BATTERY,Battery level: 26.9%
312,UAV 2,Control Center,LOW_BATTERY,Battery level: 22.5%
312,UAV 4,Control Center,LOW_BATTERY,Battery level: 24.8%
312,UAV 8,Control Center,LOW_BATTERY,Battery level: 20.0%
312,UAV 9,Control Center,LOW_BATTERY,Battery level: 26.8%
313,UAV 1,Control Center,LOW_BATTERY,Battery level: 26.9%
313,UAV 2,Control Center,LOW_BATTERY,Battery level: 22.5%
313,UAV 4,Control Center,LOW_BATTERY,Battery level: 24.8%
313,UAV 8,Control Center,LOW_BATTERY,Battery level: 20.0%
313,UAV 9,Control Center,LOW_BATTERY,Battery level: 26.8%
314,UAV 1,Control Center,LOW_BATTERY,Battery level: 26.9%
314,UAV 2,Control Center,LOW_BATTERY,Battery level: 22.5%
314,UAV 4,Control Center,LOW_BATTERY,Battery level: 24.8%
314,UAV 8,Control Center,LOW_BATTERY,Battery level: 20.0%
314,UAV 9,Control Center,LOW_BATTERY,Battery level: 26.8%
315,UAV 1,Control Center,LOW_BATTERY,Battery level: 26.9%
315,UAV 2,Control Center,LOW_BATTERY,Battery level: 22.5%
315,UAV 4,Control Center,LOW_BATTERY,Battery level: 24.8%
315,UAV 8,Control Center,LOW_BATTERY,Battery level: 20.0%
315,UAV 9,Control Center,LOW_BATTERY,Battery level: 26.8%
316,UAV 1,Control Center,LOW_BATTERY,Battery level: 26.9%
316,UAV 2,Control Center,LOW_BATTERY,Battery level: 22.5%
316,UAV 4,Control Center,LOW_BATTERY,Battery level: 24.8%
316,UAV 8,Control Center,LOW_BATTERY,Battery level: 20.0%
316,UAV 9,Control Center,LOW_BATTERY,Battery level: 26.8%
317,UAV 1,Control Center,LOW_BATTERY,Battery level: 26.9%
317,UAV 2,Control Center,LOW_BATTERY,Battery level: 22.5%
317,UAV 4,Control Center,LOW_BATTERY,Battery level: 24.8%
317,UAV 8,Control Center,LOW_BATTERY,Battery level: 20.0%
317,UAV 9,Control Center,LOW_BATTERY,Battery level: 26.8%
318,UAV 1,Control Center,LOW_BATTERY,Battery level: 26.9%
318,UAV 2,Control Center,LOW_BATTERY,Battery level: 22.5%
318,UAV 4,Control Center,LOW_BATTERY,Battery level: 24.8%
318,UAV 8,Control Center,LOW_BATTERY,Battery level: 20.0%
318,UAV 9,Control Center,LOW_BATTERY,Battery level: 26.8%
319,UAV 1,Control Center,LOW_BATTERY,Battery level: 26.9%
319,UAV 2,Control Center,LOW_BATTERY,Battery level: 22.5%
319,UAV 4,Control Center,LOW_BATTERY,Battery level: 24.8%
319,UAV 8,Control Center,LOW_BATTERY,Battery level: 20.0%
319,UAV 9,Control Center,LOW_BATTERY,Battery level: 26.8%
320,UAV 1,Control Center,LOW_BATTERY,Battery level: 26.9%
320,UAV 2,Control Center,LOW_BATTERY,Battery level: 22.5%
320,UAV 4,Control Center,LOW_BATTERY,Battery level: 24.8%
320,UAV 8,Control Center,LOW_BATTERY,Battery level: 20.0%
320,UAV 9,Control Center,LOW_BATTERY,Battery level: 26.8%
321,UAV 1,Control Center,LOW_BATTERY,Battery level: 26.9%
321,UAV 2,Control Center,LOW_BATTERY,Battery level: 22.5%
321,UAV 4,Control Center,LOW_BATTERY,Battery level: 24.8%
321,UAV 8,Control Center,LOW_BATTERY,Battery level: 20.0%
321,UAV 9,Control Center,LOW_BATTERY,Battery level: 26.8%
322,UAV 1,Control Center,LOW_BATTERY,Battery level: 26.9%
322,UAV 2,Control Center,LOW_BATTERY,Battery level: 22.5%
322,UAV 4,Control Center,LOW_BATTERY,Battery level: 24.8%
322,UAV 8,Control Center,LOW_BATTERY,Battery level: 20.0%
322,UAV 9,Control Center,LOW_BATTERY,Battery level: 26.8%
323,UAV 1,Control Center,LOW_BATTERY,Battery level: 26.9%
323,UAV 2,Control Center,LOW_BATTERY,Battery level: 22.5%
323,UAV 4,Control Center,LOW_BATTERY,Battery level: 24.8%
323,UAV 8,Control Center,LOW_BATTERY,Battery level: 20.0%
323,UAV 9,Control Center,LOW_BATTERY,Battery level: 26.8%
324,UAV 1,Control Center,LOW_BATTERY,Battery level: 26.9%
324,UAV 2,Control Center,LOW_BATTERY,Battery level: 22.5%
324,UAV 4,Control Center,LOW_BATTERY,Battery level: 24.8%
324,UAV 8,Control Center,LOW_BATTERY,Battery level: 20.0%
324,UAV 9,Control Center,LOW_BATTERY,Battery level: 26.8%
325,UAV 1,Control Center,LOW_BATTERY,Battery level: 26.9%
325,UAV 2,Control Center,LOW_BATTERY,Battery level: 22.5%
325,UAV 4,Control Center,LOW_BATTERY,Battery level: 24.8%
325,UAV 8,Control Center,LOW_BATTERY,Battery level: 20.0%
325,UAV 9,Control Center,LOW_BATTERY,Battery level: 26.8%
326,UAV 1,Control Center,LOW_BATTERY,Battery level: 26.9%
326,UAV 2,Control Center,LOW_BATTERY,Battery level: 22.5%
326,UAV 4,Control Center,LOW_BATTERY,Battery level: 24.8%
326,UAV 8,Control Center,LOW_BATTERY,Battery level: 20.0%
326,UAV 9,Control Center,LOW_BATTERY,Battery level: 26.8%
327,UAV 1,Control Center,LOW_BATTERY,Battery level: 26.9%
327,UAV 2,Control Center,LOW_BATTERY,Battery level: 22.5%
327,UAV 4,Control Center,LOW_BATTERY,Battery level: 24.8%
327,UAV 8,Control Center,LOW_BATTERY,Battery level: 20.0%
327,UAV 9,Control Center,LOW_BATTERY,Battery level: 26.8%
328,UAV 1,Control Center,LOW_BATTERY,Battery level: 26.9%
328,UAV 2,Control Center,LOW_BATTERY,Battery level: 22.5%
328,UAV 4,Control Center,LOW_BATTERY,Battery level: 24.8%
328,UAV 8,Control Center,LOW_BATTERY,Battery level: 20.0%
328,UAV 9,Control Center,LOW_BATTERY,Battery level: 26.8%
329,UAV 1,Control Center,LOW_BATTERY,Battery level: 26.9%
329,UAV 2,Control Center,LOW_BATTERY,Battery level: 22.5%
329,UAV 4,Control Center,LOW_BATTERY,Battery level: 24.8%
329,UAV 8,Control Center,LOW_BATTERY,Battery level: 20.0%
329,UAV 9,Control Center,LOW_BATTERY,Battery level: 26.8%
330,UAV 1,Control Center,LOW_BATTERY,Battery level: 26.9%
330,UAV 2,Control Center,LOW_BATTERY,Battery level: 22.5%
330,UAV 4,Control Center,LOW_BATTERY,Battery level: 24.8%
330,UAV 8,Control Center,LOW_BATTERY,Battery level: 20.0%
330,UAV 9,Control Center,LOW_BATTERY,Battery level: 26.8%
331,UAV 1,Control Center,LOW_BATTERY,Battery level: 26.9%
331,UAV 2,Control Center,LOW_BATTERY,Battery level: 22.5%
331,UAV 4,Control Center,LOW_BATTERY,Battery level: 24.8%
331,UAV 8,Control Center,LOW_BATTERY,Battery level: 20.0%
331,UAV 9,Control Center,LOW_BATTERY,Battery level: 26.8%
332,UAV 1,Control Center,LOW_BATTERY,Battery level: 26.9%
332,UAV 2,Control Center,LOW_BATTERY,Battery level: 22.5%
332,UAV 4,Control Center,LOW_BATTERY,Battery level: 24.8%
332,UAV 8,Control Center,LOW_BATTERY,Battery level: 20.0%
332,UAV 9,Control Center,LOW_BATTERY,Battery level: 26.8%
333,UAV 1,Control Center,LOW_BATTERY,Battery level: 26.9%
333,UAV 2,Control Center,LOW_BATTERY,Battery level: 22.5%
333,UAV 4,Control Center,LOW_BATTERY,Battery level: 24.8%
333,UAV 8,Control Center,LOW_BATTERY,Battery level: 20.0%
333,UAV 9,Control Center,LOW_BATTERY,Battery level: 26.8%
334,UAV 1,Control Center,LOW_BATTERY,Battery level: 26.9%
334,UAV 2,Control Center,LOW_BATTERY,Battery level: 22.5%
334,UAV 4,Control Center,LOW_BATTERY,Battery level: 24.8%
334,UAV 8,Control Center,LOW_BATTERY,Battery level: 20.0%
334,UAV 9,Control Center,LOW_BATTERY,Battery level: 26.8%
335,UAV 1,Control Center,LOW_BATTERY,Battery level: 26.9%
335,UAV 2,Control Center,LOW_BATTERY,Battery level: 22.5%
335,UAV 4,Control Center,LOW_BATTERY,Battery level: 24.8%
335,UAV 8,Control Center,LOW_BATTERY,Battery level: 20.0%
335,UAV 9,Control Center,LOW_BATTERY,Battery level: 26.8%
336,UAV 1,Control Center,LOW_BATTERY,Battery level: 26.9%
336,UAV 2,Control Center,LOW_BATTERY,Battery level: 22.5%
336,UAV 4,Control Center,LOW_BATTERY,Battery level: 24.8%
336,UAV 8,Control Center,LOW_BATTERY,Battery level: 20.0%
336,UAV 9,Control Center,LOW_BATTERY,Battery level: 26.8%
337,UAV 1,Control Center,LOW_BATTERY,Battery level: 26.9%
337,UAV 2,Control Center,LOW_BATTERY,Battery level: 22.5%
337,UAV 4,Control Center,LOW_BATTERY,Battery level: 24.8%
337,UAV 8,Control Center,LOW_BATTERY,Battery level: 20.0%
337,UAV 9,Control Center,LOW_BATTERY,Battery level: 26.8%
338,UAV 1,Control Center,LOW_BATTERY,Battery level: 26.9%
338,UAV 2,Control Center,LOW_BATTERY,Battery level: 22.5%
338,UAV 4,Control Center,LOW_BATTERY,Battery level: 24.8%
338,UAV 8,Control Center,LOW_BATTERY,Battery level: 20.0%
338,UAV 9,Control Center,LOW_BATTERY,Battery level: 26.8%
339,UAV 1,Control Center,LOW_BATTERY,Battery level: 26.9%
339,UAV 2,Control Center,LOW_BATTERY,Battery level: 22.5%
339,UAV 4,Control Center,LOW_BATTERY,Battery level: 24.8%
339,UAV 8,Control Center,LOW_BATTERY,Battery level: 20.0%
339,UAV 9,Control Center,LOW_BATTERY,Battery level: 26.8%
340,UAV 1,Control Center,LOW_BATTERY,Battery level: 26.9%
340,UAV 2,Control Center,LOW_BATTERY,Battery level: 22.5%
340,UAV 4,Control Center,LOW_BATTERY,Battery level: 24.8%
340,UAV 8,Control Center,LOW_BATTERY,Battery level: 20.0%
340,UAV 9,Control Center,LOW_BATTERY,Battery level: 26.8%
341,UAV 1,Control Center,LOW_BATTERY,Battery level: 26.9%
341,UAV 2,Control Center,LOW_BATTERY,Battery level: 22.5%
341,UAV 4,Control Center,LOW_BATTERY,Battery level: 24.8%
341,UAV 8,Control Center,LOW_BATTERY,Battery level: 20.0%
341,UAV 9,Control Center,LOW_BATTERY,Battery level: 26.8%
342,UAV 1,Control Center,LOW_BATTERY,Battery level: 26.9%
342,UAV 2,Control Center,LOW_BATTERY,Battery level: 22.5%
342,UAV 4,Control Center,LOW_BATTERY,Battery level: 24.8%
342,UAV 8,Control Center,LOW_BATTERY,Battery level: 20.0%
342,UAV 9,Control Center,LOW_BATTERY,Battery level: 26.8%
343,UAV 1,Control Center,LOW_BATTERY,Battery level: 26.9%
343,UAV 2,Control Center,LOW_BATTERY,Battery level: 22.5%
343,UAV 4,Control Center,LOW_BATTERY,Battery level: 24.8%
343,UAV 8,Control Center,LOW_BATTERY,Battery level: 20.0%
343,UAV 9,Control Center,LOW_BATTERY,Battery level: 26.8%
344,UAV 1,Control Center,LOW_BATTERY,Battery level: 26.9%
344,UAV 2,Control Center,LOW_BATTERY,Battery level: 22.5%
344,UAV 4,Control Center,LOW_BATTERY,Battery level: 24.8%
344,UAV 8,Control Center,LOW_BATTERY,Battery level: 20.0%
344,UAV 9,Control Center,LOW_BATTERY,Battery level: 26.8%
345,UAV 1,Control Center,LOW_BATTERY,Battery level: 26.9%
345,UAV 2,Control Center,LOW_BATTERY,Battery level: 22.5%
345,UAV 4,Control Center,LOW_BATTERY,Battery level: 24.8%
345,UAV 8,Control Center,LOW_BATTERY,Battery level: 20.0%
345,UAV 9,Control Center,LOW_BATTERY,Battery level: 26.8%
346,UAV 1,Control Center,LOW_BATTERY,Battery level: 26.9%
346,UAV 2,Control Center,LOW_BATTERY,Battery level: 22.5%
346,UAV 4,Control Center,LOW_BATTERY,Battery level: 24.8%
346,UAV 8,Control Center,LOW_BATTERY,Battery level: 20.0%
346,UAV 9,Control Center,LOW_BATTERY,Battery level: 26.8%
347,UAV 1,Control Center,LOW_BATTERY,Battery level: 26.9%
347,UAV 2,Control Center,LOW_BATTERY,Battery level: 22.5%
347,UAV 4,Control Center,LOW_BATTERY,Battery level: 24.8%
347,UAV 8,Control Center,LOW_BATTERY,Battery level: 20.0%
347,UAV 9,Control Center,LOW_BATTERY,Battery level: 26.8%
348,UAV 1,Control Center,LOW_BATTERY,Battery level: 26.9%
348,UAV 2,Control Center,LOW_BATTERY,Battery level: 22.5%
348,UAV 4,Control Center,LOW_BATTERY,Battery level: 24.8%
348,UAV 8,Control Center,LOW_BATTERY,Battery level: 20.0%
348,UAV 9,Control Center,LOW_BATTERY,Battery level: 26.8%
349,UAV 1,Control Center,LOW_BATTERY,Battery level: 26.9%
349,UAV 2,Control Center,LOW_BATTERY,Battery level: 22.5%
349,UAV 4,Control Center,LOW_BATTERY,Battery level: 24.8%
349,UAV 8,Control Center,LOW_BATTERY,Battery level: 20.0%
349,UAV 9,Control Center,LOW_BATTERY,Battery level: 26.8%
350,UAV 1,Control Center,LOW_BATTERY,Battery level: 26.9%
350,UAV 2,Control Center,LOW_BATTERY,Battery level: 22.5%
350,UAV 4,Control Center,LOW_BATTERY,Battery level: 24.8%
350,UAV 8,Control Center,LOW_BATTERY,Battery level: 20.0%
350,UAV 9,Control Center,LOW_BATTERY,Battery level: 26.8%
351,UAV 1,Control Center,LOW_BATTERY,Battery level: 26.9%
351,UAV 2,Control Center,LOW_BATTERY,Battery level: 22.5%
351,UAV 4,Control Center,LOW_BATTERY,Battery level: 24.8%
351,UAV 8,Control Center,LOW_BATTERY,Battery level: 20.0%
351,UAV 9,Control Center,LOW_BATTERY,Battery level: 26.8%
352,UAV 1,Control Center,LOW_BATTERY,Battery level: 26.9%
352,UAV 2,Control Center,LOW_BATTERY,Battery level: 22.5%
352,UAV 4,Control Center,LOW_BATTERY,Battery level: 24.8%
352,UAV 8,Control Center,LOW_BATTERY,Battery level: 20.0%
352,UAV 9,Control Center,LOW_BATTERY,Battery level: 26.8%
353,UAV 1,Control Center,LOW_BATTERY,Battery level: 26.9%
353,UAV 2,Control Center,LOW_BATTERY,Battery level: 22.5%
353,UAV 4,Control Center,LOW_BATTERY,Battery level: 24.8%
353,UAV 8,Control Center,LOW_BATTERY,Battery level: 20.0%
353,UAV 9,Control Center,LOW_BATTERY,Battery level: 26.8%
354,UAV 1,Control Center,LOW_BATTERY,Battery level: 26.9%
354,UAV 2,Control Center,LOW_BATTERY,Battery level: 22.5%
354,UAV 4,Control Center,LOW_BATTERY,Battery level: 24.8%
354,UAV 8,Control Center,LOW_BATTERY,Battery level: 20.0%
354,UAV 9,Control Center,LOW_BATTERY,Battery level: 26.8%
355,UAV 1,Control Center,LOW_BATTERY,Battery level: 26.9%
355,UAV 2,Control Center,LOW_BATTERY,Battery level: 22.5%
355,UAV 4,Control Center,LOW_BATTERY,Battery level: 24.8%
355,UAV 8,Control Center,LOW_BATTERY,Battery level: 20.0%
355,UAV 9,Control Center,LOW_BATTERY,Battery level: 26.8%
356,UAV 1,Control Center,LOW_BATTERY,Battery level: 26.9%
356,UAV 2,Control Center,LOW_BATTERY,Battery level: 22.5%
356,UAV 4,Control Center,LOW_BATTERY,Battery level: 24.8%
356,UAV 8,Control Center,LOW_BATTERY,Battery level: 20.0%
356,UAV 9,Control Center,LOW_BATTERY,Battery level: 26.8%
357,UAV 1,Control Center,LOW_BATTERY,Battery level: 26.9%
357,UAV 2,Control Center,LOW_BATTERY,Battery level: 22.5%
357,UAV 4,Control Center,LOW_BATTERY,Battery level: 24.8%
357,UAV 8,Control Center,LOW_BATTERY,Battery level: 20.0%
357,UAV 9,Control Center,LOW_BATTERY,Battery level: 26.8%
358,UAV 1,Control Center,LOW_BATTERY,Battery level: 26.9%
358,UAV 2,Control Center,LOW_BATTERY,Battery level: 22.5%
358,UAV 4,Control Center,LOW_BATTERY,Battery level: 24.8%
358,UAV 8,Control Center,LOW_BATTERY,Battery level: 20.0%
358,UAV 9,Control Center,LOW_BATTERY,Battery level: 26.8%
359,UAV 1,Control Center,LOW_BATTERY,Battery level: 26.9%
359,UAV 2,Control Center,LOW_BATTERY,Battery level: 22.5%
359,UAV 4,Control Center,LOW_BATTERY,Battery level: 24.8%
359,UAV 8,Control Center,LOW_BATTERY,Battery level: 20.0%
359,UAV 9,Control Center,LOW_BATTERY,Battery level: 26.8%
360,UAV 1,Control Center,LOW_BATTERY,Battery level: 26.9%
360,UAV 2,Control Center,LOW_BATTERY,Battery level: 22.5%
360,UAV 4,Control Center,LOW_BATTERY,Battery level: 24.8%
360,UAV 8,Control Center,LOW_BATTERY,Battery level: 20.0%
360,UAV 9,Control Center,LOW_BATTERY,Battery level: 26.8%
361,UAV 1,Control Center,LOW_BATTERY,Battery level: 26.9%
361,UAV 2,Control Center,LOW_BATTERY,Battery level: 22.5%
361,UAV 4,Control Center,LOW_BATTERY,Battery level: 24.8%
361,UAV 8,Control Center,LOW_BATTERY,Battery level: 20.0%
361,UAV 9,Control Center,LOW_BATTERY,Battery level: 26.8%
362,UAV 1,Control Center,LOW_BATTERY,Battery level: 26.9%
362,UAV 2,Control Center,LOW_BATTERY,Battery level: 22.5%
362,UAV 4,Control Center,LOW_BATTERY,Battery level: 24.8%
362,UAV 8,Control Center,LOW_BATTERY,Battery level: 20.0%
362,UAV 9,Control Center,LOW_BATTERY,Battery level: 26.8%
363,UAV 1,Control Center,LOW_BATTERY,Battery level: 26.9%
363,UAV 2,Control Center,LOW_BATTERY,Battery level: 22.5%
363,UAV 4,Control Center,LOW_BATTERY,Battery level: 24.8%
363,UAV 8,Control Center,LOW_BATTERY,Battery level: 20.0%
363,UAV 9,Control Center,LOW_BATTERY,Battery level: 26.8%
364,UAV 1,Control Center,LOW_BATTERY,Battery level: 26.9%
364,UAV 2,Control Center,LOW_BATTERY,Battery level: 22.5%
364,UAV 4,Control Center,LOW_BATTERY,Battery level: 24.8%
364,UAV 8,Control Center,LOW_BATTERY,Battery level: 20.0%
364,UAV 9,Control Center,LOW_BATTERY,Battery level: 26.8%
365,UAV 1,Control Center,LOW_BATTERY,Battery level: 26.9%
365,UAV 2,Control Center,LOW_BATTERY,Battery level: 22.5%
365,UAV 4,Control Center,LOW_BATTERY,Battery level: 24.8%
365,UAV 8,Control Center,LOW_BATTERY,Battery level: 20.0%
365,UAV 9,Control Center,LOW_BATTERY,Battery level: 26.8%
366,UAV 1,Control Center,LOW_BATTERY,Battery level: 26.9%
366,UAV 2,Control Center,LOW_BATTERY,Battery level: 22.5%
366,UAV 4,Control Center,LOW_BATTERY,Battery level: 24.8%
366,UAV 8,Control Center,LOW_BATTERY,Battery level: 20.0%
366,UAV 9,Control Center,LOW_BATTERY,Battery level: 26.8%
367,UAV 1,Control Center,LOW_BATTERY,Battery level: 26.9%
367,UAV 2,Control Center,LOW_BATTERY,Battery level: 22.5%
367,UAV 4,Control Center,LOW_BATTERY,Battery level: 24.8%
367,UAV 8,Control Center,LOW_BATTERY,Battery level: 20.0%
367,UAV 9,Control Center,LOW_BATTERY,Battery level: 26.8%
368,UAV 1,Control Center,LOW_BATTERY,Battery level: 26.9%
368,UAV 2,Control Center,LOW_BATTERY,Battery level: 22.5%
368,UAV 4,Control Center,LOW_BATTERY,Battery level: 24.8%
368,UAV 8,Control Center,LOW_BATTERY,Battery level: 20.0%
368,UAV 9,Control Center,LOW_BATTERY,Battery level: 26.8%
369,UAV 1,Control Center,LOW_BATTERY,Battery level: 26.9%
369,UAV 2,Control Center,LOW_BATTERY,Battery level: 22.5%
369,UAV 4,Control Center,LOW_BATTERY,Battery level: 24.8%
369,UAV 8,Control Center,LOW_BATTERY,Battery level: 20.0%
369,UAV 9,Control Center,LOW_BATTERY,Battery level: 26.8%
370,UAV 1,Control Center,LOW_BATTERY,Battery level: 26.9%
370,UAV 2,Control Center,LOW_BATTERY,Battery level: 22.5%
370,UAV 4,Control Center,LOW_BATTERY,Battery level: 24.8%
370,UAV 8,Control Center,LOW_BATTERY,Battery level: 20.0%
370,UAV 9,Control Center,LOW_BATTERY,Battery level: 26.8%
371,UAV 1,Control Center,LOW_BATTERY,Battery level: 26.9%
371,UAV 2,Control Center,LOW_BATTERY,Battery level: 22.5%
371,UAV 4,Control Center,LOW_BATTERY,Battery level: 24.8%
371,UAV 8,Control Center,LOW_BATTERY,Battery level: 20.0%
371,UAV 9,Control Center,LOW_BATTERY,Battery level: 26.8%
372,UAV 1,Control Center,LOW_BATTERY,Battery level: 26.9%
372,UAV 2,Control Center,LOW_BATTERY,Battery level: 22.5%
372,UAV 4,Control Center,LOW_BATTERY,Battery level: 24.8%
372,UAV 8,Control Center,LOW_BATTERY,Battery level: 20.0%
372,UAV 9,Control Center,LOW_BATTERY,Battery level: 26.8%
373,UAV 1,Control Center,LOW_BATTERY,Battery level: 26.9%
373,UAV 2,Control Center,LOW_BATTERY,Battery level: 22.5%
373,UAV 4,Control Center,LOW_BATTERY,Battery level: 24.8%
373,UAV 8,Control Center,LOW_BATTERY,Battery level: 20.0%
373,UAV 9,Control Center,LOW_BATTERY,Battery level: 26.8%
374,UAV 1,Control Center,LOW_BATTERY,Battery level: 26.9%
374,UAV 2,Control Center,LOW_BATTERY,Battery level: 22.5%
374,UAV 4,Control Center,LOW_BATTERY,Battery level: 24.8%
374,UAV 8,Control Center,LOW_BATTERY,Battery level: 20.0%
374,UAV 9,Control Center,LOW_BATTERY,Battery level: 26.8%
375,UAV 1,Control Center,LOW_BATTERY,Battery level: 26.9%
375,UAV 2,Control Center,LOW_BATTERY,Battery level: 22.5%
375,UAV 4,Control Center,LOW_BATTERY,Battery level: 24.8%
375,UAV 8,Control Center,LOW_BATTERY,Battery level: 20.0%
375,UAV 9,Control Center,LOW_BATTERY,Battery level: 26.8%
376,UAV 1,Control Center,LOW_BATTERY,Battery level: 26.9%
376,UAV 2,Control Center,LOW_BATTERY,Battery level: 22.5%
376,UAV 4,Control Center,LOW_BATTERY,Battery level: 24.8%
376,UAV 8,Control Center,LOW_BATTERY,Battery level: 20.0%
376,UAV 9,Control Center,LOW_BATTERY,Battery level: 26.8%
377,UAV 1,Control Center,LOW_BATTERY,Battery level: 26.9%
377,UAV 2,Control Center,LOW_BATTERY,Battery level: 22.5%
377,UAV 4,Control Center,LOW_BATTERY,Battery level: 24.8%
377,UAV 8,Control Center,LOW_BATTERY,Battery level: 20.0%
377,UAV 9,Control Center,LOW_BATTERY,Battery level: 26.8%
378,UAV 1,Control Center,LOW_BATTERY,Battery level: 26.9%
378,UAV 2,Control Center,LOW_BATTERY,Battery level: 22.5%
378,UAV 4,Control Center,LOW_BATTERY,Battery level: 24.8%
378,UAV 8,Control Center,LOW_BATTERY,Battery level: 20.0%
378,UAV 9,Control Center,LOW_BATTERY,Battery level: 26.8%
379,UAV 1,Control Center,LOW_BATTERY,Battery level: 26.9%
379,UAV 2,Control Center,LOW_BATTERY,Battery level: 22.5%
379,UAV 4,Control Center,LOW_BATTERY,Battery level: 24.8%
379,UAV 8,Control Center,LOW_BATTERY,Battery level: 20.0%
379,UAV 9,Control Center,LOW_BATTERY,Battery level: 26.8%
380,UAV 1,Control Center,LOW_BATTERY,Battery level: 26.9%
380,UAV 2,Control Center,LOW_BATTERY,Battery level: 22.5%
380,UAV 4,Control Center,LOW_BATTERY,Battery level: 24.8%
380,UAV 8,Control Center,LOW_BATTERY,Battery level: 20.0%
380,UAV 9,Control Center,LOW_BATTERY,Battery level: 26.8%
381,UAV 1,Control Center,LOW_BATTERY,Battery level: 26.9%
381,UAV 2,Control Center,LOW_BATTERY,Battery level: 22.5%
381,UAV 4,Control Center,LOW_BATTERY,Battery level: 24.8%
381,UAV 8,Control Center,LOW_BATTERY,Battery level: 20.0%
381,UAV 9,Control Center,LOW_BATTERY,Battery level: 26.8%
382,UAV 1,Control Center,LOW_BATTERY,Battery level: 26.9%
382,UAV 2,Control Center,LOW_BATTERY,Battery level: 22.5%
382,UAV 4,Control Center,LOW_BATTERY,Battery level: 24.8%
382,UAV 8,Control Center,LOW_BATTERY,Battery level: 20.0%
382,UAV 9,Control Center,LOW_BATTERY,Battery level: 26.8%
383,UAV 1,Control Center,LOW_BATTERY,Battery level: 26.9%
383,UAV 2,Control Center,LOW_BATTERY,Battery level: 22.5%
383,UAV 4,Control Center,LOW_BATTERY,Battery level: 24.8%
383,UAV 8,Control Center,LOW_BATTERY,Battery level: 20.0%
383,UAV 9,Control Center,LOW_BATTERY,Battery level: 26.8%
384,UAV 1,Control Center,LOW_BATTERY,Battery level: 26.9%
384,UAV 2,Control Center,LOW_BATTERY,Battery level: 22.5%
384,UAV 4,Control Center,LOW_BATTERY,Battery level: 24.8%
384,UAV 8,Control Center,LOW_BATTERY,Battery level: 20.0%
384,UAV 9,Control Center,LOW_BATTERY,Battery level: 26.8%
385,UAV 1,Control Center,LOW_BATTERY,Battery level: 26.9%
385,UAV 2,Control Center,LOW_BATTERY,Battery level: 22.5%
385,UAV 4,Control Center,LOW_BATTERY,Battery level: 24.8%
385,UAV 8,Control Center,LOW_BATTERY,Battery level: 20.0%
385,UAV 9,Control Center,LOW_BATTERY,Battery level: 26.8%
386,UAV 1,Control Center,LOW_BATTERY,Battery level: 26.9%
386,UAV 2,Control Center,LOW_BATTERY,Battery level: 22.5%
386,UAV 4,Control Center,LOW_BATTERY,Battery level: 24.8%
386,UAV 8,Control Center,LOW_BATTERY,Battery level: 20.0%
386,UAV 9,Control Center,LOW_BATTERY,Battery level: 26.8%
387,UAV 1,Control Center,LOW_BATTERY,Battery level: 26.9%
387,UAV 2,Control Center,LOW_BATTERY,Battery level: 22.5%
387,UAV 4,Control Center,LOW_BATTERY,Battery level: 24.8%
387,UAV 8,Control Center,LOW_BATTERY,Battery level: 20.0%
387,UAV 9,Control Center,LOW_BATTERY,Battery level: 26.8%
388,UAV 1,Control Center,LOW_BATTERY,Battery level: 26.9%
388,UAV 2,Control Center,LOW_BATTERY,Battery level: 22.5%
388,UAV 4,Control Center,LOW_BATTERY,Battery level: 24.8%
388,UAV 8,Control Center,LOW_BATTERY,Battery level: 20.0%
388,UAV 9,Control Center,LOW_BATTERY,Battery level: 26.8%
389,UAV 1,Control Center,LOW_BATTERY,Battery level: 26.9%
389,UAV 2,Control Center,LOW_BATTERY,Battery level: 22.5%
389,UAV 4,Control Center,LOW_BATTERY,Battery level: 24.8%
389,UAV 8,Control Center,LOW_BATTERY,Battery level: 20.0%
389,UAV 9,Control Center,LOW_BATTERY,Battery level: 26.8%
390,UAV 1,Control Center,LOW_BATTERY,Battery level: 26.9%
390,UAV 2,Control Center,LOW_BATTERY,Battery level: 22.5%
390,UAV 4,Control Center,LOW_BATTERY,Battery level: 24.8%
390,UAV 8,Control Center,LOW_BATTERY,Battery level: 20.0%
390,UAV 9,Control Center,LOW_BATTERY,Battery level: 26.8%
391,UAV 1,Control Center,LOW_BATTERY,Battery level: 26.9%
391,UAV 2,Control Center,LOW_BATTERY,Battery level: 22.5%
391,UAV 4,Control Center,LOW_BATTERY,Battery level: 24.8%
391,UAV 8,Control Center,LOW_BATTERY,Battery level: 20.0%
391,UAV 9,Control Center,LOW_BATTERY,Battery level: 26.8%
392,UAV 1,Control Center,LOW_BATTERY,Battery level: 26.9%
392,UAV 2,Control Center,LOW_BATTERY,Battery level: 22.5%
392,UAV 4,Control Center,LOW_BATTERY,Battery level: 24.8%
392,UAV 8,Control Center,LOW_BATTERY,Battery level: 20.0%
392,UAV 9,Control Center,LOW_BATTERY,Battery level: 26.8%
393,UAV 1,Control Center,LOW_BATTERY,Battery level: 26.9%
393,UAV 2,Control Center,LOW_BATTERY,Battery level: 22.5%
393,UAV 4,Control Center,LOW_BATTERY,Battery level: 24.8%
393,UAV 8,Control Center,LOW_BATTERY,Battery level: 20.0%
393,UAV 9,Control Center,LOW_BATTERY,Battery level: 26.8%
394,UAV 1,Control Center,LOW_BATTERY,Battery level: 26.9%
394,UAV 2,Control Center,LOW_BATTERY,Battery level: 22.5%
394,UAV 4,Control Center,LOW_BATTERY,Battery level: 24.8%
394,UAV 8,Control Center,LOW_BATTERY,Battery level: 20.0%
394,UAV 9,Control Center,LOW_BATTERY,Battery level: 26.8%
395,UAV 1,Control Center,LOW_BATTERY,Battery level: 26.9%
395,UAV 2,Control Center,LOW_BATTERY,Battery level: 22.5%
395,UAV 4,Control Center,LOW_BATTERY,Battery level: 24.8%
395,UAV 8,Control Center,LOW_BATTERY,Battery level: 20.0%
395,UAV 9,Control Center,LOW_BATTERY,Battery level: 26.8%
396,UAV 1,Control Center,LOW_BATTERY,Battery level: 26.9%
396,UAV 2,Control Center,LOW_BATTERY,Battery level: 22.5%
396,UAV 4,Control Center,LOW_BATTERY,Battery level: 24.8%
396,UAV 8,Control Center,LOW_BATTERY,Battery level: 20.0%
396,UAV 9,Control Center,LOW_BATTERY,Battery level: 26.8%
397,UAV 1,Control Center,LOW_BATTERY,Battery level: 26.9%
397,UAV 2,Control Center,LOW_BATTERY,Battery level: 22.5%
397,UAV 4,Control Center,LOW_BATTERY,Battery level: 24.8%
397,UAV 8,Control Center,LOW_BATTERY,Battery level: 20.0%
397,UAV 9,Control Center,LOW_BATTERY,Battery level: 26.8%
398,UAV 1,Control Center,LOW_BATTERY,Battery level: 26.9%
398,UAV 2,Control Center,LOW_BATTERY,Battery level: 22.5%
398,UAV 4,Control Center,LOW_BATTERY,Battery level: 24.8%
398,UAV 8,Control Center,LOW_BATTERY,Battery level: 20.0%
398,UAV 9,Control Center,LOW_BATTERY,Battery level: 26.8%
399,UAV 1,Control Center,LOW_BATTERY,Battery level: 26.9%
399,UAV 2,Control Center,LOW_BATTERY,Battery level: 22.5%
399,UAV 4,Control Center,LOW_BATTERY,Battery level: 24.8%
399,UAV 8,Control Center,LOW_BATTERY,Battery level: 20.0%
399,UAV 9,Control Center,LOW_BATTERY,Battery level: 26.8%
400,UAV 1,Control Center,LOW_BATTERY,Battery level: 26.9%
400,UAV 2,Control Center,LOW_BATTERY,Battery level: 22.5%
400,UAV 4,Control Center,LOW_BATTERY,Battery level: 24.8%
400,UAV 8,Control Center,LOW_BATTERY,Battery level: 20.0%
400,UAV 9,Control Center,LOW_BATTERY,Battery level: 26.8%
401,UAV 1,Control Center,LOW_BATTERY,Battery level: 26.9%
401,UAV 2,Control Center,LOW_BATTERY,Battery level: 22.5%
401,UAV 4,Control Center,LOW_BATTERY,Battery level: 24.8%
401,UAV 8,Control Center,LOW_BATTERY,Battery level: 20.0%
401,UAV 9,Control Center,LOW_BATTERY,Battery level: 26.8%
402,UAV 1,Control Center,LOW_BATTERY,Battery level: 26.9%
402,UAV 2,Control Center,LOW_BATTERY,Battery level: 22.5%
402,UAV 4,Control Center,LOW_BATTERY,Battery level: 24.8%
402,UAV 8,Control Center,LOW_BATTERY,Battery level: 20.0%
402,UAV 9,Control Center,LOW_BATTERY,Battery level: 26.8%
403,UAV 1,Control Center,LOW_BATTERY,Battery level: 26.9%
403,UAV 2,Control Center,LOW_BATTERY,Battery level: 22.5%
403,UAV 4,Control Center,LOW_BATTERY,Battery level: 24.8%
403,UAV 8,Control Center,LOW_BATTERY,Battery level: 20.0%
403,UAV 9,Control Center,LOW_BATTERY,Battery level: 26.8%
404,UAV 1,Control Center,LOW_BATTERY,Battery level: 26.9%
404,UAV 2,Control Center,LOW_BATTERY,Battery level: 22.5%
404,UAV 4,Control Center,LOW_BATTERY,Battery level: 24.8%
404,UAV 8,Control Center,LOW_BATTERY,Battery level: 20.0%
404,UAV 9,Control Center,LOW_BATTERY,Battery level: 26.8%
405,UAV 1,Control Center,LOW_BATTERY,Battery level: 26.9%
405,UAV 2,Control Center,LOW_BATTERY,Battery level: 22.5%
405,UAV 4,Control Center,LOW_BATTERY,Battery level: 24.8%
405,UAV 8,Control Center,LOW_BATTERY,Battery level: 20.0%
405,UAV 9,Control Center,LOW_BATTERY,Battery level: 26.8%
406,UAV 1,Control Center,LOW_BATTERY,Battery level: 26.9%
406,UAV 2,Control Center,LOW_BATTERY,Battery level: 22.5%
406,UAV 4,Control Center,LOW_BATTERY,Battery level: 24.8%
406,UAV 8,Control Center,LOW_BATTERY,Battery level: 20.0%
406,UAV 9,Control Center,LOW_BATTERY,Battery level: 26.8%
407,UAV 1,Control Center,LOW_BATTERY,Battery level: 26.9%
407,UAV 2,Control Center,LOW_BATTERY,Battery level: 22.5%
407,UAV 4,Control Center,LOW_BATTERY,Battery level: 24.8%
407,UAV 8,Control Center,LOW_BATTERY,Battery level: 20.0%
407,UAV 9,Control Center,LOW_BATTERY,Battery level: 26.8%
408,UAV 1,Control Center,LOW_BATTERY,Battery level: 26.9%
408,UAV 2,Control Center,LOW_BATTERY,Battery level: 22.5%
408,UAV 4,Control Center,LOW_BATTERY,Battery level: 24.8%
408,UAV 8,Control Center,LOW_BATTERY,Battery level: 20.0%
408,UAV 9,Control Center,LOW_BATTERY,Battery level: 26.8%
409,UAV 1,Control Center,LOW_BATTERY,Battery level: 26.9%
409,UAV 2,Control Center,LOW_BATTERY,Battery level: 22.5%
409,UAV 4,Control Center,LOW_BATTERY,Battery level: 24.8%
409,UAV 8,Control Center,LOW_BATTERY,Battery level: 20.0%
409,UAV 9,Control Center,LOW_BATTERY,Battery level: 26.8%
410,UAV 1,Control Center,LOW_BATTERY,Battery level: 26.9%
410,UAV 2,Control Center,LOW_BATTERY,Battery level: 22.5%
410,UAV 4,Control Center,LOW_BATTERY,Battery level: 24.8%
410,UAV 8,Control Center,LOW_BATTERY,Battery level: 20.0%
410,UAV 9,Control Center,LOW_BATTERY,Battery level: 26.8%
411,UAV 1,Control Center,LOW_BATTERY,Battery level: 26.9%
411,UAV 2,Control Center,LOW_BATTERY,Battery level: 22.5%
411,UAV 4,Control Center,LOW_BATTERY,Battery level: 24.8%
411,UAV 8,Control Center,LOW_BATTERY,Battery level: 20.0%
411,UAV 9,Control Center,LOW_BATTERY,Battery level: 26.8%
412,UAV 1,Control Center,LOW_BATTERY,Battery level: 26.9%
412,UAV 2,Control Center,LOW_BATTERY,Battery level: 22.5%
412,UAV 4,Control Center,LOW_BATTERY,Battery level: 24.8%
412,UAV 8,Control Center,LOW_BATTERY,Battery level: 20.0%
412,UAV 9,Control Center,LOW_BATTERY,Battery level: 26.8%
413,UAV 1,Control Center,LOW_BATTERY,Battery level: 26.9%
413,UAV 2,Control Center,LOW_BATTERY,Battery level: 22.5%
413,UAV 4,Control Center,LOW_BATTERY,Battery level: 24.8%
413,UAV 8,Control Center,LOW_BATTERY,Battery level: 20.0%
413,UAV 9,Control Center,LOW_BATTERY,Battery level: 26.8%
414,UAV 1,Control Center,LOW_BATTERY,Battery level: 26.9%
414,UAV 2,Control Center,LOW_BATTERY,Battery level: 22.5%
414,UAV 4,Control Center,LOW_BATTERY,Battery level: 24.8%
414,UAV 8,Control Center,LOW_BATTERY,Battery level: 20.0%
414,UAV 9,Control Center,LOW_BATTERY,Battery level: 26.8%
415,UAV 1,Control Center,LOW_BATTERY,Battery level: 26.9%
415,UAV 2,Control Center,LOW_BATTERY,Battery level: 22.5%
415,UAV 4,Control Center,LOW_BATTERY,Battery level: 24.8%
415,UAV 8,Control Center,LOW_BATTERY,Battery level: 20.0%
415,UAV 9,Control Center,LOW_BATTERY,Battery level: 26.8%
416,UAV 1,Control Center,LOW_BATTERY,Battery level: 26.9%
416,UAV 2,Control Center,LOW_BATTERY,Battery level: 22.5%
416,UAV 4,Control Center,LOW_BATTERY,Battery level: 24.8%
416,UAV 8,Control Center,LOW_BATTERY,Battery level: 20.0%
416,UAV 9,Control Center,LOW_BATTERY,Battery level: 26.8%
417,UAV 1,Control Center,LOW_BATTERY,Battery level: 26.9%
417,UAV 2,Control Center,LOW_BATTERY,Battery level: 22.5%
417,UAV 4,Control Center,LOW_BATTERY,Battery level: 24.8%
417,UAV 8,Control Center,LOW_BATTERY,Battery level: 20.0%
417,UAV 9,Control Center,LOW_BATTERY,Battery level: 26.8%
418,UAV 1,Control Center,LOW_BATTERY,Battery level: 26.9%
418,UAV 2,Control Center,LOW_BATTERY,Battery level: 22.5%
418,UAV 4,Control Center,LOW_BATTERY,Battery level: 24.8%
418,UAV 8,Control Center,LOW_BATTERY,Battery level: 20.0%
418,UAV 9,Control Center,LOW_BATTERY,Battery level: 26.8%
419,UAV 1,Control Center,LOW_BATTERY,Battery level: 26.9%
419,UAV 2,Control Center,LOW_BATTERY,Battery level: 22.5%
419,UAV 4,Control Center,LOW_BATTERY,Battery level: 24.8%
419,UAV 8,Control Center,LOW_BATTERY,Battery level: 20.0%
419,UAV 9,Control Center,LOW_BATTERY,Battery level: 26.8%
420,UAV 1,Control Center,LOW_BATTERY,Battery level: 26.9%
420,UAV 2,Control Center,LOW_BATTERY,Battery level: 22.5%
420,UAV 4,Control Center,LOW_BATTERY,Battery level: 24.8%
420,UAV 8,Control Center,LOW_BATTERY,Battery level: 20.0%
420,UAV 9,Control Center,LOW_BATTERY,Battery level: 26.8%
421,UAV 1,Control Center,LOW_BATTERY,Battery level: 26.9%
421,UAV 2,Control Center,LOW_BATTERY,Battery level: 22.5%
421,UAV 4,Control Center,LOW_BATTERY,Battery level: 24.8%
421,UAV 8,Control Center,LOW_BATTERY,Battery level: 20.0%
421,UAV 9,Control Center,LOW_BATTERY,Battery level: 26.8%
422,UAV 1,Control Center,LOW_BATTERY,Battery level: 26.9%
422,UAV 2,Control Center,LOW_BATTERY,Battery level: 22.5%
422,UAV 4,Control Center,LOW_BATTERY,Battery level: 24.8%
422,UAV 8,Control Center,LOW_BATTERY,Battery level: 20.0%
422,UAV 9,Control Center,LOW_BATTERY,Battery level: 26.8%
423,UAV 1,Control Center,LOW_BATTERY,Battery level: 26.9%
423,UAV 2,Control Center,LOW_BATTERY,Battery level: 22.5%
423,UAV 4,Control Center,LOW_BATTERY,Battery level: 24.8%
423,UAV 8,Control Center,LOW_BATTERY,Battery level: 20.0%
423,UAV 9,Control Center,LOW_BATTERY,Battery level: 26.8%
424,UAV 1,Control Center,LOW_BATTERY,Battery level: 26.9%
424,UAV 2,Control Center,LOW_BATTERY,Battery level: 22.5%
424,UAV 4,Control Center,LOW_BATTERY,Battery level: 24.8%
424,UAV 8,Control Center,LOW_BATTERY,Battery level: 20.0%
424,UAV 9,Control Center,LOW_BATTERY,Battery level: 26.8%
425,UAV 1,Control Center,LOW_BATTERY,Battery level: 26.9%
425,UAV 2,Control Center,LOW_BATTERY,Battery level: 22.5%
425,UAV 4,Control Center,LOW_BATTERY,Battery level: 24.8%
425,UAV 8,Control Center,LOW_BATTERY,Battery level: 20.0%
425,UAV 9,Control Center,LOW_BATTERY,Battery level: 26.8%
426,UAV 1,Control Center,LOW_BATTERY,Battery level: 26.9%
426,UAV 2,Control Center,LOW_BATTERY,Battery level: 22.5%
426,UAV 4,Control Center,LOW_BATTERY,Battery level: 24.8%
426,UAV 8,Control Center,LOW_BATTERY,Battery level: 20.0%
426,UAV 9,Control Center,LOW_BATTERY,Battery level: 26.8%
427,UAV 1,Control Center,LOW_BATTERY,Battery level: 26.9%
427,UAV 2,Control Center,LOW_BATTERY,Battery level: 22.5%
427,UAV 4,Control Center,LOW_BATTERY,Battery level: 24.8%
427,UAV 8,Control Center,LOW_BATTERY,Battery level: 20.0%
427,UAV 9,Control Center,LOW_BATTERY,Battery level: 26.8%
428,UAV 1,Control Center,LOW_BATTERY,Battery level: 26.9%
428,UAV 2,Control Center,LOW_BATTERY,Battery level: 22.5%
428,UAV 4,Control Center,LOW_BATTERY,Battery level: 24.8%
428,UAV 8,Control Center,LOW_BATTERY,Battery level: 20.0%
428,UAV 9,Control Center,LOW_BATTERY,Battery level: 26.8%
429,UAV 1,Control Center,LOW_BATTERY,Battery level: 26.9%
429,UAV 2,Control Center,LOW_BATTERY,Battery level: 22.5%
429,UAV 4,Control Center,LOW_BATTERY,Battery level: 24.8%
429,UAV 8,Control Center,LOW_BATTERY,Battery level: 20.0%
429,UAV 9,Control Center,LOW_BATTERY,Battery level: 26.8%
430,UAV 1,Control Center,LOW_BATTERY,Battery level: 26.9%
430,UAV 2,Control Center,LOW_BATTERY,Battery level: 22.5%
430,UAV 4,Control Center,LOW_BATTERY,Battery level: 24.8%
430,UAV 8,Control Center,LOW_BATTERY,Battery level: 20.0%
430,UAV 9,Control Center,LOW_BATTERY,Battery level: 26.8%
431,UAV 1,Control Center,LOW_BATTERY,Battery level: 26.9%
431,UAV 2,Control Center,LOW_BATTERY,Battery level: 22.5%
431,UAV 4,Control Center,LOW_BATTERY,Battery level: 24.8%
431,UAV 8,Control Center,LOW_BATTERY,Battery level: 20.0%
431,UAV 9,Control Center,LOW_BATTERY,Battery level: 26.8%
432,UAV 1,Control Center,LOW_BATTERY,Battery level: 26.9%
432,UAV 2,Control Center,LOW_BATTERY,Battery level: 22.5%
432,UAV 4,Control Center,LOW_BATTERY,Battery level: 24.8%
432,UAV 8,Control Center,LOW_BATTERY,Battery level: 20.0%
432,UAV 9,Control Center,LOW_BATTERY,Battery level: 26.8%
433,UAV 1,Control Center,LOW_BATTERY,Battery level: 26.9%
433,UAV 2,Control Center,LOW_BATTERY,Battery level: 22.5%
433,UAV 4,Control Center,LOW_BATTERY,Battery level: 24.8%
433,UAV 8,Control Center,LOW_BATTERY,Battery level: 20.0%
433,UAV 9,Control Center,LOW_BATTERY,Battery level: 26.8%
434,UAV 1,Control Center,LOW_BATTERY,Battery level: 26.9%
434,UAV 2,Control Center,LOW_BATTERY,Battery level: 22.5%
434,UAV 4,Control Center,LOW_BATTERY,Battery level: 24.8%
434,UAV 8,Control Center,LOW_BATTERY,Battery level: 20.0%
434,UAV 9,Control Center,LOW_BATTERY,Battery level: 26.8%
435,UAV 1,Control Center,LOW_BATTERY,Battery level: 26.9%
435,UAV 2,Control Center,LOW_BATTERY,Battery level: 22.5%
435,UAV 4,Control Center,LOW_BATTERY,Battery level: 24.8%
435,UAV 8,Control Center,LOW_BATTERY,Battery level: 20.0%
435,UAV 9,Control Center,LOW_BATTERY,Battery level: 26.8%
436,UAV 1,Control Center,LOW_BATTERY,Battery level: 26.9%
436,UAV 2,Control Center,LOW_BATTERY,Battery level: 22.5%
436,UAV 4,Control Center,LOW_BATTERY,Battery level: 24.8%
436,UAV 8,Control Center,LOW_BATTERY,Battery level: 20.0%
436,UAV 9,Control Center,LOW_BATTERY,Battery level: 26.8%
437,UAV 1,Control Center,LOW_BATTERY,Battery level: 26.9%
437,UAV 2,Control Center,LOW_BATTERY,Battery level: 22.5%
437,UAV 4,Control Center,LOW_BATTERY,Battery level: 24.8%
437,UAV 8,Control Center,LOW_BATTERY,Battery level: 20.0%
437,UAV 9,Control Center,LOW_BATTERY,Battery level: 26.8%
438,UAV 1,Control Center,LOW_BATTERY,Battery level: 26.9%
438,UAV 2,Control Center,LOW_BATTERY,Battery level: 22.5%
438,UAV 4,Control Center,LOW_BATTERY,Battery level: 24.8%
438,UAV 8,Control Center,LOW_BATTERY,Battery level: 20.0%
438,UAV 9,Control Center,LOW_BATTERY,Battery level: 26.8%
439,UAV 1,Control Center,LOW_BATTERY,Battery level: 26.9%
439,UAV 2,Control Center,LOW_BATTERY,Battery level: 22.5%
439,UAV 4,Control Center,LOW_BATTERY,Battery level: 24.8%
439,UAV 8,Control Center,LOW_BATTERY,Battery level: 20.0%
439,UAV 9,Control Center,LOW_BATTERY,Battery level: 26.8%
440,UAV 1,Control Center,LOW_BATTERY,Battery level: 26.9%
440,UAV 2,Control Center,LOW_BATTERY,Battery level: 22.5%
440,UAV 4,Control Center,LOW_BATTERY,Battery level: 24.8%
440,UAV 8,Control Center,LOW_BATTERY,Battery level: 20.0%
440,UAV 9,Control Center,LOW_BATTERY,Battery level: 26.8%
441,UAV 1,Control Center,LOW_BATTERY,Battery level: 26.9%
441,UAV 2,Control Center,LOW_BATTERY,Battery level: 22.5%
441,UAV 4,Control Center,LOW_BATTERY,Battery level: 24.8%
441,UAV 8,Control Center,LOW_BATTERY,Battery level: 20.0%
441,UAV 9,Control Center,LOW_BATTERY,Battery level: 26.8%
442,UAV 1,Control Center,LOW_BATTERY,Battery level: 26.9%
442,UAV 2,Control Center,LOW_BATTERY,Battery level: 22.5%
442,UAV 4,Control Center,LOW_BATTERY,Battery level: 24.8%
442,UAV 8,Control Center,LOW_BATTERY,Battery level: 20.0%
442,UAV 9,Control Center,LOW_BATTERY,Battery level: 26.8%
443,UAV 1,Control Center,LOW_BATTERY,Battery level: 26.9%
443,UAV 2,Control Center,LOW_BATTERY,Battery level: 22.5%
443,UAV 4,Control Center,LOW_BATTERY,Battery level: 24.8%
443,UAV 8,Control Center,LOW_BATTERY,Battery level: 20.0%
443,UAV 9,Control Center,LOW_BATTERY,Battery level: 26.8%
444,UAV 1,Control Center,LOW_BATTERY,Battery level: 26.9%
444,UAV 2,Control Center,LOW_BATTERY,Battery level: 22.5%
444,UAV 4,Control Center,LOW_BATTERY,Battery level: 24.8%
444,UAV 8,Control Center,LOW_BATTERY,Battery level: 20.0%
444,UAV 9,Control Center,LOW_BATTERY,Battery level: 26.8%
445,UAV 1,Control Center,LOW_BATTERY,Battery level: 26.9%
445,UAV 2,Control Center,LOW_BATTERY,Battery level: 22.5%
445,UAV 4,Control Center,LOW_BATTERY,Battery level: 24.8%
445,UAV 8,Control Center,LOW_BATTERY,Battery level: 20.0%
445,UAV 9,Control Center,LOW_BATTERY,Battery level: 26.8%
446,UAV 1,Control Center,LOW_BATTERY,Battery level: 26.9%
446,UAV 2,Control Center,LOW_BATTERY,Battery level: 22.5%
446,UAV 4,Control Center,LOW_BATTERY,Battery level: 24.8%
446,UAV 8,Control Center,LOW_BATTERY,Battery level: 20.0%
446,UAV 9,Control Center,LOW_BATTERY,Battery level: 26.8%
447,UAV 1,Control Center,LOW_BATTERY,Battery level: 26.9%
447,UAV 2,Control Center,LOW_BATTERY,Battery level: 22.5%
447,UAV 4,Control Center,LOW_BATTERY,Battery level: 24.8%
447,UAV 8,Control Center,LOW_BATTERY,Battery level: 20.0%
447,UAV 9,Control Center,LOW_BATTERY,Battery level: 26.8%
448,UAV 1,Control Center,LOW_BATTERY,Battery level: 26.9%
448,UAV 2,Control Center,LOW_BATTERY,Battery level: 22.5%
448,UAV 4,Control Center,LOW_BATTERY,Battery level: 24.8%
448,UAV 8,Control Center,LOW_BATTERY,Battery level: 20.0%
448,UAV 9,Control Center,LOW_BATTERY,Battery level: 26.8%
449,UAV 1,Control Center,LOW_BATTERY,Battery level: 26.9%
449,UAV 2,Control Center,LOW_BATTERY,Battery level: 22.5%
449,UAV 4,Control Center,LOW_BATTERY,Battery level: 24.8%
449,UAV 8,Control Center,LOW_BATTERY,Battery level: 20.0%
449,UAV 9,Control Center,LOW_BATTERY,Battery level: 26.8%
450,UAV 1,Control Center,LOW_BATTERY,Battery level: 26.9%
450,UAV 2,Control Center,LOW_BATTERY,Battery level: 22.5%
450,UAV 4,Control Center,LOW_BATTERY,Battery level: 24.8%
450,UAV 8,Control Center,LOW_BATTERY,Battery level: 20.0%
450,UAV 9,Control Center,LOW_BATTERY,Battery level: 26.8%
451,UAV 1,Control Center,LOW_BATTERY,Battery level: 26.9%
451,UAV 2,Control Center,LOW_BATTERY,Battery level: 22.5%
451,UAV 4,Control Center,LOW_BATTERY,Battery level: 24.8%
451,UAV 8,Control Center,LOW_BATTERY,Battery level: 20.0%
451,UAV 9,Control Center,LOW_BATTERY,Battery level: 26.8%
452,UAV 1,Control Center,LOW_BATTERY,Battery level: 26.9%
452,UAV 2,Control Center,LOW_BATTERY,Battery level: 22.5%
452,UAV 4,Control Center,LOW_BATTERY,Battery level: 24.8%
452,UAV 8,Control Center,LOW_BATTERY,Battery level: 20.0%
452,UAV 9,Control Center,LOW_BATTERY,Battery level: 26.8%
453,UAV 1,Control Center,LOW_BATTERY,Battery level: 26.9%
453,UAV 2,Control Center,LOW_BATTERY,Battery level: 22.5%
453,UAV 4,Control Center,LOW_BATTERY,Battery level: 24.8%
453,UAV 8,Control Center,LOW_BATTERY,Battery level: 20.0%
453,UAV 9,Control Center,LOW_BATTERY,Battery level: 26.8%
454,UAV 1,Control Center,LOW_BATTERY,Battery level: 26.9%
454,UAV 2,Control Center,LOW_BATTERY,Battery level: 22.5%
454,UAV 4,Control Center,LOW_BATTERY,Battery level: 24.8%
454,UAV 8,Control Center,LOW_BATTERY,Battery level: 20.0%
454,UAV 9,Control Center,LOW_BATTERY,Battery level: 26.8%
455,UAV 1,Control Center,LOW_BATTERY,Battery level: 26.9%
455,UAV 2,Control Center,LOW_BATTERY,Battery level: 22.5%
455,UAV 4,Control Center,LOW_BATTERY,Battery level: 24.8%
455,UAV 8,Control Center,LOW_BATTERY,Battery level: 20.0%
455,UAV 9,Control Center,LOW_BATTERY,Battery level: 26.8%
456,UAV 1,Control Center,LOW_BATTERY,Battery level: 26.9%
456,UAV 2,Control Center,LOW_BATTERY,Battery level: 22.5%
456,UAV 4,Control Center,LOW_BATTERY,Battery level: 24.8%
456,UAV 8,Control Center,LOW_BATTERY,Battery level: 20.0%
456,UAV 9,Control Center,LOW_BATTERY,Battery level: 26.8%
457,UAV 1,Control Center,LOW_BATTERY,Battery level: 26.9%
457,UAV 2,Control Center,LOW_BATTERY,Battery level: 22.5%
457,UAV 4,Control Center,LOW_BATTERY,Battery level: 24.8%
457,UAV 8,Control Center,LOW_BATTERY,Battery level: 20.0%
457,UAV 9,Control Center,LOW_BATTERY,Battery level: 26.8%
458,UAV 1,Control Center,LOW_BATTERY,Battery level: 26.9%
458,UAV 2,Control Center,LOW_BATTERY,Battery level: 22.5%
458,UAV 4,Control Center,LOW_BATTERY,Battery level: 24.8%
458,UAV 8,Control Center,LOW_BATTERY,Battery level: 20.0%
458,UAV 9,Control Center,LOW_BATTERY,Battery level: 26.8%
459,UAV 1,Control Center,LOW_BATTERY,Battery level: 26.9%
459,UAV 2,Control Center,LOW_BATTERY,Battery level: 22.5%
459,UAV 4,Control Center,LOW_BATTERY,Battery level: 24.8%
459,UAV 8,Control Center,LOW_BATTERY,Battery level: 20.0%
459,UAV 9,Control Center,LOW_BATTERY,Battery level: 26.8%
460,UAV 1,Control Center,LOW_BATTERY,Battery level: 26.9%
460,UAV 2,Control Center,LOW_BATTERY,Battery level: 22.5%
460,UAV 4,Control Center,LOW_BATTERY,Battery level: 24.8%
460,UAV 8,Control Center,LOW_BATTERY,Battery level: 20.0%
460,UAV 9,Control Center,LOW_BATTERY,Battery level: 26.8%
461,UAV 1,Control Center,LOW_BATTERY,Battery level: 26.9%
461,UAV 2,Control Center,LOW_BATTERY,Battery level: 22.5%
461,UAV 4,Control Center,LOW_BATTERY,Battery level: 24.8%
461,UAV 8,Control Center,LOW_BATTERY,Battery level: 20.0%
461,UAV 9,Control Center,LOW_BATTERY,Battery level: 26.8%
462,UAV 1,Control Center,LOW_BATTERY,Battery level: 26.9%
462,UAV 2,Control Center,LOW_BATTERY,Battery level: 22.5%
462,UAV 4,Control Center,LOW_BATTERY,Battery level: 24.8%
462,UAV 8,Control Center,LOW_BATTERY,Battery level: 20.0%
462,UAV 9,Control Center,LOW_BATTERY,Battery level: 26.8%
463,UAV 1,Control Center,LOW_BATTERY,Battery level: 26.9%
463,UAV 2,Control Center,LOW_BATTERY,Battery level: 22.5%
463,UAV 4,Control Center,LOW_BATTERY,Battery level: 24.8%
463,UAV 8,Control Center,LOW_BATTERY,Battery level: 20.0%
463,UAV 9,Control Center,LOW_BATTERY,Battery level: 26.8%
464,UAV 1,Control Center,LOW_BATTERY,Battery level: 26.9%
464,UAV 2,Control Center,LOW_BATTERY,Battery level: 22.5%
464,UAV 4,Control Center,LOW_BATTERY,Battery level: 24.8%
464,UAV 8,Control Center,LOW_BATTERY,Battery level: 20.0%
464,UAV 9,Control Center,LOW_BATTERY,Battery level: 26.8%
465,UAV 1,Control Center,LOW_BATTERY,Battery level: 26.9%
465,UAV 2,Control Center,LOW_BATTERY,Battery level: 22.5%
465,UAV 4,Control Center,LOW_BATTERY,Battery level: 24.8%
465,UAV 8,Control Center,LOW_BATTERY,Battery level: 20.0%
465,UAV 9,Control Center,LOW_BATTERY,Battery level: 26.8%
466,UAV 1,Control Center,LOW_BATTERY,Battery level: 26.9%
466,UAV 2,Control Center,LOW_BATTERY,Battery level: 22.5%
466,UAV 4,Control Center,LOW_BATTERY,Battery level: 24.8%
466,UAV 8,Control Center,LOW_BATTERY,Battery level: 20.0%
466,UAV 9,Control Center,LOW_BATTERY,Battery level: 26.8%
467,UAV 1,Control Center,LOW_BATTERY,Battery level: 26.9%
467,UAV 2,Control Center,LOW_BATTERY,Battery level: 22.5%
467,UAV 4,Control Center,LOW_BATTERY,Battery level: 24.8%
467,UAV 8,Control Center,LOW_BATTERY,Battery level: 20.0%
467,UAV 9,Control Center,LOW_BATTERY,Battery level: 26.8%
468,UAV 1,Control Center,LOW_BATTERY,Battery level: 26.9%
468,UAV 2,Control Center,LOW_BATTERY,Battery level: 22.5%
468,UAV 4,Control Center,LOW_BATTERY,Battery level: 24.8%
468,UAV 8,Control Center,LOW_BATTERY,Battery level: 20.0%
468,UAV 9,Control Center,LOW_BATTERY,Battery level: 26.8%
469,UAV 1,Control Center,LOW_BATTERY,Battery level: 26.9%
469,UAV 2,Control Center,LOW_BATTERY,Battery level: 22.5%
469,UAV 4,Control Center,LOW_BATTERY,Battery level: 24.8%
469,UAV 8,Control Center,LOW_BATTERY,Battery level: 20.0%
469,UAV 9,Control Center,LOW_BATTERY,Battery level: 26.8%
470,UAV 1,Control Center,LOW_BATTERY,Battery level: 26.9%
470,UAV 2,Control Center,LOW_BATTERY,Battery level: 22.5%
470,UAV 4,Control Center,LOW_BATTERY,Battery level: 24.8%
470,UAV 8,Control Center,LOW_BATTERY,Battery level: 20.0%
470,UAV 9,Control Center,LOW_BATTERY,Battery level: 26.8%
471,UAV 1,Control Center,LOW_BATTERY,Battery level: 26.9%
471,UAV 2,Control Center,LOW_BATTERY,Battery level: 22.5%
471,UAV 4,Control Center,LOW_BATTERY,Battery level: 24.8%
471,UAV 8,Control Center,LOW_BATTERY,Battery level: 20.0%
471,UAV 9,Control Center,LOW_BATTERY,Battery level: 26.8%
472,UAV 1,Control Center,LOW_BATTERY,Battery level: 26.9%
472,UAV 2,Control Center,LOW_BATTERY,Battery level: 22.5%
472,UAV 4,Control Center,LOW_BATTERY,Battery level: 24.8%
472,UAV 8,Control Center,LOW_BATTERY,Battery level: 20.0%
472,UAV 9,Control Center,LOW_BATTERY,Battery level: 26.8%
473,UAV 1,Control Center,LOW_BATTERY,Battery level: 26.9%
473,UAV 2,Control Center,LOW_BATTERY,Battery level: 22.5%
473,UAV 4,Control Center,LOW_BATTERY,Battery level: 24.8%
473,UAV 8,Control Center,LOW_BATTERY,Battery level: 20.0%
473,UAV 9,Control Center,LOW_BATTERY,Battery level: 26.8%
474,UAV 1,Control Center,LOW_BATTERY,Battery level: 26.9%
474,UAV 2,Control Center,LOW_BATTERY,Battery level: 22.5%
474,UAV 4,Control Center,LOW_BATTERY,Battery level: 24.8%
474,UAV 8,Control Center,LOW_BATTERY,Battery level: 20.0%
474,UAV 9,Control Center,LOW_BATTERY,Battery level: 26.8%
475,UAV 1,Control Center,LOW_BATTERY,Battery level: 26.9%
475,UAV 2,Control Center,LOW_BATTERY,Battery level: 22.5%
475,UAV 4,Control Center,LOW_BATTERY,Battery level: 24.8%
475,UAV 8,Control Center,LOW_BATTERY,Battery level: 20.0%
475,UAV 9,Control Center,LOW_BATTERY,Battery level: 26.8%
476,UAV 1,Control Center,LOW_BATTERY,Battery level: 26.9%
476,UAV 2,Control Center,LOW_BATTERY,Battery level: 22.5%
476,UAV 4,Control Center,LOW_BATTERY,Battery level: 24.8%
476,UAV 8,Control Center,LOW_BATTERY,Battery level: 20.0%
476,UAV 9,Control Center,LOW_BATTERY,Battery level: 26.8%
477,UAV 1,Control Center,LOW_BATTERY,Battery level: 26.9%
477,UAV 2,Control Center,LOW_BATTERY,Battery level: 22.5%
477,UAV 4,Control Center,LOW_BATTERY,Battery level: 24.8%
477,UAV 8,Control Center,LOW_BATTERY,Battery level: 20.0%
477,UAV 9,Control Center,LOW_BATTERY,Battery level: 26.8%
478,UAV 1,Control Center,LOW_BATTERY,Battery level: 26.9%
478,UAV 2,Control Center,LOW_BATTERY,Battery level: 22.5%
478,UAV 4,Control Center,LOW_BATTERY,Battery level: 24.8%
478,UAV 8,Control Center,LOW_BATTERY,Battery level: 20.0%
478,UAV 9,Control Center,LOW_BATTERY,Battery level: 26.8%
479,UAV 1,Control Center,LOW_BATTERY,Battery level: 26.9%
479,UAV 2,Control Center,LOW_BATTERY,Battery level: 22.5%
479,UAV 4,Control Center,LOW_BATTERY,Battery level: 24.8%
479,UAV 8,Control Center,LOW_BATTERY,Battery level: 20.0%
479,UAV 9,Control Center,LOW_BATTERY,Battery level: 26.8%
480,UAV 1,Control Center,LOW_BATTERY,Battery level: 26.9%
480,UAV 2,Control Center,LOW_BATTERY,Battery level: 22.5%
480,UAV 4,Control Center,LOW_BATTERY,Battery level: 24.8%
480,UAV 8,Control Center,LOW_BATTERY,Battery level: 20.0%
480,UAV 9,Control Center,LOW_BATTERY,Battery level: 26.8%
481,UAV 1,Control Center,LOW_BATTERY,Battery level: 26.9%
481,UAV 2,Control Center,LOW_BATTERY,Battery level: 22.5%
481,UAV 4,Control Center,LOW_BATTERY,Battery level: 24.8%
481,UAV 8,Control Center,LOW_BATTERY,Battery level: 20.0%
481,UAV 9,Control Center,LOW_BATTERY,Battery level: 26.8%
482,UAV 1,Control Center,LOW_BATTERY,Battery level: 26.9%
482,UAV 2,Control Center,LOW_BATTERY,Battery level: 22.5%
482,UAV 4,Control Center,LOW_BATTERY,Battery level: 24.8%
482,UAV 8,Control Center,LOW_BATTERY,Battery level: 20.0%
482,UAV 9,Control Center,LOW_BATTERY,Battery level: 26.8%
483,UAV 1,Control Center,LOW_BATTERY,Battery level: 26.9%
483,UAV 2,Control Center,LOW_BATTERY,Battery level: 22.5%
483,UAV 4,Control Center,LOW_BATTERY,Battery level: 24.8%
483,UAV 8,Control Center,LOW_BATTERY,Battery level: 20.0%
483,UAV 9,Control Center,LOW_BATTERY,Battery level: 26.8%
484,UAV 1,Control Center,LOW_BATTERY,Battery level: 26.9%
484,UAV 2,Control Center,LOW_BATTERY,Battery level: 22.5%
484,UAV 4,Control Center,LOW_BATTERY,Battery level: 24.8%
484,UAV 8,Control Center,LOW_BATTERY,Battery level: 20.0%
484,UAV 9,Control Center,LOW_BATTERY,Battery level: 26.8%
485,UAV 1,Control Center,LOW_BATTERY,Battery level: 26.9%
485,UAV 2,Control Center,LOW_BATTERY,Battery level: 22.5%
485,UAV 4,Control Center,LOW_BATTERY,Battery level: 24.8%
485,UAV 8,Control Center,LOW_BATTERY,Battery level: 20.0%
485,UAV 9,Control Center,LOW_BATTERY,Battery level: 26.8%
486,UAV 1,Control Center,LOW_BATTERY,Battery level: 26.9%
486,UAV 2,Control Center,LOW_BATTERY,Battery level: 22.5%
486,UAV 4,Control Center,LOW_BATTERY,Battery level: 24.8%
486,UAV 8,Control Center,LOW_BATTERY,Battery level: 20.0%
486,UAV 9,Control Center,LOW_BATTERY,Battery level: 26.8%
487,UAV 1,Control Center,LOW_BATTERY,Battery level: 26.9%
487,UAV 2,Control Center,LOW_BATTERY,Battery level: 22.5%
487,UAV 4,Control Center,LOW_BATTERY,Battery level: 24.8%
487,UAV 8,Control Center,LOW_BATTERY,Battery level: 20.0%
487,UAV 9,Control Center,LOW_BATTERY,Battery level: 26.8%
488,UAV 1,Control Center,LOW_BATTERY,Battery level: 26.9%
488,UAV 2,Control Center,LOW_BATTERY,Battery level: 22.5%
488,UAV 4,Control Center,LOW_BATTERY,Battery level: 24.8%
488,UAV 8,Control Center,LOW_BATTERY,Battery level: 20.0%
488,UAV 9,Control Center,LOW_BATTERY,Battery level: 26.8%
489,UAV 1,Control Center,LOW_BATTERY,Battery level: 26.9%
489,UAV 2,Control Center,LOW_BATTERY,Battery level: 22.5%
489,UAV 4,Control Center,LOW_BATTERY,Battery level: 24.8%
489,UAV 8,Control Center,LOW_BATTERY,Battery level: 20.0%
489,UAV 9,Control Center,LOW_BATTERY,Battery level: 26.8%
490,UAV 1,Control Center,LOW_BATTERY,Battery level: 26.9%
490,UAV 2,Control Center,LOW_BATTERY,Battery level: 22.5%
490,UAV 4,Control Center,LOW_BATTERY,Battery level: 24.8%
490,UAV 8,Control Center,LOW_BATTERY,Battery level: 20.0%
490,UAV 9,Control Center,LOW_BATTERY,Battery level: 26.8%
491,UAV 1,Control Center,LOW_BATTERY,Battery level: 26.9%
491,UAV 2,Control Center,LOW_BATTERY,Battery level: 22.5%
491,UAV 4,Control Center,LOW_BATTERY,Battery level: 24.8%
491,UAV 8,Control Center,LOW_BATTERY,Battery level: 20.0%
491,UAV 9,Control Center,LOW_BATTERY,Battery level: 26.8%
492,UAV 1,Control Center,LOW_BATTERY,Battery level: 26.9%
492,UAV 2,Control Center,LOW_BATTERY,Battery level: 22.5%
492,UAV 4,Control Center,LOW_BATTERY,Battery level: 24.8%
492,UAV 8,Control Center,LOW_BATTERY,Battery level: 20.0%
492,UAV 9,Control Center,LOW_BATTERY,Battery level: 26.8%
493,UAV 1,Control Center,LOW_BATTERY,Battery level: 26.9%
493,UAV 2,Control Center,LOW_BATTERY,Battery level: 22.5%
493,UAV 4,Control Center,LOW_BATTERY,Battery level: 24.8%
493,UAV 8,Control Center,LOW_BATTERY,Battery level: 20.0%
493,UAV 9,Control Center,LOW_BATTERY,Battery level: 26.8%
494,UAV 1,Control Center,LOW_BATTERY,Battery level: 26.9%
494,UAV 2,Control Center,LOW_BATTERY,Battery level: 22.5%
494,UAV 4,Control Center,LOW_BATTERY,Battery level: 24.8%
494,UAV 8,Control Center,LOW_BATTERY,Battery level: 20.0%
494,UAV 9,Control Center,LOW_BATTERY,Battery level: 26.8%
495,UAV 1,Control Center,LOW_BATTERY,Battery level: 26.9%
495,UAV 2,Control Center,LOW_BATTERY,Battery level: 22.5%
495,UAV 4,Control Center,LOW_BATTERY,Battery level: 24.8%
495,UAV 8,Control Center,LOW_BATTERY,Battery level: 20.0%
495,UAV 9,Control Center,LOW_BATTERY,Battery level: 26.8%
496,UAV 1,Control Center,LOW_BATTERY,Battery level: 26.9%
496,UAV 2,Control Center,LOW_BATTERY,Battery level: 22.5%
496,UAV 4,Control Center,LOW_BATTERY,Battery level: 24.8%
496,UAV 8,Control Center,LOW_BATTERY,Battery level: 20.0%
496,UAV 9,Control Center,LOW_BATTERY,Battery level: 26.8%
497,UAV 1,Control Center,LOW_BATTERY,Battery level: 26.9%
497,UAV 2,Control Center,LOW_BATTERY,Battery level: 22.5%
497,UAV 4,Control Center,LOW_BATTERY,Battery level: 24.8%
497,UAV 8,Control Center,LOW_BATTERY,Battery level: 20.0%
497,UAV 9,Control Center,LOW_BATTERY,Battery level: 26.8%
498,UAV 1,Control Center,LOW_BATTERY,Battery level: 26.9%
498,UAV 2,Control Center,LOW_BATTERY,Battery level: 22.5%
498,UAV 4,Control Center,LOW_BATTERY,Battery level: 24.8%
498,UAV 8,Control Center,LOW_BATTERY,Battery level: 20.0%
498,UAV 9,Control Center,LOW_BATTERY,Battery level: 26.8%
499,UAV 1,Control Center,LOW_BATTERY,Battery level: 26.9%
499,UAV 2,Control Center,LOW_BATTERY,Battery level: 22.5%
499,UAV 4,Control Center,LOW_BATTERY,Battery level: 24.8%
499,UAV 8,Control Center,LOW_BATTERY,Battery level: 20.0%
499,UAV 9,Control Center,LOW_BATTERY,Battery level: 26.8%
