timestamp,sender,receiver,message_type,content
0,Control Center,UAV 10,TASK_ASSIGNMENT,Assign task 24
0,Control Center,UAV 2,TASK_ASSIGNMENT,Assign task 47
0,Control Center,UAV 1,TASK_ASSIGNMENT,Assign task 42
0,Control Center,UAV 4,TASK_ASSIGNMENT,Assign task 46
0,Control Center,UAV 8,TASK_ASSIGNMENT,Assign task 40
0,Control Center,UAV 5,TASK_ASSIGNMENT,Assign task 6
0,Control Center,UAV 6,TASK_ASSIGNMENT,Assign task 10
0,Control Center,UAV 3,TASK_ASSIGNMENT,Assign task 38
0,Control Center,UAV 9,TASK_ASSIGNMENT,Assign task 36
0,Control Center,UAV 7,TASK_ASSIGNMENT,Assign task 17
0,UAV 5,Control Center,TASK_START,Start task 6
0,UAV 6,Control Center,TASK_START,Start task 10
0,UAV 7,Control Center,TASK_START,Start task 17
0,UAV 10,Control Center,TASK_START,Start task 24
0,UAV 9,Control Center,TASK_START,Start task 36
0,UAV 3,Control Center,TASK_START,Start task 38
0,UAV 8,Control Center,TASK_START,Start task 40
0,UAV 1,Control Center,TASK_START,Start task 42
0,UAV 4,Control Center,TASK_START,Start task 46
0,UAV 2,Control Center,TASK_START,Start task 47
1,UAV 1,Control Center,TASK_COMPLETE,Complete task 42
1,UAV 2,Control Center,TASK_COMPLETE,Complete task 47
1,UAV 3,Control Center,TASK_COMPLETE,Complete task 38
1,UAV 4,Control Center,TASK_COMPLETE,Complete task 46
1,UAV 5,Control Center,TASK_COMPLETE,Complete task 6
1,UAV 6,Control Center,TASK_COMPLETE,Complete task 10
1,UAV 7,Control Center,TASK_COMPLETE,Complete task 17
1,UAV 8,Control Center,TASK_COMPLETE,Complete task 40
1,UAV 9,Control Center,TASK_COMPLETE,Complete task 36
1,UAV 10,Control Center,TASK_COMPLETE,Complete task 24
2,Control Center,UAV 3,TASK_ASSIGNMENT,Assign task 4
2,Control Center,UAV 7,TASK_ASSIGNMENT,Assign task 27
2,Control Center,UAV 10,TASK_ASSIGNMENT,Assign task 48
2,Control Center,UAV 2,TASK_ASSIGNMENT,Assign task 35
2,Control Center,UAV 1,TASK_ASSIGNMENT,Assign task 1
2,Control Center,UAV 9,TASK_ASSIGNMENT,Assign task 19
2,Control Center,UAV 6,TASK_ASSIGNMENT,Assign task 9
2,Control Center,UAV 4,TASK_ASSIGNMENT,Assign task 8
2,Control Center,UAV 5,TASK_ASSIGNMENT,Assign task 41
2,Control Center,UAV 8,TASK_ASSIGNMENT,Assign task 16
2,UAV 1,Control Center,TASK_START,Start task 1
2,UAV 3,Control Center,TASK_START,Start task 4
2,UAV 4,Control Center,TASK_START,Start task 8
2,UAV 6,Control Center,TASK_START,Start task 9
2,UAV 8,Control Center,TASK_START,Start task 16
2,UAV 9,Control Center,TASK_START,Start task 19
2,UAV 7,Control Center,TASK_START,Start task 27
2,UAV 2,Control Center,TASK_START,Start task 35
2,UAV 5,Control Center,TASK_START,Start task 41
2,UAV 10,Control Center,TASK_START,Start task 48
2,UAV 3,Control Center,LOW_BATTERY,Battery level: 27.4%
3,UAV 1,Control Center,TASK_COMPLETE,Complete task 1
3,UAV 2,Control Center,TASK_COMPLETE,Complete task 35
3,UAV 2,Control Center,LOW_BATTERY,Battery level: 25.2%
3,UAV 3,Control Center,TASK_COMPLETE,Complete task 4
3,UAV 3,Control Center,CHARGING_REQUEST,"Request charging, battery: 7.4%"
3,Control Center,AGV 4,CHARGING_COMMAND,Charge UAV 3
3,AGV 4,UAV 3,CHARGING_START,Start charging
3,UAV 4,Control Center,TASK_COMPLETE,Complete task 8
3,UAV 4,Control Center,LOW_BATTERY,Battery level: 25.8%
3,UAV 5,Control Center,TASK_COMPLETE,Complete task 41
3,UAV 5,Control Center,CHARGING_REQUEST,"Request charging, battery: 15.9%"
3,Control Center,AGV 1,CHARGING_COMMAND,Charge UAV 5
3,AGV 1,UAV 5,CHARGING_START,Start charging
3,UAV 6,Control Center,TASK_COMPLETE,Complete task 9
3,UAV 6,Control Center,CHARGING_REQUEST,"Request charging, battery: 15.0%"
3,Control Center,AGV 1,CHARGING_COMMAND,Charge UAV 6
3,AGV 1,UAV 6,CHARGING_START,Start charging
3,UAV 7,Control Center,TASK_COMPLETE,Complete task 27
3,UAV 7,Control Center,LOW_BATTERY,Battery level: 23.2%
3,UAV 8,Control Center,TASK_COMPLETE,Complete task 16
3,UAV 8,Control Center,LOW_BATTERY,Battery level: 21.2%
3,UAV 9,Control Center,TASK_COMPLETE,Complete task 19
3,UAV 9,Control Center,LOW_BATTERY,Battery level: 22.7%
3,UAV 10,Control Center,TASK_COMPLETE,Complete task 48
3,UAV 10,Control Center,LOW_BATTERY,Battery level: 26.5%
4,UAV 2,Control Center,LOW_BATTERY,Battery level: 25.2%
4,UAV 4,Control Center,LOW_BATTERY,Battery level: 25.8%
4,UAV 7,Control Center,LOW_BATTERY,Battery level: 23.2%
4,UAV 8,Control Center,LOW_BATTERY,Battery level: 21.2%
4,UAV 9,Control Center,LOW_BATTERY,Battery level: 22.7%
4,UAV 10,Control Center,LOW_BATTERY,Battery level: 26.5%
5,UAV 2,Control Center,LOW_BATTERY,Battery level: 25.2%
5,UAV 4,Control Center,LOW_BATTERY,Battery level: 25.8%
5,UAV 7,Control Center,LOW_BATTERY,Battery level: 23.2%
5,UAV 8,Control Center,LOW_BATTERY,Battery level: 21.2%
5,UAV 9,Control Center,LOW_BATTERY,Battery level: 22.7%
5,UAV 10,Control Center,LOW_BATTERY,Battery level: 26.5%
6,UAV 2,Control Center,LOW_BATTERY,Battery level: 25.2%
6,UAV 4,Control Center,LOW_BATTERY,Battery level: 25.8%
6,UAV 7,Control Center,LOW_BATTERY,Battery level: 23.2%
6,UAV 8,Control Center,LOW_BATTERY,Battery level: 21.2%
6,UAV 9,Control Center,LOW_BATTERY,Battery level: 22.7%
6,UAV 10,Control Center,LOW_BATTERY,Battery level: 26.5%
7,UAV 2,Control Center,LOW_BATTERY,Battery level: 25.2%
7,UAV 4,Control Center,LOW_BATTERY,Battery level: 25.8%
7,UAV 7,Control Center,LOW_BATTERY,Battery level: 23.2%
7,UAV 8,Control Center,LOW_BATTERY,Battery level: 21.2%
7,UAV 9,Control Center,LOW_BATTERY,Battery level: 22.7%
7,UAV 10,Control Center,LOW_BATTERY,Battery level: 26.5%
8,UAV 2,Control Center,LOW_BATTERY,Battery level: 25.2%
8,UAV 4,Control Center,LOW_BATTERY,Battery level: 25.8%
8,UAV 7,Control Center,LOW_BATTERY,Battery level: 23.2%
8,UAV 8,Control Center,LOW_BATTERY,Battery level: 21.2%
8,UAV 9,Control Center,LOW_BATTERY,Battery level: 22.7%
8,UAV 10,Control Center,LOW_BATTERY,Battery level: 26.5%
9,UAV 2,Control Center,LOW_BATTERY,Battery level: 25.2%
9,UAV 4,Control Center,LOW_BATTERY,Battery level: 25.8%
9,UAV 7,Control Center,LOW_BATTERY,Battery level: 23.2%
9,UAV 8,Control Center,LOW_BATTERY,Battery level: 21.2%
9,UAV 9,Control Center,LOW_BATTERY,Battery level: 22.7%
9,UAV 10,Control Center,LOW_BATTERY,Battery level: 26.5%
10,UAV 2,Control Center,LOW_BATTERY,Battery level: 25.2%
10,UAV 4,Control Center,LOW_BATTERY,Battery level: 25.8%
10,UAV 7,Control Center,LOW_BATTERY,Battery level: 23.2%
10,UAV 8,Control Center,LOW_BATTERY,Battery level: 21.2%
10,UAV 9,Control Center,LOW_BATTERY,Battery level: 22.7%
10,UAV 10,Control Center,LOW_BATTERY,Battery level: 26.5%
11,Control Center,UAV 5,TASK_ASSIGNMENT,Assign task 14
11,Control Center,UAV 6,TASK_ASSIGNMENT,Assign task 50
11,UAV 5,Control Center,TASK_START,Start task 14
11,UAV 6,Control Center,TASK_START,Start task 50
11,UAV 2,Control Center,LOW_BATTERY,Battery level: 25.2%
11,UAV 4,Control Center,LOW_BATTERY,Battery level: 25.8%
11,UAV 7,Control Center,LOW_BATTERY,Battery level: 23.2%
11,UAV 8,Control Center,LOW_BATTERY,Battery level: 21.2%
11,UAV 9,Control Center,LOW_BATTERY,Battery level: 22.7%
11,UAV 10,Control Center,LOW_BATTERY,Battery level: 26.5%
12,UAV 2,Control Center,LOW_BATTERY,Battery level: 25.2%
12,UAV 4,Control Center,LOW_BATTERY,Battery level: 25.8%
12,UAV 7,Control Center,LOW_BATTERY,Battery level: 23.2%
12,UAV 8,Control Center,LOW_BATTERY,Battery level: 21.2%
12,UAV 9,Control Center,LOW_BATTERY,Battery level: 22.7%
12,UAV 10,Control Center,LOW_BATTERY,Battery level: 26.5%
13,Control Center,UAV 3,TASK_ASSIGNMENT,Assign task 15
13,UAV 3,Control Center,TASK_START,Start task 15
13,UAV 2,Control Center,LOW_BATTERY,Battery level: 25.2%
13,UAV 4,Control Center,LOW_BATTERY,Battery level: 25.8%
13,UAV 7,Control Center,LOW_BATTERY,Battery level: 23.2%
13,UAV 8,Control Center,LOW_BATTERY,Battery level: 21.2%
13,UAV 9,Control Center,LOW_BATTERY,Battery level: 22.7%
13,UAV 10,Control Center,LOW_BATTERY,Battery level: 26.5%
14,UAV 2,Control Center,LOW_BATTERY,Battery level: 25.2%
14,UAV 4,Control Center,LOW_BATTERY,Battery level: 25.8%
14,UAV 7,Control Center,LOW_BATTERY,Battery level: 23.2%
14,UAV 8,Control Center,LOW_BATTERY,Battery level: 21.2%
14,UAV 9,Control Center,LOW_BATTERY,Battery level: 22.7%
14,UAV 10,Control Center,LOW_BATTERY,Battery level: 26.5%
15,UAV 2,Control Center,LOW_BATTERY,Battery level: 25.2%
15,UAV 4,Control Center,LOW_BATTERY,Battery level: 25.8%
15,UAV 7,Control Center,LOW_BATTERY,Battery level: 23.2%
15,UAV 8,Control Center,LOW_BATTERY,Battery level: 21.2%
15,UAV 9,Control Center,LOW_BATTERY,Battery level: 22.7%
15,UAV 10,Control Center,LOW_BATTERY,Battery level: 26.5%
16,UAV 2,Control Center,LOW_BATTERY,Battery level: 25.2%
16,UAV 4,Control Center,LOW_BATTERY,Battery level: 25.8%
16,UAV 7,Control Center,LOW_BATTERY,Battery level: 23.2%
16,UAV 8,Control Center,LOW_BATTERY,Battery level: 21.2%
16,UAV 9,Control Center,LOW_BATTERY,Battery level: 22.7%
16,UAV 10,Control Center,LOW_BATTERY,Battery level: 26.5%
17,UAV 2,Control Center,LOW_BATTERY,Battery level: 25.2%
17,UAV 4,Control Center,LOW_BATTERY,Battery level: 25.8%
17,UAV 5,Control Center,TASK_COMPLETE,Complete task 14
17,UAV 6,Control Center,TASK_COMPLETE,Complete task 50
17,UAV 7,Control Center,LOW_BATTERY,Battery level: 23.2%
17,UAV 8,Control Center,LOW_BATTERY,Battery level: 21.2%
17,UAV 9,Control Center,LOW_BATTERY,Battery level: 22.7%
17,UAV 10,Control Center,LOW_BATTERY,Battery level: 26.5%
18,UAV 2,Control Center,LOW_BATTERY,Battery level: 25.2%
18,UAV 4,Control Center,LOW_BATTERY,Battery level: 25.8%
18,UAV 7,Control Center,LOW_BATTERY,Battery level: 23.2%
18,UAV 8,Control Center,LOW_BATTERY,Battery level: 21.2%
18,UAV 9,Control Center,LOW_BATTERY,Battery level: 22.7%
18,UAV 10,Control Center,LOW_BATTERY,Battery level: 26.5%
19,UAV 2,Control Center,LOW_BATTERY,Battery level: 25.2%
19,UAV 3,Control Center,TASK_COMPLETE,Complete task 15
19,UAV 4,Control Center,LOW_BATTERY,Battery level: 25.8%
19,UAV 7,Control Center,LOW_BATTERY,Battery level: 23.2%
19,UAV 8,Control Center,LOW_BATTERY,Battery level: 21.2%
19,UAV 9,Control Center,LOW_BATTERY,Battery level: 22.7%
19,UAV 10,Control Center,LOW_BATTERY,Battery level: 26.5%
20,UAV 2,Control Center,LOW_BATTERY,Battery level: 25.2%
20,UAV 4,Control Center,LOW_BATTERY,Battery level: 25.8%
20,UAV 7,Control Center,LOW_BATTERY,Battery level: 23.2%
20,UAV 8,Control Center,LOW_BATTERY,Battery level: 21.2%
20,UAV 9,Control Center,LOW_BATTERY,Battery level: 22.7%
20,UAV 10,Control Center,LOW_BATTERY,Battery level: 26.5%
21,UAV 2,Control Center,LOW_BATTERY,Battery level: 25.2%
21,UAV 4,Control Center,LOW_BATTERY,Battery level: 25.8%
21,UAV 7,Control Center,LOW_BATTERY,Battery level: 23.2%
21,UAV 8,Control Center,LOW_BATTERY,Battery level: 21.2%
21,UAV 9,Control Center,LOW_BATTERY,Battery level: 22.7%
21,UAV 10,Control Center,LOW_BATTERY,Battery level: 26.5%
22,UAV 2,Control Center,LOW_BATTERY,Battery level: 25.2%
22,UAV 4,Control Center,LOW_BATTERY,Battery level: 25.8%
22,UAV 7,Control Center,LOW_BATTERY,Battery level: 23.2%
22,UAV 8,Control Center,LOW_BATTERY,Battery level: 21.2%
22,UAV 9,Control Center,LOW_BATTERY,Battery level: 22.7%
22,UAV 10,Control Center,LOW_BATTERY,Battery level: 26.5%
23,UAV 2,Control Center,LOW_BATTERY,Battery level: 25.2%
23,UAV 4,Control Center,LOW_BATTERY,Battery level: 25.8%
23,UAV 7,Control Center,LOW_BATTERY,Battery level: 23.2%
23,UAV 8,Control Center,LOW_BATTERY,Battery level: 21.2%
23,UAV 9,Control Center,LOW_BATTERY,Battery level: 22.7%
23,UAV 10,Control Center,LOW_BATTERY,Battery level: 26.5%
24,UAV 2,Control Center,LOW_BATTERY,Battery level: 25.2%
24,UAV 4,Control Center,LOW_BATTERY,Battery level: 25.8%
24,UAV 7,Control Center,LOW_BATTERY,Battery level: 23.2%
24,UAV 8,Control Center,LOW_BATTERY,Battery level: 21.2%
24,UAV 9,Control Center,LOW_BATTERY,Battery level: 22.7%
24,UAV 10,Control Center,LOW_BATTERY,Battery level: 26.5%
25,UAV 2,Control Center,LOW_BATTERY,Battery level: 25.2%
25,UAV 4,Control Center,LOW_BATTERY,Battery level: 25.8%
25,UAV 7,Control Center,LOW_BATTERY,Battery level: 23.2%
25,UAV 8,Control Center,LOW_BATTERY,Battery level: 21.2%
25,UAV 9,Control Center,LOW_BATTERY,Battery level: 22.7%
25,UAV 10,Control Center,LOW_BATTERY,Battery level: 26.5%
26,UAV 2,Control Center,LOW_BATTERY,Battery level: 25.2%
26,UAV 4,Control Center,LOW_BATTERY,Battery level: 25.8%
26,UAV 7,Control Center,LOW_BATTERY,Battery level: 23.2%
26,UAV 8,Control Center,LOW_BATTERY,Battery level: 21.2%
26,UAV 9,Control Center,LOW_BATTERY,Battery level: 22.7%
26,UAV 10,Control Center,LOW_BATTERY,Battery level: 26.5%
27,UAV 2,Control Center,LOW_BATTERY,Battery level: 25.2%
27,UAV 4,Control Center,LOW_BATTERY,Battery level: 25.8%
27,UAV 7,Control Center,LOW_BATTERY,Battery level: 23.2%
27,UAV 8,Control Center,LOW_BATTERY,Battery level: 21.2%
27,UAV 9,Control Center,LOW_BATTERY,Battery level: 22.7%
27,UAV 10,Control Center,LOW_BATTERY,Battery level: 26.5%
28,UAV 2,Control Center,LOW_BATTERY,Battery level: 25.2%
28,UAV 4,Control Center,LOW_BATTERY,Battery level: 25.8%
28,UAV 7,Control Center,LOW_BATTERY,Battery level: 23.2%
28,UAV 8,Control Center,LOW_BATTERY,Battery level: 21.2%
28,UAV 9,Control Center,LOW_BATTERY,Battery level: 22.7%
28,UAV 10,Control Center,LOW_BATTERY,Battery level: 26.5%
29,UAV 2,Control Center,LOW_BATTERY,Battery level: 25.2%
29,UAV 4,Control Center,LOW_BATTERY,Battery level: 25.8%
29,UAV 7,Control Center,LOW_BATTERY,Battery level: 23.2%
29,UAV 8,Control Center,LOW_BATTERY,Battery level: 21.2%
29,UAV 9,Control Center,LOW_BATTERY,Battery level: 22.7%
29,UAV 10,Control Center,LOW_BATTERY,Battery level: 26.5%
30,UAV 2,Control Center,LOW_BATTERY,Battery level: 25.2%
30,UAV 4,Control Center,LOW_BATTERY,Battery level: 25.8%
30,UAV 7,Control Center,LOW_BATTERY,Battery level: 23.2%
30,UAV 8,Control Center,LOW_BATTERY,Battery level: 21.2%
30,UAV 9,Control Center,LOW_BATTERY,Battery level: 22.7%
30,UAV 10,Control Center,LOW_BATTERY,Battery level: 26.5%
31,UAV 2,Control Center,LOW_BATTERY,Battery level: 25.2%
31,UAV 4,Control Center,LOW_BATTERY,Battery level: 25.8%
31,UAV 7,Control Center,LOW_BATTERY,Battery level: 23.2%
31,UAV 8,Control Center,LOW_BATTERY,Battery level: 21.2%
31,UAV 9,Control Center,LOW_BATTERY,Battery level: 22.7%
31,UAV 10,Control Center,LOW_BATTERY,Battery level: 26.5%
32,UAV 2,Control Center,LOW_BATTERY,Battery level: 25.2%
32,UAV 4,Control Center,LOW_BATTERY,Battery level: 25.8%
32,UAV 7,Control Center,LOW_BATTERY,Battery level: 23.2%
32,UAV 8,Control Center,LOW_BATTERY,Battery level: 21.2%
32,UAV 9,Control Center,LOW_BATTERY,Battery level: 22.7%
32,UAV 10,Control Center,LOW_BATTERY,Battery level: 26.5%
33,UAV 2,Control Center,LOW_BATTERY,Battery level: 25.2%
33,UAV 4,Control Center,LOW_BATTERY,Battery level: 25.8%
33,UAV 7,Control Center,LOW_BATTERY,Battery level: 23.2%
33,UAV 8,Control Center,LOW_BATTERY,Battery level: 21.2%
33,UAV 9,Control Center,LOW_BATTERY,Battery level: 22.7%
33,UAV 10,Control Center,LOW_BATTERY,Battery level: 26.5%
34,UAV 2,Control Center,LOW_BATTERY,Battery level: 25.2%
34,UAV 4,Control Center,LOW_BATTERY,Battery level: 25.8%
34,UAV 7,Control Center,LOW_BATTERY,Battery level: 23.2%
34,UAV 8,Control Center,LOW_BATTERY,Battery level: 21.2%
34,UAV 9,Control Center,LOW_BATTERY,Battery level: 22.7%
34,UAV 10,Control Center,LOW_BATTERY,Battery level: 26.5%
35,UAV 2,Control Center,LOW_BATTERY,Battery level: 25.2%
35,UAV 4,Control Center,LOW_BATTERY,Battery level: 25.8%
35,UAV 7,Control Center,LOW_BATTERY,Battery level: 23.2%
35,UAV 8,Control Center,LOW_BATTERY,Battery level: 21.2%
35,UAV 9,Control Center,LOW_BATTERY,Battery level: 22.7%
35,UAV 10,Control Center,LOW_BATTERY,Battery level: 26.5%
36,UAV 2,Control Center,LOW_BATTERY,Battery level: 25.2%
36,UAV 4,Control Center,LOW_BATTERY,Battery level: 25.8%
36,UAV 7,Control Center,LOW_BATTERY,Battery level: 23.2%
36,UAV 8,Control Center,LOW_BATTERY,Battery level: 21.2%
36,UAV 9,Control Center,LOW_BATTERY,Battery level: 22.7%
36,UAV 10,Control Center,LOW_BATTERY,Battery level: 26.5%
37,UAV 2,Control Center,LOW_BATTERY,Battery level: 25.2%
37,UAV 4,Control Center,LOW_BATTERY,Battery level: 25.8%
37,UAV 7,Control Center,LOW_BATTERY,Battery level: 23.2%
37,UAV 8,Control Center,LOW_BATTERY,Battery level: 21.2%
37,UAV 9,Control Center,LOW_BATTERY,Battery level: 22.7%
37,UAV 10,Control Center,LOW_BATTERY,Battery level: 26.5%
38,UAV 2,Control Center,LOW_BATTERY,Battery level: 25.2%
38,UAV 4,Control Center,LOW_BATTERY,Battery level: 25.8%
38,UAV 7,Control Center,LOW_BATTERY,Battery level: 23.2%
38,UAV 8,Control Center,LOW_BATTERY,Battery level: 21.2%
38,UAV 9,Control Center,LOW_BATTERY,Battery level: 22.7%
38,UAV 10,Control Center,LOW_BATTERY,Battery level: 26.5%
39,UAV 2,Control Center,LOW_BATTERY,Battery level: 25.2%
39,UAV 4,Control Center,LOW_BATTERY,Battery level: 25.8%
39,UAV 7,Control Center,LOW_BATTERY,Battery level: 23.2%
39,UAV 8,Control Center,LOW_BATTERY,Battery level: 21.2%
39,UAV 9,Control Center,LOW_BATTERY,Battery level: 22.7%
39,UAV 10,Control Center,LOW_BATTERY,Battery level: 26.5%
40,UAV 2,Control Center,LOW_BATTERY,Battery level: 25.2%
40,UAV 4,Control Center,LOW_BATTERY,Battery level: 25.8%
40,UAV 7,Control Center,LOW_BATTERY,Battery level: 23.2%
40,UAV 8,Control Center,LOW_BATTERY,Battery level: 21.2%
40,UAV 9,Control Center,LOW_BATTERY,Battery level: 22.7%
40,UAV 10,Control Center,LOW_BATTERY,Battery level: 26.5%
41,UAV 2,Control Center,LOW_BATTERY,Battery level: 25.2%
41,UAV 4,Control Center,LOW_BATTERY,Battery level: 25.8%
41,UAV 7,Control Center,LOW_BATTERY,Battery level: 23.2%
41,UAV 8,Control Center,LOW_BATTERY,Battery level: 21.2%
41,UAV 9,Control Center,LOW_BATTERY,Battery level: 22.7%
41,UAV 10,Control Center,LOW_BATTERY,Battery level: 26.5%
42,UAV 2,Control Center,LOW_BATTERY,Battery level: 25.2%
42,UAV 4,Control Center,LOW_BATTERY,Battery level: 25.8%
42,UAV 7,Control Center,LOW_BATTERY,Battery level: 23.2%
42,UAV 8,Control Center,LOW_BATTERY,Battery level: 21.2%
42,UAV 9,Control Center,LOW_BATTERY,Battery level: 22.7%
42,UAV 10,Control Center,LOW_BATTERY,Battery level: 26.5%
43,UAV 2,Control Center,LOW_BATTERY,Battery level: 25.2%
43,UAV 4,Control Center,LOW_BATTERY,Battery level: 25.8%
43,UAV 7,Control Center,LOW_BATTERY,Battery level: 23.2%
43,UAV 8,Control Center,LOW_BATTERY,Battery level: 21.2%
43,UAV 9,Control Center,LOW_BATTERY,Battery level: 22.7%
43,UAV 10,Control Center,LOW_BATTERY,Battery level: 26.5%
44,UAV 2,Control Center,LOW_BATTERY,Battery level: 25.2%
44,UAV 4,Control Center,LOW_BATTERY,Battery level: 25.8%
44,UAV 7,Control Center,LOW_BATTERY,Battery level: 23.2%
44,UAV 8,Control Center,LOW_BATTERY,Battery level: 21.2%
44,UAV 9,Control Center,LOW_BATTERY,Battery level: 22.7%
44,UAV 10,Control Center,LOW_BATTERY,Battery level: 26.5%
45,UAV 2,Control Center,LOW_BATTERY,Battery level: 25.2%
45,UAV 4,Control Center,LOW_BATTERY,Battery level: 25.8%
45,UAV 7,Control Center,LOW_BATTERY,Battery level: 23.2%
45,UAV 8,Control Center,LOW_BATTERY,Battery level: 21.2%
45,UAV 9,Control Center,LOW_BATTERY,Battery level: 22.7%
45,UAV 10,Control Center,LOW_BATTERY,Battery level: 26.5%
46,UAV 2,Control Center,LOW_BATTERY,Battery level: 25.2%
46,UAV 4,Control Center,LOW_BATTERY,Battery level: 25.8%
46,UAV 7,Control Center,LOW_BATTERY,Battery level: 23.2%
46,UAV 8,Control Center,LOW_BATTERY,Battery level: 21.2%
46,UAV 9,Control Center,LOW_BATTERY,Battery level: 22.7%
46,UAV 10,Control Center,LOW_BATTERY,Battery level: 26.5%
47,UAV 2,Control Center,LOW_BATTERY,Battery level: 25.2%
47,UAV 4,Control Center,LOW_BATTERY,Battery level: 25.8%
47,UAV 7,Control Center,LOW_BATTERY,Battery level: 23.2%
47,UAV 8,Control Center,LOW_BATTERY,Battery level: 21.2%
47,UAV 9,Control Center,LOW_BATTERY,Battery level: 22.7%
47,UAV 10,Control Center,LOW_BATTERY,Battery level: 26.5%
48,UAV 2,Control Center,LOW_BATTERY,Battery level: 25.2%
48,UAV 4,Control Center,LOW_BATTERY,Battery level: 25.8%
48,UAV 7,Control Center,LOW_BATTERY,Battery level: 23.2%
48,UAV 8,Control Center,LOW_BATTERY,Battery level: 21.2%
48,UAV 9,Control Center,LOW_BATTERY,Battery level: 22.7%
48,UAV 10,Control Center,LOW_BATTERY,Battery level: 26.5%
49,UAV 2,Control Center,LOW_BATTERY,Battery level: 25.2%
49,UAV 4,Control Center,LOW_BATTERY,Battery level: 25.8%
49,UAV 7,Control Center,LOW_BATTERY,Battery level: 23.2%
49,UAV 8,Control Center,LOW_BATTERY,Battery level: 21.2%
49,UAV 9,Control Center,LOW_BATTERY,Battery level: 22.7%
49,UAV 10,Control Center,LOW_BATTERY,Battery level: 26.5%
50,UAV 2,Control Center,LOW_BATTERY,Battery level: 25.2%
50,UAV 4,Control Center,LOW_BATTERY,Battery level: 25.8%
50,UAV 7,Control Center,LOW_BATTERY,Battery level: 23.2%
50,UAV 8,Control Center,LOW_BATTERY,Battery level: 21.2%
50,UAV 9,Control Center,LOW_BATTERY,Battery level: 22.7%
50,UAV 10,Control Center,LOW_BATTERY,Battery level: 26.5%
51,UAV 2,Control Center,LOW_BATTERY,Battery level: 25.2%
51,UAV 4,Control Center,LOW_BATTERY,Battery level: 25.8%
51,UAV 7,Control Center,LOW_BATTERY,Battery level: 23.2%
51,UAV 8,Control Center,LOW_BATTERY,Battery level: 21.2%
51,UAV 9,Control Center,LOW_BATTERY,Battery level: 22.7%
51,UAV 10,Control Center,LOW_BATTERY,Battery level: 26.5%
52,UAV 2,Control Center,LOW_BATTERY,Battery level: 25.2%
52,UAV 4,Control Center,LOW_BATTERY,Battery level: 25.8%
52,UAV 7,Control Center,LOW_BATTERY,Battery level: 23.2%
52,UAV 8,Control Center,LOW_BATTERY,Battery level: 21.2%
52,UAV 9,Control Center,LOW_BATTERY,Battery level: 22.7%
52,UAV 10,Control Center,LOW_BATTERY,Battery level: 26.5%
53,UAV 2,Control Center,LOW_BATTERY,Battery level: 25.2%
53,UAV 4,Control Center,LOW_BATTERY,Battery level: 25.8%
53,UAV 7,Control Center,LOW_BATTERY,Battery level: 23.2%
53,UAV 8,Control Center,LOW_BATTERY,Battery level: 21.2%
53,UAV 9,Control Center,LOW_BATTERY,Battery level: 22.7%
53,UAV 10,Control Center,LOW_BATTERY,Battery level: 26.5%
54,UAV 2,Control Center,LOW_BATTERY,Battery level: 25.2%
54,UAV 4,Control Center,LOW_BATTERY,Battery level: 25.8%
54,UAV 7,Control Center,LOW_BATTERY,Battery level: 23.2%
54,UAV 8,Control Center,LOW_BATTERY,Battery level: 21.2%
54,UAV 9,Control Center,LOW_BATTERY,Battery level: 22.7%
54,UAV 10,Control Center,LOW_BATTERY,Battery level: 26.5%
55,UAV 2,Control Center,LOW_BATTERY,Battery level: 25.2%
55,UAV 4,Control Center,LOW_BATTERY,Battery level: 25.8%
55,UAV 7,Control Center,LOW_BATTERY,Battery level: 23.2%
55,UAV 8,Control Center,LOW_BATTERY,Battery level: 21.2%
55,UAV 9,Control Center,LOW_BATTERY,Battery level: 22.7%
55,UAV 10,Control Center,LOW_BATTERY,Battery level: 26.5%
56,UAV 2,Control Center,LOW_BATTERY,Battery level: 25.2%
56,UAV 4,Control Center,LOW_BATTERY,Battery level: 25.8%
56,UAV 7,Control Center,LOW_BATTERY,Battery level: 23.2%
56,UAV 8,Control Center,LOW_BATTERY,Battery level: 21.2%
56,UAV 9,Control Center,LOW_BATTERY,Battery level: 22.7%
56,UAV 10,Control Center,LOW_BATTERY,Battery level: 26.5%
57,UAV 2,Control Center,LOW_BATTERY,Battery level: 25.2%
57,UAV 4,Control Center,LOW_BATTERY,Battery level: 25.8%
57,UAV 7,Control Center,LOW_BATTERY,Battery level: 23.2%
57,UAV 8,Control Center,LOW_BATTERY,Battery level: 21.2%
57,UAV 9,Control Center,LOW_BATTERY,Battery level: 22.7%
57,UAV 10,Control Center,LOW_BATTERY,Battery level: 26.5%
58,UAV 2,Control Center,LOW_BATTERY,Battery level: 25.2%
58,UAV 4,Control Center,LOW_BATTERY,Battery level: 25.8%
58,UAV 7,Control Center,LOW_BATTERY,Battery level: 23.2%
58,UAV 8,Control Center,LOW_BATTERY,Battery level: 21.2%
58,UAV 9,Control Center,LOW_BATTERY,Battery level: 22.7%
58,UAV 10,Control Center,LOW_BATTERY,Battery level: 26.5%
59,UAV 2,Control Center,LOW_BATTERY,Battery level: 25.2%
59,UAV 4,Control Center,LOW_BATTERY,Battery level: 25.8%
59,UAV 7,Control Center,LOW_BATTERY,Battery level: 23.2%
59,UAV 8,Control Center,LOW_BATTERY,Battery level: 21.2%
59,UAV 9,Control Center,LOW_BATTERY,Battery level: 22.7%
59,UAV 10,Control Center,LOW_BATTERY,Battery level: 26.5%
60,UAV 2,Control Center,LOW_BATTERY,Battery level: 25.2%
60,UAV 4,Control Center,LOW_BATTERY,Battery level: 25.8%
60,UAV 7,Control Center,LOW_BATTERY,Battery level: 23.2%
60,UAV 8,Control Center,LOW_BATTERY,Battery level: 21.2%
60,UAV 9,Control Center,LOW_BATTERY,Battery level: 22.7%
60,UAV 10,Control Center,LOW_BATTERY,Battery level: 26.5%
61,UAV 2,Control Center,LOW_BATTERY,Battery level: 25.2%
61,UAV 4,Control Center,LOW_BATTERY,Battery level: 25.8%
61,UAV 7,Control Center,LOW_BATTERY,Battery level: 23.2%
61,UAV 8,Control Center,LOW_BATTERY,Battery level: 21.2%
61,UAV 9,Control Center,LOW_BATTERY,Battery level: 22.7%
61,UAV 10,Control Center,LOW_BATTERY,Battery level: 26.5%
62,UAV 2,Control Center,LOW_BATTERY,Battery level: 25.2%
62,UAV 4,Control Center,LOW_BATTERY,Battery level: 25.8%
62,UAV 7,Control Center,LOW_BATTERY,Battery level: 23.2%
62,UAV 8,Control Center,LOW_BATTERY,Battery level: 21.2%
62,UAV 9,Control Center,LOW_BATTERY,Battery level: 22.7%
62,UAV 10,Control Center,LOW_BATTERY,Battery level: 26.5%
63,UAV 2,Control Center,LOW_BATTERY,Battery level: 25.2%
63,UAV 4,Control Center,LOW_BATTERY,Battery level: 25.8%
63,UAV 7,Control Center,LOW_BATTERY,Battery level: 23.2%
63,UAV 8,Control Center,LOW_BATTERY,Battery level: 21.2%
63,UAV 9,Control Center,LOW_BATTERY,Battery level: 22.7%
63,UAV 10,Control Center,LOW_BATTERY,Battery level: 26.5%
64,UAV 2,Control Center,LOW_BATTERY,Battery level: 25.2%
64,UAV 4,Control Center,LOW_BATTERY,Battery level: 25.8%
64,UAV 7,Control Center,LOW_BATTERY,Battery level: 23.2%
64,UAV 8,Control Center,LOW_BATTERY,Battery level: 21.2%
64,UAV 9,Control Center,LOW_BATTERY,Battery level: 22.7%
64,UAV 10,Control Center,LOW_BATTERY,Battery level: 26.5%
65,UAV 2,Control Center,LOW_BATTERY,Battery level: 25.2%
65,UAV 4,Control Center,LOW_BATTERY,Battery level: 25.8%
65,UAV 7,Control Center,LOW_BATTERY,Battery level: 23.2%
65,UAV 8,Control Center,LOW_BATTERY,Battery level: 21.2%
65,UAV 9,Control Center,LOW_BATTERY,Battery level: 22.7%
65,UAV 10,Control Center,LOW_BATTERY,Battery level: 26.5%
66,UAV 2,Control Center,LOW_BATTERY,Battery level: 25.2%
66,UAV 4,Control Center,LOW_BATTERY,Battery level: 25.8%
66,UAV 7,Control Center,LOW_BATTERY,Battery level: 23.2%
66,UAV 8,Control Center,LOW_BATTERY,Battery level: 21.2%
66,UAV 9,Control Center,LOW_BATTERY,Battery level: 22.7%
66,UAV 10,Control Center,LOW_BATTERY,Battery level: 26.5%
67,UAV 2,Control Center,LOW_BATTERY,Battery level: 25.2%
67,UAV 4,Control Center,LOW_BATTERY,Battery level: 25.8%
67,UAV 7,Control Center,LOW_BATTERY,Battery level: 23.2%
67,UAV 8,Control Center,LOW_BATTERY,Battery level: 21.2%
67,UAV 9,Control Center,LOW_BATTERY,Battery level: 22.7%
67,UAV 10,Control Center,LOW_BATTERY,Battery level: 26.5%
68,UAV 2,Control Center,LOW_BATTERY,Battery level: 25.2%
68,UAV 4,Control Center,LOW_BATTERY,Battery level: 25.8%
68,UAV 7,Control Center,LOW_BATTERY,Battery level: 23.2%
68,UAV 8,Control Center,LOW_BATTERY,Battery level: 21.2%
68,UAV 9,Control Center,LOW_BATTERY,Battery level: 22.7%
68,UAV 10,Control Center,LOW_BATTERY,Battery level: 26.5%
69,UAV 2,Control Center,LOW_BATTERY,Battery level: 25.2%
69,UAV 4,Control Center,LOW_BATTERY,Battery level: 25.8%
69,UAV 7,Control Center,LOW_BATTERY,Battery level: 23.2%
69,UAV 8,Control Center,LOW_BATTERY,Battery level: 21.2%
69,UAV 9,Control Center,LOW_BATTERY,Battery level: 22.7%
69,UAV 10,Control Center,LOW_BATTERY,Battery level: 26.5%
70,UAV 2,Control Center,LOW_BATTERY,Battery level: 25.2%
70,UAV 4,Control Center,LOW_BATTERY,Battery level: 25.8%
70,UAV 7,Control Center,LOW_BATTERY,Battery level: 23.2%
70,UAV 8,Control Center,LOW_BATTERY,Battery level: 21.2%
70,UAV 9,Control Center,LOW_BATTERY,Battery level: 22.7%
70,UAV 10,Control Center,LOW_BATTERY,Battery level: 26.5%
71,UAV 2,Control Center,LOW_BATTERY,Battery level: 25.2%
71,UAV 4,Control Center,LOW_BATTERY,Battery level: 25.8%
71,UAV 7,Control Center,LOW_BATTERY,Battery level: 23.2%
71,UAV 8,Control Center,LOW_BATTERY,Battery level: 21.2%
71,UAV 9,Control Center,LOW_BATTERY,Battery level: 22.7%
71,UAV 10,Control Center,LOW_BATTERY,Battery level: 26.5%
72,UAV 2,Control Center,LOW_BATTERY,Battery level: 25.2%
72,UAV 4,Control Center,LOW_BATTERY,Battery level: 25.8%
72,UAV 7,Control Center,LOW_BATTERY,Battery level: 23.2%
72,UAV 8,Control Center,LOW_BATTERY,Battery level: 21.2%
72,UAV 9,Control Center,LOW_BATTERY,Battery level: 22.7%
72,UAV 10,Control Center,LOW_BATTERY,Battery level: 26.5%
73,UAV 2,Control Center,LOW_BATTERY,Battery level: 25.2%
73,UAV 4,Control Center,LOW_BATTERY,Battery level: 25.8%
73,UAV 7,Control Center,LOW_BATTERY,Battery level: 23.2%
73,UAV 8,Control Center,LOW_BATTERY,Battery level: 21.2%
73,UAV 9,Control Center,LOW_BATTERY,Battery level: 22.7%
73,UAV 10,Control Center,LOW_BATTERY,Battery level: 26.5%
74,UAV 2,Control Center,LOW_BATTERY,Battery level: 25.2%
74,UAV 4,Control Center,LOW_BATTERY,Battery level: 25.8%
74,UAV 7,Control Center,LOW_BATTERY,Battery level: 23.2%
74,UAV 8,Control Center,LOW_BATTERY,Battery level: 21.2%
74,UAV 9,Control Center,LOW_BATTERY,Battery level: 22.7%
74,UAV 10,Control Center,LOW_BATTERY,Battery level: 26.5%
75,UAV 2,Control Center,LOW_BATTERY,Battery level: 25.2%
75,UAV 4,Control Center,LOW_BATTERY,Battery level: 25.8%
75,UAV 7,Control Center,LOW_BATTERY,Battery level: 23.2%
75,UAV 8,Control Center,LOW_BATTERY,Battery level: 21.2%
75,UAV 9,Control Center,LOW_BATTERY,Battery level: 22.7%
75,UAV 10,Control Center,LOW_BATTERY,Battery level: 26.5%
76,UAV 2,Control Center,LOW_BATTERY,Battery level: 25.2%
76,UAV 4,Control Center,LOW_BATTERY,Battery level: 25.8%
76,UAV 7,Control Center,LOW_BATTERY,Battery level: 23.2%
76,UAV 8,Control Center,LOW_BATTERY,Battery level: 21.2%
76,UAV 9,Control Center,LOW_BATTERY,Battery level: 22.7%
76,UAV 10,Control Center,LOW_BATTERY,Battery level: 26.5%
77,UAV 2,Control Center,LOW_BATTERY,Battery level: 25.2%
77,UAV 4,Control Center,LOW_BATTERY,Battery level: 25.8%
77,UAV 7,Control Center,LOW_BATTERY,Battery level: 23.2%
77,UAV 8,Control Center,LOW_BATTERY,Battery level: 21.2%
77,UAV 9,Control Center,LOW_BATTERY,Battery level: 22.7%
77,UAV 10,Control Center,LOW_BATTERY,Battery level: 26.5%
78,UAV 2,Control Center,LOW_BATTERY,Battery level: 25.2%
78,UAV 4,Control Center,LOW_BATTERY,Battery level: 25.8%
78,UAV 7,Control Center,LOW_BATTERY,Battery level: 23.2%
78,UAV 8,Control Center,LOW_BATTERY,Battery level: 21.2%
78,UAV 9,Control Center,LOW_BATTERY,Battery level: 22.7%
78,UAV 10,Control Center,LOW_BATTERY,Battery level: 26.5%
79,UAV 2,Control Center,LOW_BATTERY,Battery level: 25.2%
79,UAV 4,Control Center,LOW_BATTERY,Battery level: 25.8%
79,UAV 7,Control Center,LOW_BATTERY,Battery level: 23.2%
79,UAV 8,Control Center,LOW_BATTERY,Battery level: 21.2%
79,UAV 9,Control Center,LOW_BATTERY,Battery level: 22.7%
79,UAV 10,Control Center,LOW_BATTERY,Battery level: 26.5%
80,UAV 2,Control Center,LOW_BATTERY,Battery level: 25.2%
80,UAV 4,Control Center,LOW_BATTERY,Battery level: 25.8%
80,UAV 7,Control Center,LOW_BATTERY,Battery level: 23.2%
80,UAV 8,Control Center,LOW_BATTERY,Battery level: 21.2%
80,UAV 9,Control Center,LOW_BATTERY,Battery level: 22.7%
80,UAV 10,Control Center,LOW_BATTERY,Battery level: 26.5%
81,UAV 2,Control Center,LOW_BATTERY,Battery level: 25.2%
81,UAV 4,Control Center,LOW_BATTERY,Battery level: 25.8%
81,UAV 7,Control Center,LOW_BATTERY,Battery level: 23.2%
81,UAV 8,Control Center,LOW_BATTERY,Battery level: 21.2%
81,UAV 9,Control Center,LOW_BATTERY,Battery level: 22.7%
81,UAV 10,Control Center,LOW_BATTERY,Battery level: 26.5%
82,UAV 2,Control Center,LOW_BATTERY,Battery level: 25.2%
82,UAV 4,Control Center,LOW_BATTERY,Battery level: 25.8%
82,UAV 7,Control Center,LOW_BATTERY,Battery level: 23.2%
82,UAV 8,Control Center,LOW_BATTERY,Battery level: 21.2%
82,UAV 9,Control Center,LOW_BATTERY,Battery level: 22.7%
82,UAV 10,Control Center,LOW_BATTERY,Battery level: 26.5%
83,UAV 2,Control Center,LOW_BATTERY,Battery level: 25.2%
83,UAV 4,Control Center,LOW_BATTERY,Battery level: 25.8%
83,UAV 7,Control Center,LOW_BATTERY,Battery level: 23.2%
83,UAV 8,Control Center,LOW_BATTERY,Battery level: 21.2%
83,UAV 9,Control Center,LOW_BATTERY,Battery level: 22.7%
83,UAV 10,Control Center,LOW_BATTERY,Battery level: 26.5%
84,UAV 2,Control Center,LOW_BATTERY,Battery level: 25.2%
84,UAV 4,Control Center,LOW_BATTERY,Battery level: 25.8%
84,UAV 7,Control Center,LOW_BATTERY,Battery level: 23.2%
84,UAV 8,Control Center,LOW_BATTERY,Battery level: 21.2%
84,UAV 9,Control Center,LOW_BATTERY,Battery level: 22.7%
84,UAV 10,Control Center,LOW_BATTERY,Battery level: 26.5%
85,UAV 2,Control Center,LOW_BATTERY,Battery level: 25.2%
85,UAV 4,Control Center,LOW_BATTERY,Battery level: 25.8%
85,UAV 7,Control Center,LOW_BATTERY,Battery level: 23.2%
85,UAV 8,Control Center,LOW_BATTERY,Battery level: 21.2%
85,UAV 9,Control Center,LOW_BATTERY,Battery level: 22.7%
85,UAV 10,Control Center,LOW_BATTERY,Battery level: 26.5%
86,UAV 2,Control Center,LOW_BATTERY,Battery level: 25.2%
86,UAV 4,Control Center,LOW_BATTERY,Battery level: 25.8%
86,UAV 7,Control Center,LOW_BATTERY,Battery level: 23.2%
86,UAV 8,Control Center,LOW_BATTERY,Battery level: 21.2%
86,UAV 9,Control Center,LOW_BATTERY,Battery level: 22.7%
86,UAV 10,Control Center,LOW_BATTERY,Battery level: 26.5%
87,UAV 2,Control Center,LOW_BATTERY,Battery level: 25.2%
87,UAV 4,Control Center,LOW_BATTERY,Battery level: 25.8%
87,UAV 7,Control Center,LOW_BATTERY,Battery level: 23.2%
87,UAV 8,Control Center,LOW_BATTERY,Battery level: 21.2%
87,UAV 9,Control Center,LOW_BATTERY,Battery level: 22.7%
87,UAV 10,Control Center,LOW_BATTERY,Battery level: 26.5%
88,UAV 2,Control Center,LOW_BATTERY,Battery level: 25.2%
88,UAV 4,Control Center,LOW_BATTERY,Battery level: 25.8%
88,UAV 7,Control Center,LOW_BATTERY,Battery level: 23.2%
88,UAV 8,Control Center,LOW_BATTERY,Battery level: 21.2%
88,UAV 9,Control Center,LOW_BATTERY,Battery level: 22.7%
88,UAV 10,Control Center,LOW_BATTERY,Battery level: 26.5%
89,UAV 2,Control Center,LOW_BATTERY,Battery level: 25.2%
89,UAV 4,Control Center,LOW_BATTERY,Battery level: 25.8%
89,UAV 7,Control Center,LOW_BATTERY,Battery level: 23.2%
89,UAV 8,Control Center,LOW_BATTERY,Battery level: 21.2%
89,UAV 9,Control Center,LOW_BATTERY,Battery level: 22.7%
89,UAV 10,Control Center,LOW_BATTERY,Battery level: 26.5%
90,UAV 2,Control Center,LOW_BATTERY,Battery level: 25.2%
90,UAV 4,Control Center,LOW_BATTERY,Battery level: 25.8%
90,UAV 7,Control Center,LOW_BATTERY,Battery level: 23.2%
90,UAV 8,Control Center,LOW_BATTERY,Battery level: 21.2%
90,UAV 9,Control Center,LOW_BATTERY,Battery level: 22.7%
90,UAV 10,Control Center,LOW_BATTERY,Battery level: 26.5%
91,UAV 2,Control Center,LOW_BATTERY,Battery level: 25.2%
91,UAV 4,Control Center,LOW_BATTERY,Battery level: 25.8%
91,UAV 7,Control Center,LOW_BATTERY,Battery level: 23.2%
91,UAV 8,Control Center,LOW_BATTERY,Battery level: 21.2%
91,UAV 9,Control Center,LOW_BATTERY,Battery level: 22.7%
91,UAV 10,Control Center,LOW_BATTERY,Battery level: 26.5%
92,UAV 2,Control Center,LOW_BATTERY,Battery level: 25.2%
92,UAV 4,Control Center,LOW_BATTERY,Battery level: 25.8%
92,UAV 7,Control Center,LOW_BATTERY,Battery level: 23.2%
92,UAV 8,Control Center,LOW_BATTERY,Battery level: 21.2%
92,UAV 9,Control Center,LOW_BATTERY,Battery level: 22.7%
92,UAV 10,Control Center,LOW_BATTERY,Battery level: 26.5%
93,UAV 2,Control Center,LOW_BATTERY,Battery level: 25.2%
93,UAV 4,Control Center,LOW_BATTERY,Battery level: 25.8%
93,UAV 7,Control Center,LOW_BATTERY,Battery level: 23.2%
93,UAV 8,Control Center,LOW_BATTERY,Battery level: 21.2%
93,UAV 9,Control Center,LOW_BATTERY,Battery level: 22.7%
93,UAV 10,Control Center,LOW_BATTERY,Battery level: 26.5%
94,UAV 2,Control Center,LOW_BATTERY,Battery level: 25.2%
94,UAV 4,Control Center,LOW_BATTERY,Battery level: 25.8%
94,UAV 7,Control Center,LOW_BATTERY,Battery level: 23.2%
94,UAV 8,Control Center,LOW_BATTERY,Battery level: 21.2%
94,UAV 9,Control Center,LOW_BATTERY,Battery level: 22.7%
94,UAV 10,Control Center,LOW_BATTERY,Battery level: 26.5%
95,UAV 2,Control Center,LOW_BATTERY,Battery level: 25.2%
95,UAV 4,Control Center,LOW_BATTERY,Battery level: 25.8%
95,UAV 7,Control Center,LOW_BATTERY,Battery level: 23.2%
95,UAV 8,Control Center,LOW_BATTERY,Battery level: 21.2%
95,UAV 9,Control Center,LOW_BATTERY,Battery level: 22.7%
95,UAV 10,Control Center,LOW_BATTERY,Battery level: 26.5%
96,UAV 2,Control Center,LOW_BATTERY,Battery level: 25.2%
96,UAV 4,Control Center,LOW_BATTERY,Battery level: 25.8%
96,UAV 7,Control Center,LOW_BATTERY,Battery level: 23.2%
96,UAV 8,Control Center,LOW_BATTERY,Battery level: 21.2%
96,UAV 9,Control Center,LOW_BATTERY,Battery level: 22.7%
96,UAV 10,Control Center,LOW_BATTERY,Battery level: 26.5%
97,UAV 2,Control Center,LOW_BATTERY,Battery level: 25.2%
97,UAV 4,Control Center,LOW_BATTERY,Battery level: 25.8%
97,UAV 7,Control Center,LOW_BATTERY,Battery level: 23.2%
97,UAV 8,Control Center,LOW_BATTERY,Battery level: 21.2%
97,UAV 9,Control Center,LOW_BATTERY,Battery level: 22.7%
97,UAV 10,Control Center,LOW_BATTERY,Battery level: 26.5%
98,UAV 2,Control Center,LOW_BATTERY,Battery level: 25.2%
98,UAV 4,Control Center,LOW_BATTERY,Battery level: 25.8%
98,UAV 7,Control Center,LOW_BATTERY,Battery level: 23.2%
98,UAV 8,Control Center,LOW_BATTERY,Battery level: 21.2%
98,UAV 9,Control Center,LOW_BATTERY,Battery level: 22.7%
98,UAV 10,Control Center,LOW_BATTERY,Battery level: 26.5%
99,UAV 2,Control Center,LOW_BATTERY,Battery level: 25.2%
99,UAV 4,Control Center,LOW_BATTERY,Battery level: 25.8%
99,UAV 7,Control Center,LOW_BATTERY,Battery level: 23.2%
99,UAV 8,Control Center,LOW_BATTERY,Battery level: 21.2%
99,UAV 9,Control Center,LOW_BATTERY,Battery level: 22.7%
99,UAV 10,Control Center,LOW_BATTERY,Battery level: 26.5%
100,UAV 2,Control Center,LOW_BATTERY,Battery level: 25.2%
100,UAV 4,Control Center,LOW_BATTERY,Battery level: 25.8%
100,UAV 7,Control Center,LOW_BATTERY,Battery level: 23.2%
100,UAV 8,Control Center,LOW_BATTERY,Battery level: 21.2%
100,UAV 9,Control Center,LOW_BATTERY,Battery level: 22.7%
100,UAV 10,Control Center,LOW_BATTERY,Battery level: 26.5%
101,UAV 2,Control Center,LOW_BATTERY,Battery level: 25.2%
101,UAV 4,Control Center,LOW_BATTERY,Battery level: 25.8%
101,UAV 7,Control Center,LOW_BATTERY,Battery level: 23.2%
101,UAV 8,Control Center,LOW_BATTERY,Battery level: 21.2%
101,UAV 9,Control Center,LOW_BATTERY,Battery level: 22.7%
101,UAV 10,Control Center,LOW_BATTERY,Battery level: 26.5%
102,UAV 2,Control Center,LOW_BATTERY,Battery level: 25.2%
102,UAV 4,Control Center,LOW_BATTERY,Battery level: 25.8%
102,UAV 7,Control Center,LOW_BATTERY,Battery level: 23.2%
102,UAV 8,Control Center,LOW_BATTERY,Battery level: 21.2%
102,UAV 9,Control Center,LOW_BATTERY,Battery level: 22.7%
102,UAV 10,Control Center,LOW_BATTERY,Battery level: 26.5%
103,UAV 2,Control Center,LOW_BATTERY,Battery level: 25.2%
103,UAV 4,Control Center,LOW_BATTERY,Battery level: 25.8%
103,UAV 7,Control Center,LOW_BATTERY,Battery level: 23.2%
103,UAV 8,Control Center,LOW_BATTERY,Battery level: 21.2%
103,UAV 9,Control Center,LOW_BATTERY,Battery level: 22.7%
103,UAV 10,Control Center,LOW_BATTERY,Battery level: 26.5%
104,UAV 2,Control Center,LOW_BATTERY,Battery level: 25.2%
104,UAV 4,Control Center,LOW_BATTERY,Battery level: 25.8%
104,UAV 7,Control Center,LOW_BATTERY,Battery level: 23.2%
104,UAV 8,Control Center,LOW_BATTERY,Battery level: 21.2%
104,UAV 9,Control Center,LOW_BATTERY,Battery level: 22.7%
104,UAV 10,Control Center,LOW_BATTERY,Battery level: 26.5%
105,UAV 2,Control Center,LOW_BATTERY,Battery level: 25.2%
105,UAV 4,Control Center,LOW_BATTERY,Battery level: 25.8%
105,UAV 7,Control Center,LOW_BATTERY,Battery level: 23.2%
105,UAV 8,Control Center,LOW_BATTERY,Battery level: 21.2%
105,UAV 9,Control Center,LOW_BATTERY,Battery level: 22.7%
105,UAV 10,Control Center,LOW_BATTERY,Battery level: 26.5%
106,UAV 2,Control Center,LOW_BATTERY,Battery level: 25.2%
106,UAV 4,Control Center,LOW_BATTERY,Battery level: 25.8%
106,UAV 7,Control Center,LOW_BATTERY,Battery level: 23.2%
106,UAV 8,Control Center,LOW_BATTERY,Battery level: 21.2%
106,UAV 9,Control Center,LOW_BATTERY,Battery level: 22.7%
106,UAV 10,Control Center,LOW_BATTERY,Battery level: 26.5%
107,UAV 2,Control Center,LOW_BATTERY,Battery level: 25.2%
107,UAV 4,Control Center,LOW_BATTERY,Battery level: 25.8%
107,UAV 7,Control Center,LOW_BATTERY,Battery level: 23.2%
107,UAV 8,Control Center,LOW_BATTERY,Battery level: 21.2%
107,UAV 9,Control Center,LOW_BATTERY,Battery level: 22.7%
107,UAV 10,Control Center,LOW_BATTERY,Battery level: 26.5%
108,UAV 2,Control Center,LOW_BATTERY,Battery level: 25.2%
108,UAV 4,Control Center,LOW_BATTERY,Battery level: 25.8%
108,UAV 7,Control Center,LOW_BATTERY,Battery level: 23.2%
108,UAV 8,Control Center,LOW_BATTERY,Battery level: 21.2%
108,UAV 9,Control Center,LOW_BATTERY,Battery level: 22.7%
108,UAV 10,Control Center,LOW_BATTERY,Battery level: 26.5%
109,UAV 2,Control Center,LOW_BATTERY,Battery level: 25.2%
109,UAV 4,Control Center,LOW_BATTERY,Battery level: 25.8%
109,UAV 7,Control Center,LOW_BATTERY,Battery level: 23.2%
109,UAV 8,Control Center,LOW_BATTERY,Battery level: 21.2%
109,UAV 9,Control Center,LOW_BATTERY,Battery level: 22.7%
109,UAV 10,Control Center,LOW_BATTERY,Battery level: 26.5%
110,UAV 2,Control Center,LOW_BATTERY,Battery level: 25.2%
110,UAV 4,Control Center,LOW_BATTERY,Battery level: 25.8%
110,UAV 7,Control Center,LOW_BATTERY,Battery level: 23.2%
110,UAV 8,Control Center,LOW_BATTERY,Battery level: 21.2%
110,UAV 9,Control Center,LOW_BATTERY,Battery level: 22.7%
110,UAV 10,Control Center,LOW_BATTERY,Battery level: 26.5%
111,UAV 2,Control Center,LOW_BATTERY,Battery level: 25.2%
111,UAV 4,Control Center,LOW_BATTERY,Battery level: 25.8%
111,UAV 7,Control Center,LOW_BATTERY,Battery level: 23.2%
111,UAV 8,Control Center,LOW_BATTERY,Battery level: 21.2%
111,UAV 9,Control Center,LOW_BATTERY,Battery level: 22.7%
111,UAV 10,Control Center,LOW_BATTERY,Battery level: 26.5%
112,UAV 2,Control Center,LOW_BATTERY,Battery level: 25.2%
112,UAV 4,Control Center,LOW_BATTERY,Battery level: 25.8%
112,UAV 7,Control Center,LOW_BATTERY,Battery level: 23.2%
112,UAV 8,Control Center,LOW_BATTERY,Battery level: 21.2%
112,UAV 9,Control Center,LOW_BATTERY,Battery level: 22.7%
112,UAV 10,Control Center,LOW_BATTERY,Battery level: 26.5%
113,UAV 2,Control Center,LOW_BATTERY,Battery level: 25.2%
113,UAV 4,Control Center,LOW_BATTERY,Battery level: 25.8%
113,UAV 7,Control Center,LOW_BATTERY,Battery level: 23.2%
113,UAV 8,Control Center,LOW_BATTERY,Battery level: 21.2%
113,UAV 9,Control Center,LOW_BATTERY,Battery level: 22.7%
113,UAV 10,Control Center,LOW_BATTERY,Battery level: 26.5%
114,UAV 2,Control Center,LOW_BATTERY,Battery level: 25.2%
114,UAV 4,Control Center,LOW_BATTERY,Battery level: 25.8%
114,UAV 7,Control Center,LOW_BATTERY,Battery level: 23.2%
114,UAV 8,Control Center,LOW_BATTERY,Battery level: 21.2%
114,UAV 9,Control Center,LOW_BATTERY,Battery level: 22.7%
114,UAV 10,Control Center,LOW_BATTERY,Battery level: 26.5%
115,UAV 2,Control Center,LOW_BATTERY,Battery level: 25.2%
115,UAV 4,Control Center,LOW_BATTERY,Battery level: 25.8%
115,UAV 7,Control Center,LOW_BATTERY,Battery level: 23.2%
115,UAV 8,Control Center,LOW_BATTERY,Battery level: 21.2%
115,UAV 9,Control Center,LOW_BATTERY,Battery level: 22.7%
115,UAV 10,Control Center,LOW_BATTERY,Battery level: 26.5%
116,UAV 2,Control Center,LOW_BATTERY,Battery level: 25.2%
116,UAV 4,Control Center,LOW_BATTERY,Battery level: 25.8%
116,UAV 7,Control Center,LOW_BATTERY,Battery level: 23.2%
116,UAV 8,Control Center,LOW_BATTERY,Battery level: 21.2%
116,UAV 9,Control Center,LOW_BATTERY,Battery level: 22.7%
116,UAV 10,Control Center,LOW_BATTERY,Battery level: 26.5%
117,UAV 2,Control Center,LOW_BATTERY,Battery level: 25.2%
117,UAV 4,Control Center,LOW_BATTERY,Battery level: 25.8%
117,UAV 7,Control Center,LOW_BATTERY,Battery level: 23.2%
117,UAV 8,Control Center,LOW_BATTERY,Battery level: 21.2%
117,UAV 9,Control Center,LOW_BATTERY,Battery level: 22.7%
117,UAV 10,Control Center,LOW_BATTERY,Battery level: 26.5%
118,UAV 2,Control Center,LOW_BATTERY,Battery level: 25.2%
118,UAV 4,Control Center,LOW_BATTERY,Battery level: 25.8%
118,UAV 7,Control Center,LOW_BATTERY,Battery level: 23.2%
118,UAV 8,Control Center,LOW_BATTERY,Battery level: 21.2%
118,UAV 9,Control Center,LOW_BATTERY,Battery level: 22.7%
118,UAV 10,Control Center,LOW_BATTERY,Battery level: 26.5%
119,UAV 2,Control Center,LOW_BATTERY,Battery level: 25.2%
119,UAV 4,Control Center,LOW_BATTERY,Battery level: 25.8%
119,UAV 7,Control Center,LOW_BATTERY,Battery level: 23.2%
119,UAV 8,Control Center,LOW_BATTERY,Battery level: 21.2%
119,UAV 9,Control Center,LOW_BATTERY,Battery level: 22.7%
119,UAV 10,Control Center,LOW_BATTERY,Battery level: 26.5%
120,UAV 2,Control Center,LOW_BATTERY,Battery level: 25.2%
120,UAV 4,Control Center,LOW_BATTERY,Battery level: 25.8%
120,UAV 7,Control Center,LOW_BATTERY,Battery level: 23.2%
120,UAV 8,Control Center,LOW_BATTERY,Battery level: 21.2%
120,UAV 9,Control Center,LOW_BATTERY,Battery level: 22.7%
120,UAV 10,Control Center,LOW_BATTERY,Battery level: 26.5%
121,UAV 2,Control Center,LOW_BATTERY,Battery level: 25.2%
121,UAV 4,Control Center,LOW_BATTERY,Battery level: 25.8%
121,UAV 7,Control Center,LOW_BATTERY,Battery level: 23.2%
121,UAV 8,Control Center,LOW_BATTERY,Battery level: 21.2%
121,UAV 9,Control Center,LOW_BATTERY,Battery level: 22.7%
121,UAV 10,Control Center,LOW_BATTERY,Battery level: 26.5%
122,UAV 2,Control Center,LOW_BATTERY,Battery level: 25.2%
122,UAV 4,Control Center,LOW_BATTERY,Battery level: 25.8%
122,UAV 7,Control Center,LOW_BATTERY,Battery level: 23.2%
122,UAV 8,Control Center,LOW_BATTERY,Battery level: 21.2%
122,UAV 9,Control Center,LOW_BATTERY,Battery level: 22.7%
122,UAV 10,Control Center,LOW_BATTERY,Battery level: 26.5%
123,UAV 2,Control Center,LOW_BATTERY,Battery level: 25.2%
123,UAV 4,Control Center,LOW_BATTERY,Battery level: 25.8%
123,UAV 7,Control Center,LOW_BATTERY,Battery level: 23.2%
123,UAV 8,Control Center,LOW_BATTERY,Battery level: 21.2%
123,UAV 9,Control Center,LOW_BATTERY,Battery level: 22.7%
123,UAV 10,Control Center,LOW_BATTERY,Battery level: 26.5%
124,UAV 2,Control Center,LOW_BATTERY,Battery level: 25.2%
124,UAV 4,Control Center,LOW_BATTERY,Battery level: 25.8%
124,UAV 7,Control Center,LOW_BATTERY,Battery level: 23.2%
124,UAV 8,Control Center,LOW_BATTERY,Battery level: 21.2%
124,UAV 9,Control Center,LOW_BATTERY,Battery level: 22.7%
124,UAV 10,Control Center,LOW_BATTERY,Battery level: 26.5%
125,UAV 2,Control Center,LOW_BATTERY,Battery level: 25.2%
125,UAV 4,Control Center,LOW_BATTERY,Battery level: 25.8%
125,UAV 7,Control Center,LOW_BATTERY,Battery level: 23.2%
125,UAV 8,Control Center,LOW_BATTERY,Battery level: 21.2%
125,UAV 9,Control Center,LOW_BATTERY,Battery level: 22.7%
125,UAV 10,Control Center,LOW_BATTERY,Battery level: 26.5%
126,UAV 2,Control Center,LOW_BATTERY,Battery level: 25.2%
126,UAV 4,Control Center,LOW_BATTERY,Battery level: 25.8%
126,UAV 7,Control Center,LOW_BATTERY,Battery level: 23.2%
126,UAV 8,Control Center,LOW_BATTERY,Battery level: 21.2%
126,UAV 9,Control Center,LOW_BATTERY,Battery level: 22.7%
126,UAV 10,Control Center,LOW_BATTERY,Battery level: 26.5%
127,UAV 2,Control Center,LOW_BATTERY,Battery level: 25.2%
127,UAV 4,Control Center,LOW_BATTERY,Battery level: 25.8%
127,UAV 7,Control Center,LOW_BATTERY,Battery level: 23.2%
127,UAV 8,Control Center,LOW_BATTERY,Battery level: 21.2%
127,UAV 9,Control Center,LOW_BATTERY,Battery level: 22.7%
127,UAV 10,Control Center,LOW_BATTERY,Battery level: 26.5%
128,UAV 2,Control Center,LOW_BATTERY,Battery level: 25.2%
128,UAV 4,Control Center,LOW_BATTERY,Battery level: 25.8%
128,UAV 7,Control Center,LOW_BATTERY,Battery level: 23.2%
128,UAV 8,Control Center,LOW_BATTERY,Battery level: 21.2%
128,UAV 9,Control Center,LOW_BATTERY,Battery level: 22.7%
128,UAV 10,Control Center,LOW_BATTERY,Battery level: 26.5%
129,UAV 2,Control Center,LOW_BATTERY,Battery level: 25.2%
129,UAV 4,Control Center,LOW_BATTERY,Battery level: 25.8%
129,UAV 7,Control Center,LOW_BATTERY,Battery level: 23.2%
129,UAV 8,Control Center,LOW_BATTERY,Battery level: 21.2%
129,UAV 9,Control Center,LOW_BATTERY,Battery level: 22.7%
129,UAV 10,Control Center,LOW_BATTERY,Battery level: 26.5%
130,UAV 2,Control Center,LOW_BATTERY,Battery level: 25.2%
130,UAV 4,Control Center,LOW_BATTERY,Battery level: 25.8%
130,UAV 7,Control Center,LOW_BATTERY,Battery level: 23.2%
130,UAV 8,Control Center,LOW_BATTERY,Battery level: 21.2%
130,UAV 9,Control Center,LOW_BATTERY,Battery level: 22.7%
130,UAV 10,Control Center,LOW_BATTERY,Battery level: 26.5%
131,UAV 2,Control Center,LOW_BATTERY,Battery level: 25.2%
131,UAV 4,Control Center,LOW_BATTERY,Battery level: 25.8%
131,UAV 7,Control Center,LOW_BATTERY,Battery level: 23.2%
131,UAV 8,Control Center,LOW_BATTERY,Battery level: 21.2%
131,UAV 9,Control Center,LOW_BATTERY,Battery level: 22.7%
131,UAV 10,Control Center,LOW_BATTERY,Battery level: 26.5%
132,UAV 2,Control Center,LOW_BATTERY,Battery level: 25.2%
132,UAV 4,Control Center,LOW_BATTERY,Battery level: 25.8%
132,UAV 7,Control Center,LOW_BATTERY,Battery level: 23.2%
132,UAV 8,Control Center,LOW_BATTERY,Battery level: 21.2%
132,UAV 9,Control Center,LOW_BATTERY,Battery level: 22.7%
132,UAV 10,Control Center,LOW_BATTERY,Battery level: 26.5%
133,UAV 2,Control Center,LOW_BATTERY,Battery level: 25.2%
133,UAV 4,Control Center,LOW_BATTERY,Battery level: 25.8%
133,UAV 7,Control Center,LOW_BATTERY,Battery level: 23.2%
133,UAV 8,Control Center,LOW_BATTERY,Battery level: 21.2%
133,UAV 9,Control Center,LOW_BATTERY,Battery level: 22.7%
133,UAV 10,Control Center,LOW_BATTERY,Battery level: 26.5%
134,UAV 2,Control Center,LOW_BATTERY,Battery level: 25.2%
134,UAV 4,Control Center,LOW_BATTERY,Battery level: 25.8%
134,UAV 7,Control Center,LOW_BATTERY,Battery level: 23.2%
134,UAV 8,Control Center,LOW_BATTERY,Battery level: 21.2%
134,UAV 9,Control Center,LOW_BATTERY,Battery level: 22.7%
134,UAV 10,Control Center,LOW_BATTERY,Battery level: 26.5%
135,UAV 2,Control Center,LOW_BATTERY,Battery level: 25.2%
135,UAV 4,Control Center,LOW_BATTERY,Battery level: 25.8%
135,UAV 7,Control Center,LOW_BATTERY,Battery level: 23.2%
135,UAV 8,Control Center,LOW_BATTERY,Battery level: 21.2%
135,UAV 9,Control Center,LOW_BATTERY,Battery level: 22.7%
135,UAV 10,Control Center,LOW_BATTERY,Battery level: 26.5%
136,UAV 2,Control Center,LOW_BATTERY,Battery level: 25.2%
136,UAV 4,Control Center,LOW_BATTERY,Battery level: 25.8%
136,UAV 7,Control Center,LOW_BATTERY,Battery level: 23.2%
136,UAV 8,Control Center,LOW_BATTERY,Battery level: 21.2%
136,UAV 9,Control Center,LOW_BATTERY,Battery level: 22.7%
136,UAV 10,Control Center,LOW_BATTERY,Battery level: 26.5%
137,UAV 2,Control Center,LOW_BATTERY,Battery level: 25.2%
137,UAV 4,Control Center,LOW_BATTERY,Battery level: 25.8%
137,UAV 7,Control Center,LOW_BATTERY,Battery level: 23.2%
137,UAV 8,Control Center,LOW_BATTERY,Battery level: 21.2%
137,UAV 9,Control Center,LOW_BATTERY,Battery level: 22.7%
137,UAV 10,Control Center,LOW_BATTERY,Battery level: 26.5%
138,UAV 2,Control Center,LOW_BATTERY,Battery level: 25.2%
138,UAV 4,Control Center,LOW_BATTERY,Battery level: 25.8%
138,UAV 7,Control Center,LOW_BATTERY,Battery level: 23.2%
138,UAV 8,Control Center,LOW_BATTERY,Battery level: 21.2%
138,UAV 9,Control Center,LOW_BATTERY,Battery level: 22.7%
138,UAV 10,Control Center,LOW_BATTERY,Battery level: 26.5%
139,UAV 2,Control Center,LOW_BATTERY,Battery level: 25.2%
139,UAV 4,Control Center,LOW_BATTERY,Battery level: 25.8%
139,UAV 7,Control Center,LOW_BATTERY,Battery level: 23.2%
139,UAV 8,Control Center,LOW_BATTERY,Battery level: 21.2%
139,UAV 9,Control Center,LOW_BATTERY,Battery level: 22.7%
139,UAV 10,Control Center,LOW_BATTERY,Battery level: 26.5%
140,UAV 2,Control Center,LOW_BATTERY,Battery level: 25.2%
140,UAV 4,Control Center,LOW_BATTERY,Battery level: 25.8%
140,UAV 7,Control Center,LOW_BATTERY,Battery level: 23.2%
140,UAV 8,Control Center,LOW_BATTERY,Battery level: 21.2%
140,UAV 9,Control Center,LOW_BATTERY,Battery level: 22.7%
140,UAV 10,Control Center,LOW_BATTERY,Battery level: 26.5%
141,UAV 2,Control Center,LOW_BATTERY,Battery level: 25.2%
141,UAV 4,Control Center,LOW_BATTERY,Battery level: 25.8%
141,UAV 7,Control Center,LOW_BATTERY,Battery level: 23.2%
141,UAV 8,Control Center,LOW_BATTERY,Battery level: 21.2%
141,UAV 9,Control Center,LOW_BATTERY,Battery level: 22.7%
141,UAV 10,Control Center,LOW_BATTERY,Battery level: 26.5%
142,UAV 2,Control Center,LOW_BATTERY,Battery level: 25.2%
142,UAV 4,Control Center,LOW_BATTERY,Battery level: 25.8%
142,UAV 7,Control Center,LOW_BATTERY,Battery level: 23.2%
142,UAV 8,Control Center,LOW_BATTERY,Battery level: 21.2%
142,UAV 9,Control Center,LOW_BATTERY,Battery level: 22.7%
142,UAV 10,Control Center,LOW_BATTERY,Battery level: 26.5%
143,UAV 2,Control Center,LOW_BATTERY,Battery level: 25.2%
143,UAV 4,Control Center,LOW_BATTERY,Battery level: 25.8%
143,UAV 7,Control Center,LOW_BATTERY,Battery level: 23.2%
143,UAV 8,Control Center,LOW_BATTERY,Battery level: 21.2%
143,UAV 9,Control Center,LOW_BATTERY,Battery level: 22.7%
143,UAV 10,Control Center,LOW_BATTERY,Battery level: 26.5%
144,UAV 2,Control Center,LOW_BATTERY,Battery level: 25.2%
144,UAV 4,Control Center,LOW_BATTERY,Battery level: 25.8%
144,UAV 7,Control Center,LOW_BATTERY,Battery level: 23.2%
144,UAV 8,Control Center,LOW_BATTERY,Battery level: 21.2%
144,UAV 9,Control Center,LOW_BATTERY,Battery level: 22.7%
144,UAV 10,Control Center,LOW_BATTERY,Battery level: 26.5%
145,UAV 2,Control Center,LOW_BATTERY,Battery level: 25.2%
145,UAV 4,Control Center,LOW_BATTERY,Battery level: 25.8%
145,UAV 7,Control Center,LOW_BATTERY,Battery level: 23.2%
145,UAV 8,Control Center,LOW_BATTERY,Battery level: 21.2%
145,UAV 9,Control Center,LOW_BATTERY,Battery level: 22.7%
145,UAV 10,Control Center,LOW_BATTERY,Battery level: 26.5%
146,UAV 2,Control Center,LOW_BATTERY,Battery level: 25.2%
146,UAV 4,Control Center,LOW_BATTERY,Battery level: 25.8%
146,UAV 7,Control Center,LOW_BATTERY,Battery level: 23.2%
146,UAV 8,Control Center,LOW_BATTERY,Battery level: 21.2%
146,UAV 9,Control Center,LOW_BATTERY,Battery level: 22.7%
146,UAV 10,Control Center,LOW_BATTERY,Battery level: 26.5%
147,UAV 2,Control Center,LOW_BATTERY,Battery level: 25.2%
147,UAV 4,Control Center,LOW_BATTERY,Battery level: 25.8%
147,UAV 7,Control Center,LOW_BATTERY,Battery level: 23.2%
147,UAV 8,Control Center,LOW_BATTERY,Battery level: 21.2%
147,UAV 9,Control Center,LOW_BATTERY,Battery level: 22.7%
147,UAV 10,Control Center,LOW_BATTERY,Battery level: 26.5%
148,UAV 2,Control Center,LOW_BATTERY,Battery level: 25.2%
148,UAV 4,Control Center,LOW_BATTERY,Battery level: 25.8%
148,UAV 7,Control Center,LOW_BATTERY,Battery level: 23.2%
148,UAV 8,Control Center,LOW_BATTERY,Battery level: 21.2%
148,UAV 9,Control Center,LOW_BATTERY,Battery level: 22.7%
148,UAV 10,Control Center,LOW_BATTERY,Battery level: 26.5%
149,UAV 2,Control Center,LOW_BATTERY,Battery level: 25.2%
149,UAV 4,Control Center,LOW_BATTERY,Battery level: 25.8%
149,UAV 7,Control Center,LOW_BATTERY,Battery level: 23.2%
149,UAV 8,Control Center,LOW_BATTERY,Battery level: 21.2%
149,UAV 9,Control Center,LOW_BATTERY,Battery level: 22.7%
149,UAV 10,Control Center,LOW_BATTERY,Battery level: 26.5%
150,UAV 2,Control Center,LOW_BATTERY,Battery level: 25.2%
150,UAV 4,Control Center,LOW_BATTERY,Battery level: 25.8%
150,UAV 7,Control Center,LOW_BATTERY,Battery level: 23.2%
150,UAV 8,Control Center,LOW_BATTERY,Battery level: 21.2%
150,UAV 9,Control Center,LOW_BATTERY,Battery level: 22.7%
150,UAV 10,Control Center,LOW_BATTERY,Battery level: 26.5%
151,UAV 2,Control Center,LOW_BATTERY,Battery level: 25.2%
151,UAV 4,Control Center,LOW_BATTERY,Battery level: 25.8%
151,UAV 7,Control Center,LOW_BATTERY,Battery level: 23.2%
151,UAV 8,Control Center,LOW_BATTERY,Battery level: 21.2%
151,UAV 9,Control Center,LOW_BATTERY,Battery level: 22.7%
151,UAV 10,Control Center,LOW_BATTERY,Battery level: 26.5%
152,UAV 2,Control Center,LOW_BATTERY,Battery level: 25.2%
152,UAV 4,Control Center,LOW_BATTERY,Battery level: 25.8%
152,UAV 7,Control Center,LOW_BATTERY,Battery level: 23.2%
152,UAV 8,Control Center,LOW_BATTERY,Battery level: 21.2%
152,UAV 9,Control Center,LOW_BATTERY,Battery level: 22.7%
152,UAV 10,Control Center,LOW_BATTERY,Battery level: 26.5%
153,UAV 2,Control Center,LOW_BATTERY,Battery level: 25.2%
153,UAV 4,Control Center,LOW_BATTERY,Battery level: 25.8%
153,UAV 7,Control Center,LOW_BATTERY,Battery level: 23.2%
153,UAV 8,Control Center,LOW_BATTERY,Battery level: 21.2%
153,UAV 9,Control Center,LOW_BATTERY,Battery level: 22.7%
153,UAV 10,Control Center,LOW_BATTERY,Battery level: 26.5%
154,UAV 2,Control Center,LOW_BATTERY,Battery level: 25.2%
154,UAV 4,Control Center,LOW_BATTERY,Battery level: 25.8%
154,UAV 7,Control Center,LOW_BATTERY,Battery level: 23.2%
154,UAV 8,Control Center,LOW_BATTERY,Battery level: 21.2%
154,UAV 9,Control Center,LOW_BATTERY,Battery level: 22.7%
154,UAV 10,Control Center,LOW_BATTERY,Battery level: 26.5%
155,UAV 2,Control Center,LOW_BATTERY,Battery level: 25.2%
155,UAV 4,Control Center,LOW_BATTERY,Battery level: 25.8%
155,UAV 7,Control Center,LOW_BATTERY,Battery level: 23.2%
155,UAV 8,Control Center,LOW_BATTERY,Battery level: 21.2%
155,UAV 9,Control Center,LOW_BATTERY,Battery level: 22.7%
155,UAV 10,Control Center,LOW_BATTERY,Battery level: 26.5%
156,UAV 2,Control Center,LOW_BATTERY,Battery level: 25.2%
156,UAV 4,Control Center,LOW_BATTERY,Battery level: 25.8%
156,UAV 7,Control Center,LOW_BATTERY,Battery level: 23.2%
156,UAV 8,Control Center,LOW_BATTERY,Battery level: 21.2%
156,UAV 9,Control Center,LOW_BATTERY,Battery level: 22.7%
156,UAV 10,Control Center,LOW_BATTERY,Battery level: 26.5%
157,UAV 2,Control Center,LOW_BATTERY,Battery level: 25.2%
157,UAV 4,Control Center,LOW_BATTERY,Battery level: 25.8%
157,UAV 7,Control Center,LOW_BATTERY,Battery level: 23.2%
157,UAV 8,Control Center,LOW_BATTERY,Battery level: 21.2%
157,UAV 9,Control Center,LOW_BATTERY,Battery level: 22.7%
157,UAV 10,Control Center,LOW_BATTERY,Battery level: 26.5%
158,UAV 2,Control Center,LOW_BATTERY,Battery level: 25.2%
158,UAV 4,Control Center,LOW_BATTERY,Battery level: 25.8%
158,UAV 7,Control Center,LOW_BATTERY,Battery level: 23.2%
158,UAV 8,Control Center,LOW_BATTERY,Battery level: 21.2%
158,UAV 9,Control Center,LOW_BATTERY,Battery level: 22.7%
158,UAV 10,Control Center,LOW_BATTERY,Battery level: 26.5%
159,UAV 2,Control Center,LOW_BATTERY,Battery level: 25.2%
159,UAV 4,Control Center,LOW_BATTERY,Battery level: 25.8%
159,UAV 7,Control Center,LOW_BATTERY,Battery level: 23.2%
159,UAV 8,Control Center,LOW_BATTERY,Battery level: 21.2%
159,UAV 9,Control Center,LOW_BATTERY,Battery level: 22.7%
159,UAV 10,Control Center,LOW_BATTERY,Battery level: 26.5%
160,UAV 2,Control Center,LOW_BATTERY,Battery level: 25.2%
160,UAV 4,Control Center,LOW_BATTERY,Battery level: 25.8%
160,UAV 7,Control Center,LOW_BATTERY,Battery level: 23.2%
160,UAV 8,Control Center,LOW_BATTERY,Battery level: 21.2%
160,UAV 9,Control Center,LOW_BATTERY,Battery level: 22.7%
160,UAV 10,Control Center,LOW_BATTERY,Battery level: 26.5%
161,UAV 2,Control Center,LOW_BATTERY,Battery level: 25.2%
161,UAV 4,Control Center,LOW_BATTERY,Battery level: 25.8%
161,UAV 7,Control Center,LOW_BATTERY,Battery level: 23.2%
161,UAV 8,Control Center,LOW_BATTERY,Battery level: 21.2%
161,UAV 9,Control Center,LOW_BATTERY,Battery level: 22.7%
161,UAV 10,Control Center,LOW_BATTERY,Battery level: 26.5%
162,UAV 2,Control Center,LOW_BATTERY,Battery level: 25.2%
162,UAV 4,Control Center,LOW_BATTERY,Battery level: 25.8%
162,UAV 7,Control Center,LOW_BATTERY,Battery level: 23.2%
162,UAV 8,Control Center,LOW_BATTERY,Battery level: 21.2%
162,UAV 9,Control Center,LOW_BATTERY,Battery level: 22.7%
162,UAV 10,Control Center,LOW_BATTERY,Battery level: 26.5%
163,UAV 2,Control Center,LOW_BATTERY,Battery level: 25.2%
163,UAV 4,Control Center,LOW_BATTERY,Battery level: 25.8%
163,UAV 7,Control Center,LOW_BATTERY,Battery level: 23.2%
163,UAV 8,Control Center,LOW_BATTERY,Battery level: 21.2%
163,UAV 9,Control Center,LOW_BATTERY,Battery level: 22.7%
163,UAV 10,Control Center,LOW_BATTERY,Battery level: 26.5%
164,UAV 2,Control Center,LOW_BATTERY,Battery level: 25.2%
164,UAV 4,Control Center,LOW_BATTERY,Battery level: 25.8%
164,UAV 7,Control Center,LOW_BATTERY,Battery level: 23.2%
164,UAV 8,Control Center,LOW_BATTERY,Battery level: 21.2%
164,UAV 9,Control Center,LOW_BATTERY,Battery level: 22.7%
164,UAV 10,Control Center,LOW_BATTERY,Battery level: 26.5%
165,UAV 2,Control Center,LOW_BATTERY,Battery level: 25.2%
165,UAV 4,Control Center,LOW_BATTERY,Battery level: 25.8%
165,UAV 7,Control Center,LOW_BATTERY,Battery level: 23.2%
165,UAV 8,Control Center,LOW_BATTERY,Battery level: 21.2%
165,UAV 9,Control Center,LOW_BATTERY,Battery level: 22.7%
165,UAV 10,Control Center,LOW_BATTERY,Battery level: 26.5%
166,UAV 2,Control Center,LOW_BATTERY,Battery level: 25.2%
166,UAV 4,Control Center,LOW_BATTERY,Battery level: 25.8%
166,UAV 7,Control Center,LOW_BATTERY,Battery level: 23.2%
166,UAV 8,Control Center,LOW_BATTERY,Battery level: 21.2%
166,UAV 9,Control Center,LOW_BATTERY,Battery level: 22.7%
166,UAV 10,Control Center,LOW_BATTERY,Battery level: 26.5%
167,UAV 2,Control Center,LOW_BATTERY,Battery level: 25.2%
167,UAV 4,Control Center,LOW_BATTERY,Battery level: 25.8%
167,UAV 7,Control Center,LOW_BATTERY,Battery level: 23.2%
167,UAV 8,Control Center,LOW_BATTERY,Battery level: 21.2%
167,UAV 9,Control Center,LOW_BATTERY,Battery level: 22.7%
167,UAV 10,Control Center,LOW_BATTERY,Battery level: 26.5%
168,UAV 2,Control Center,LOW_BATTERY,Battery level: 25.2%
168,UAV 4,Control Center,LOW_BATTERY,Battery level: 25.8%
168,UAV 7,Control Center,LOW_BATTERY,Battery level: 23.2%
168,UAV 8,Control Center,LOW_BATTERY,Battery level: 21.2%
168,UAV 9,Control Center,LOW_BATTERY,Battery level: 22.7%
168,UAV 10,Control Center,LOW_BATTERY,Battery level: 26.5%
169,UAV 2,Control Center,LOW_BATTERY,Battery level: 25.2%
169,UAV 4,Control Center,LOW_BATTERY,Battery level: 25.8%
169,UAV 7,Control Center,LOW_BATTERY,Battery level: 23.2%
169,UAV 8,Control Center,LOW_BATTERY,Battery level: 21.2%
169,UAV 9,Control Center,LOW_BATTERY,Battery level: 22.7%
169,UAV 10,Control Center,LOW_BATTERY,Battery level: 26.5%
170,UAV 2,Control Center,LOW_BATTERY,Battery level: 25.2%
170,UAV 4,Control Center,LOW_BATTERY,Battery level: 25.8%
170,UAV 7,Control Center,LOW_BATTERY,Battery level: 23.2%
170,UAV 8,Control Center,LOW_BATTERY,Battery level: 21.2%
170,UAV 9,Control Center,LOW_BATTERY,Battery level: 22.7%
170,UAV 10,Control Center,LOW_BATTERY,Battery level: 26.5%
171,UAV 2,Control Center,LOW_BATTERY,Battery level: 25.2%
171,UAV 4,Control Center,LOW_BATTERY,Battery level: 25.8%
171,UAV 7,Control Center,LOW_BATTERY,Battery level: 23.2%
171,UAV 8,Control Center,LOW_BATTERY,Battery level: 21.2%
171,UAV 9,Control Center,LOW_BATTERY,Battery level: 22.7%
171,UAV 10,Control Center,LOW_BATTERY,Battery level: 26.5%
172,UAV 2,Control Center,LOW_BATTERY,Battery level: 25.2%
172,UAV 4,Control Center,LOW_BATTERY,Battery level: 25.8%
172,UAV 7,Control Center,LOW_BATTERY,Battery level: 23.2%
172,UAV 8,Control Center,LOW_BATTERY,Battery level: 21.2%
172,UAV 9,Control Center,LOW_BATTERY,Battery level: 22.7%
172,UAV 10,Control Center,LOW_BATTERY,Battery level: 26.5%
173,UAV 2,Control Center,LOW_BATTERY,Battery level: 25.2%
173,UAV 4,Control Center,LOW_BATTERY,Battery level: 25.8%
173,UAV 7,Control Center,LOW_BATTERY,Battery level: 23.2%
173,UAV 8,Control Center,LOW_BATTERY,Battery level: 21.2%
173,UAV 9,Control Center,LOW_BATTERY,Battery level: 22.7%
173,UAV 10,Control Center,LOW_BATTERY,Battery level: 26.5%
174,UAV 2,Control Center,LOW_BATTERY,Battery level: 25.2%
174,UAV 4,Control Center,LOW_BATTERY,Battery level: 25.8%
174,UAV 7,Control Center,LOW_BATTERY,Battery level: 23.2%
174,UAV 8,Control Center,LOW_BATTERY,Battery level: 21.2%
174,UAV 9,Control Center,LOW_BATTERY,Battery level: 22.7%
174,UAV 10,Control Center,LOW_BATTERY,Battery level: 26.5%
175,UAV 2,Control Center,LOW_BATTERY,Battery level: 25.2%
175,UAV 4,Control Center,LOW_BATTERY,Battery level: 25.8%
175,UAV 7,Control Center,LOW_BATTERY,Battery level: 23.2%
175,UAV 8,Control Center,LOW_BATTERY,Battery level: 21.2%
175,UAV 9,Control Center,LOW_BATTERY,Battery level: 22.7%
175,UAV 10,Control Center,LOW_BATTERY,Battery level: 26.5%
176,UAV 2,Control Center,LOW_BATTERY,Battery level: 25.2%
176,UAV 4,Control Center,LOW_BATTERY,Battery level: 25.8%
176,UAV 7,Control Center,LOW_BATTERY,Battery level: 23.2%
176,UAV 8,Control Center,LOW_BATTERY,Battery level: 21.2%
176,UAV 9,Control Center,LOW_BATTERY,Battery level: 22.7%
176,UAV 10,Control Center,LOW_BATTERY,Battery level: 26.5%
177,UAV 2,Control Center,LOW_BATTERY,Battery level: 25.2%
177,UAV 4,Control Center,LOW_BATTERY,Battery level: 25.8%
177,UAV 7,Control Center,LOW_BATTERY,Battery level: 23.2%
177,UAV 8,Control Center,LOW_BATTERY,Battery level: 21.2%
177,UAV 9,Control Center,LOW_BATTERY,Battery level: 22.7%
177,UAV 10,Control Center,LOW_BATTERY,Battery level: 26.5%
178,UAV 2,Control Center,LOW_BATTERY,Battery level: 25.2%
178,UAV 4,Control Center,LOW_BATTERY,Battery level: 25.8%
178,UAV 7,Control Center,LOW_BATTERY,Battery level: 23.2%
178,UAV 8,Control Center,LOW_BATTERY,Battery level: 21.2%
178,UAV 9,Control Center,LOW_BATTERY,Battery level: 22.7%
178,UAV 10,Control Center,LOW_BATTERY,Battery level: 26.5%
179,UAV 2,Control Center,LOW_BATTERY,Battery level: 25.2%
179,UAV 4,Control Center,LOW_BATTERY,Battery level: 25.8%
179,UAV 7,Control Center,LOW_BATTERY,Battery level: 23.2%
179,UAV 8,Control Center,LOW_BATTERY,Battery level: 21.2%
179,UAV 9,Control Center,LOW_BATTERY,Battery level: 22.7%
179,UAV 10,Control Center,LOW_BATTERY,Battery level: 26.5%
180,UAV 2,Control Center,LOW_BATTERY,Battery level: 25.2%
180,UAV 4,Control Center,LOW_BATTERY,Battery level: 25.8%
180,UAV 7,Control Center,LOW_BATTERY,Battery level: 23.2%
180,UAV 8,Control Center,LOW_BATTERY,Battery level: 21.2%
180,UAV 9,Control Center,LOW_BATTERY,Battery level: 22.7%
180,UAV 10,Control Center,LOW_BATTERY,Battery level: 26.5%
181,UAV 2,Control Center,LOW_BATTERY,Battery level: 25.2%
181,UAV 4,Control Center,LOW_BATTERY,Battery level: 25.8%
181,UAV 7,Control Center,LOW_BATTERY,Battery level: 23.2%
181,UAV 8,Control Center,LOW_BATTERY,Battery level: 21.2%
181,UAV 9,Control Center,LOW_BATTERY,Battery level: 22.7%
181,UAV 10,Control Center,LOW_BATTERY,Battery level: 26.5%
182,UAV 2,Control Center,LOW_BATTERY,Battery level: 25.2%
182,UAV 4,Control Center,LOW_BATTERY,Battery level: 25.8%
182,UAV 7,Control Center,LOW_BATTERY,Battery level: 23.2%
182,UAV 8,Control Center,LOW_BATTERY,Battery level: 21.2%
182,UAV 9,Control Center,LOW_BATTERY,Battery level: 22.7%
182,UAV 10,Control Center,LOW_BATTERY,Battery level: 26.5%
183,UAV 2,Control Center,LOW_BATTERY,Battery level: 25.2%
183,UAV 4,Control Center,LOW_BATTERY,Battery level: 25.8%
183,UAV 7,Control Center,LOW_BATTERY,Battery level: 23.2%
183,UAV 8,Control Center,LOW_BATTERY,Battery level: 21.2%
183,UAV 9,Control Center,LOW_BATTERY,Battery level: 22.7%
183,UAV 10,Control Center,LOW_BATTERY,Battery level: 26.5%
184,UAV 2,Control Center,LOW_BATTERY,Battery level: 25.2%
184,UAV 4,Control Center,LOW_BATTERY,Battery level: 25.8%
184,UAV 7,Control Center,LOW_BATTERY,Battery level: 23.2%
184,UAV 8,Control Center,LOW_BATTERY,Battery level: 21.2%
184,UAV 9,Control Center,LOW_BATTERY,Battery level: 22.7%
184,UAV 10,Control Center,LOW_BATTERY,Battery level: 26.5%
185,UAV 2,Control Center,LOW_BATTERY,Battery level: 25.2%
185,UAV 4,Control Center,LOW_BATTERY,Battery level: 25.8%
185,UAV 7,Control Center,LOW_BATTERY,Battery level: 23.2%
185,UAV 8,Control Center,LOW_BATTERY,Battery level: 21.2%
185,UAV 9,Control Center,LOW_BATTERY,Battery level: 22.7%
185,UAV 10,Control Center,LOW_BATTERY,Battery level: 26.5%
186,UAV 2,Control Center,LOW_BATTERY,Battery level: 25.2%
186,UAV 4,Control Center,LOW_BATTERY,Battery level: 25.8%
186,UAV 7,Control Center,LOW_BATTERY,Battery level: 23.2%
186,UAV 8,Control Center,LOW_BATTERY,Battery level: 21.2%
186,UAV 9,Control Center,LOW_BATTERY,Battery level: 22.7%
186,UAV 10,Control Center,LOW_BATTERY,Battery level: 26.5%
187,UAV 2,Control Center,LOW_BATTERY,Battery level: 25.2%
187,UAV 4,Control Center,LOW_BATTERY,Battery level: 25.8%
187,UAV 7,Control Center,LOW_BATTERY,Battery level: 23.2%
187,UAV 8,Control Center,LOW_BATTERY,Battery level: 21.2%
187,UAV 9,Control Center,LOW_BATTERY,Battery level: 22.7%
187,UAV 10,Control Center,LOW_BATTERY,Battery level: 26.5%
188,UAV 2,Control Center,LOW_BATTERY,Battery level: 25.2%
188,UAV 4,Control Center,LOW_BATTERY,Battery level: 25.8%
188,UAV 7,Control Center,LOW_BATTERY,Battery level: 23.2%
188,UAV 8,Control Center,LOW_BATTERY,Battery level: 21.2%
188,UAV 9,Control Center,LOW_BATTERY,Battery level: 22.7%
188,UAV 10,Control Center,LOW_BATTERY,Battery level: 26.5%
189,UAV 2,Control Center,LOW_BATTERY,Battery level: 25.2%
189,UAV 4,Control Center,LOW_BATTERY,Battery level: 25.8%
189,UAV 7,Control Center,LOW_BATTERY,Battery level: 23.2%
189,UAV 8,Control Center,LOW_BATTERY,Battery level: 21.2%
189,UAV 9,Control Center,LOW_BATTERY,Battery level: 22.7%
189,UAV 10,Control Center,LOW_BATTERY,Battery level: 26.5%
190,UAV 2,Control Center,LOW_BATTERY,Battery level: 25.2%
190,UAV 4,Control Center,LOW_BATTERY,Battery level: 25.8%
190,UAV 7,Control Center,LOW_BATTERY,Battery level: 23.2%
190,UAV 8,Control Center,LOW_BATTERY,Battery level: 21.2%
190,UAV 9,Control Center,LOW_BATTERY,Battery level: 22.7%
190,UAV 10,Control Center,LOW_BATTERY,Battery level: 26.5%
191,UAV 2,Control Center,LOW_BATTERY,Battery level: 25.2%
191,UAV 4,Control Center,LOW_BATTERY,Battery level: 25.8%
191,UAV 7,Control Center,LOW_BATTERY,Battery level: 23.2%
191,UAV 8,Control Center,LOW_BATTERY,Battery level: 21.2%
191,UAV 9,Control Center,LOW_BATTERY,Battery level: 22.7%
191,UAV 10,Control Center,LOW_BATTERY,Battery level: 26.5%
192,UAV 2,Control Center,LOW_BATTERY,Battery level: 25.2%
192,UAV 4,Control Center,LOW_BATTERY,Battery level: 25.8%
192,UAV 7,Control Center,LOW_BATTERY,Battery level: 23.2%
192,UAV 8,Control Center,LOW_BATTERY,Battery level: 21.2%
192,UAV 9,Control Center,LOW_BATTERY,Battery level: 22.7%
192,UAV 10,Control Center,LOW_BATTERY,Battery level: 26.5%
193,UAV 2,Control Center,LOW_BATTERY,Battery level: 25.2%
193,UAV 4,Control Center,LOW_BATTERY,Battery level: 25.8%
193,UAV 7,Control Center,LOW_BATTERY,Battery level: 23.2%
193,UAV 8,Control Center,LOW_BATTERY,Battery level: 21.2%
193,UAV 9,Control Center,LOW_BATTERY,Battery level: 22.7%
193,UAV 10,Control Center,LOW_BATTERY,Battery level: 26.5%
194,UAV 2,Control Center,LOW_BATTERY,Battery level: 25.2%
194,UAV 4,Control Center,LOW_BATTERY,Battery level: 25.8%
194,UAV 7,Control Center,LOW_BATTERY,Battery level: 23.2%
194,UAV 8,Control Center,LOW_BATTERY,Battery level: 21.2%
194,UAV 9,Control Center,LOW_BATTERY,Battery level: 22.7%
194,UAV 10,Control Center,LOW_BATTERY,Battery level: 26.5%
195,UAV 2,Control Center,LOW_BATTERY,Battery level: 25.2%
195,UAV 4,Control Center,LOW_BATTERY,Battery level: 25.8%
195,UAV 7,Control Center,LOW_BATTERY,Battery level: 23.2%
195,UAV 8,Control Center,LOW_BATTERY,Battery level: 21.2%
195,UAV 9,Control Center,LOW_BATTERY,Battery level: 22.7%
195,UAV 10,Control Center,LOW_BATTERY,Battery level: 26.5%
196,UAV 2,Control Center,LOW_BATTERY,Battery level: 25.2%
196,UAV 4,Control Center,LOW_BATTERY,Battery level: 25.8%
196,UAV 7,Control Center,LOW_BATTERY,Battery level: 23.2%
196,UAV 8,Control Center,LOW_BATTERY,Battery level: 21.2%
196,UAV 9,Control Center,LOW_BATTERY,Battery level: 22.7%
196,UAV 10,Control Center,LOW_BATTERY,Battery level: 26.5%
197,UAV 2,Control Center,LOW_BATTERY,Battery level: 25.2%
197,UAV 4,Control Center,LOW_BATTERY,Battery level: 25.8%
197,UAV 7,Control Center,LOW_BATTERY,Battery level: 23.2%
197,UAV 8,Control Center,LOW_BATTERY,Battery level: 21.2%
197,UAV 9,Control Center,LOW_BATTERY,Battery level: 22.7%
197,UAV 10,Control Center,LOW_BATTERY,Battery level: 26.5%
198,UAV 2,Control Center,LOW_BATTERY,Battery level: 25.2%
198,UAV 4,Control Center,LOW_BATTERY,Battery level: 25.8%
198,UAV 7,Control Center,LOW_BATTERY,Battery level: 23.2%
198,UAV 8,Control Center,LOW_BATTERY,Battery level: 21.2%
198,UAV 9,Control Center,LOW_BATTERY,Battery level: 22.7%
198,UAV 10,Control Center,LOW_BATTERY,Battery level: 26.5%
199,UAV 2,Control Center,LOW_BATTERY,Battery level: 25.2%
199,UAV 4,Control Center,LOW_BATTERY,Battery level: 25.8%
199,UAV 7,Control Center,LOW_BATTERY,Battery level: 23.2%
199,UAV 8,Control Center,LOW_BATTERY,Battery level: 21.2%
199,UAV 9,Control Center,LOW_BATTERY,Battery level: 22.7%
199,UAV 10,Control Center,LOW_BATTERY,Battery level: 26.5%
200,UAV 2,Control Center,LOW_BATTERY,Battery level: 25.2%
200,UAV 4,Control Center,LOW_BATTERY,Battery level: 25.8%
200,UAV 7,Control Center,LOW_BATTERY,Battery level: 23.2%
200,UAV 8,Control Center,LOW_BATTERY,Battery level: 21.2%
200,UAV 9,Control Center,LOW_BATTERY,Battery level: 22.7%
200,UAV 10,Control Center,LOW_BATTERY,Battery level: 26.5%
201,UAV 2,Control Center,LOW_BATTERY,Battery level: 25.2%
201,UAV 4,Control Center,LOW_BATTERY,Battery level: 25.8%
201,UAV 7,Control Center,LOW_BATTERY,Battery level: 23.2%
201,UAV 8,Control Center,LOW_BATTERY,Battery level: 21.2%
201,UAV 9,Control Center,LOW_BATTERY,Battery level: 22.7%
201,UAV 10,Control Center,LOW_BATTERY,Battery level: 26.5%
202,UAV 2,Control Center,LOW_BATTERY,Battery level: 25.2%
202,UAV 4,Control Center,LOW_BATTERY,Battery level: 25.8%
202,UAV 7,Control Center,LOW_BATTERY,Battery level: 23.2%
202,UAV 8,Control Center,LOW_BATTERY,Battery level: 21.2%
202,UAV 9,Control Center,LOW_BATTERY,Battery level: 22.7%
202,UAV 10,Control Center,LOW_BATTERY,Battery level: 26.5%
203,UAV 2,Control Center,LOW_BATTERY,Battery level: 25.2%
203,UAV 4,Control Center,LOW_BATTERY,Battery level: 25.8%
203,UAV 7,Control Center,LOW_BATTERY,Battery level: 23.2%
203,UAV 8,Control Center,LOW_BATTERY,Battery level: 21.2%
203,UAV 9,Control Center,LOW_BATTERY,Battery level: 22.7%
203,UAV 10,Control Center,LOW_BATTERY,Battery level: 26.5%
204,UAV 2,Control Center,LOW_BATTERY,Battery level: 25.2%
204,UAV 4,Control Center,LOW_BATTERY,Battery level: 25.8%
204,UAV 7,Control Center,LOW_BATTERY,Battery level: 23.2%
204,UAV 8,Control Center,LOW_BATTERY,Battery level: 21.2%
204,UAV 9,Control Center,LOW_BATTERY,Battery level: 22.7%
204,UAV 10,Control Center,LOW_BATTERY,Battery level: 26.5%
205,UAV 2,Control Center,LOW_BATTERY,Battery level: 25.2%
205,UAV 4,Control Center,LOW_BATTERY,Battery level: 25.8%
205,UAV 7,Control Center,LOW_BATTERY,Battery level: 23.2%
205,UAV 8,Control Center,LOW_BATTERY,Battery level: 21.2%
205,UAV 9,Control Center,LOW_BATTERY,Battery level: 22.7%
205,UAV 10,Control Center,LOW_BATTERY,Battery level: 26.5%
206,UAV 2,Control Center,LOW_BATTERY,Battery level: 25.2%
206,UAV 4,Control Center,LOW_BATTERY,Battery level: 25.8%
206,UAV 7,Control Center,LOW_BATTERY,Battery level: 23.2%
206,UAV 8,Control Center,LOW_BATTERY,Battery level: 21.2%
206,UAV 9,Control Center,LOW_BATTERY,Battery level: 22.7%
206,UAV 10,Control Center,LOW_BATTERY,Battery level: 26.5%
207,UAV 2,Control Center,LOW_BATTERY,Battery level: 25.2%
207,UAV 4,Control Center,LOW_BATTERY,Battery level: 25.8%
207,UAV 7,Control Center,LOW_BATTERY,Battery level: 23.2%
207,UAV 8,Control Center,LOW_BATTERY,Battery level: 21.2%
207,UAV 9,Control Center,LOW_BATTERY,Battery level: 22.7%
207,UAV 10,Control Center,LOW_BATTERY,Battery level: 26.5%
208,UAV 2,Control Center,LOW_BATTERY,Battery level: 25.2%
208,UAV 4,Control Center,LOW_BATTERY,Battery level: 25.8%
208,UAV 7,Control Center,LOW_BATTERY,Battery level: 23.2%
208,UAV 8,Control Center,LOW_BATTERY,Battery level: 21.2%
208,UAV 9,Control Center,LOW_BATTERY,Battery level: 22.7%
208,UAV 10,Control Center,LOW_BATTERY,Battery level: 26.5%
209,UAV 2,Control Center,LOW_BATTERY,Battery level: 25.2%
209,UAV 4,Control Center,LOW_BATTERY,Battery level: 25.8%
209,UAV 7,Control Center,LOW_BATTERY,Battery level: 23.2%
209,UAV 8,Control Center,LOW_BATTERY,Battery level: 21.2%
209,UAV 9,Control Center,LOW_BATTERY,Battery level: 22.7%
209,UAV 10,Control Center,LOW_BATTERY,Battery level: 26.5%
210,UAV 2,Control Center,LOW_BATTERY,Battery level: 25.2%
210,UAV 4,Control Center,LOW_BATTERY,Battery level: 25.8%
210,UAV 7,Control Center,LOW_BATTERY,Battery level: 23.2%
210,UAV 8,Control Center,LOW_BATTERY,Battery level: 21.2%
210,UAV 9,Control Center,LOW_BATTERY,Battery level: 22.7%
210,UAV 10,Control Center,LOW_BATTERY,Battery level: 26.5%
211,UAV 2,Control Center,LOW_BATTERY,Battery level: 25.2%
211,UAV 4,Control Center,LOW_BATTERY,Battery level: 25.8%
211,UAV 7,Control Center,LOW_BATTERY,Battery level: 23.2%
211,UAV 8,Control Center,LOW_BATTERY,Battery level: 21.2%
211,UAV 9,Control Center,LOW_BATTERY,Battery level: 22.7%
211,UAV 10,Control Center,LOW_BATTERY,Battery level: 26.5%
212,UAV 2,Control Center,LOW_BATTERY,Battery level: 25.2%
212,UAV 4,Control Center,LOW_BATTERY,Battery level: 25.8%
212,UAV 7,Control Center,LOW_BATTERY,Battery level: 23.2%
212,UAV 8,Control Center,LOW_BATTERY,Battery level: 21.2%
212,UAV 9,Control Center,LOW_BATTERY,Battery level: 22.7%
212,UAV 10,Control Center,LOW_BATTERY,Battery level: 26.5%
213,UAV 2,Control Center,LOW_BATTERY,Battery level: 25.2%
213,UAV 4,Control Center,LOW_BATTERY,Battery level: 25.8%
213,UAV 7,Control Center,LOW_BATTERY,Battery level: 23.2%
213,UAV 8,Control Center,LOW_BATTERY,Battery level: 21.2%
213,UAV 9,Control Center,LOW_BATTERY,Battery level: 22.7%
213,UAV 10,Control Center,LOW_BATTERY,Battery level: 26.5%
214,UAV 2,Control Center,LOW_BATTERY,Battery level: 25.2%
214,UAV 4,Control Center,LOW_BATTERY,Battery level: 25.8%
214,UAV 7,Control Center,LOW_BATTERY,Battery level: 23.2%
214,UAV 8,Control Center,LOW_BATTERY,Battery level: 21.2%
214,UAV 9,Control Center,LOW_BATTERY,Battery level: 22.7%
214,UAV 10,Control Center,LOW_BATTERY,Battery level: 26.5%
215,UAV 2,Control Center,LOW_BATTERY,Battery level: 25.2%
215,UAV 4,Control Center,LOW_BATTERY,Battery level: 25.8%
215,UAV 7,Control Center,LOW_BATTERY,Battery level: 23.2%
215,UAV 8,Control Center,LOW_BATTERY,Battery level: 21.2%
215,UAV 9,Control Center,LOW_BATTERY,Battery level: 22.7%
215,UAV 10,Control Center,LOW_BATTERY,Battery level: 26.5%
216,UAV 2,Control Center,LOW_BATTERY,Battery level: 25.2%
216,UAV 4,Control Center,LOW_BATTERY,Battery level: 25.8%
216,UAV 7,Control Center,LOW_BATTERY,Battery level: 23.2%
216,UAV 8,Control Center,LOW_BATTERY,Battery level: 21.2%
216,UAV 9,Control Center,LOW_BATTERY,Battery level: 22.7%
216,UAV 10,Control Center,LOW_BATTERY,Battery level: 26.5%
217,UAV 2,Control Center,LOW_BATTERY,Battery level: 25.2%
217,UAV 4,Control Center,LOW_BATTERY,Battery level: 25.8%
217,UAV 7,Control Center,LOW_BATTERY,Battery level: 23.2%
217,UAV 8,Control Center,LOW_BATTERY,Battery level: 21.2%
217,UAV 9,Control Center,LOW_BATTERY,Battery level: 22.7%
217,UAV 10,Control Center,LOW_BATTERY,Battery level: 26.5%
218,UAV 2,Control Center,LOW_BATTERY,Battery level: 25.2%
218,UAV 4,Control Center,LOW_BATTERY,Battery level: 25.8%
218,UAV 7,Control Center,LOW_BATTERY,Battery level: 23.2%
218,UAV 8,Control Center,LOW_BATTERY,Battery level: 21.2%
218,UAV 9,Control Center,LOW_BATTERY,Battery level: 22.7%
218,UAV 10,Control Center,LOW_BATTERY,Battery level: 26.5%
219,UAV 2,Control Center,LOW_BATTERY,Battery level: 25.2%
219,UAV 4,Control Center,LOW_BATTERY,Battery level: 25.8%
219,UAV 7,Control Center,LOW_BATTERY,Battery level: 23.2%
219,UAV 8,Control Center,LOW_BATTERY,Battery level: 21.2%
219,UAV 9,Control Center,LOW_BATTERY,Battery level: 22.7%
219,UAV 10,Control Center,LOW_BATTERY,Battery level: 26.5%
220,UAV 2,Control Center,LOW_BATTERY,Battery level: 25.2%
220,UAV 4,Control Center,LOW_BATTERY,Battery level: 25.8%
220,UAV 7,Control Center,LOW_BATTERY,Battery level: 23.2%
220,UAV 8,Control Center,LOW_BATTERY,Battery level: 21.2%
220,UAV 9,Control Center,LOW_BATTERY,Battery level: 22.7%
220,UAV 10,Control Center,LOW_BATTERY,Battery level: 26.5%
221,UAV 2,Control Center,LOW_BATTERY,Battery level: 25.2%
221,UAV 4,Control Center,LOW_BATTERY,Battery level: 25.8%
221,UAV 7,Control Center,LOW_BATTERY,Battery level: 23.2%
221,UAV 8,Control Center,LOW_BATTERY,Battery level: 21.2%
221,UAV 9,Control Center,LOW_BATTERY,Battery level: 22.7%
221,UAV 10,Control Center,LOW_BATTERY,Battery level: 26.5%
222,UAV 2,Control Center,LOW_BATTERY,Battery level: 25.2%
222,UAV 4,Control Center,LOW_BATTERY,Battery level: 25.8%
222,UAV 7,Control Center,LOW_BATTERY,Battery level: 23.2%
222,UAV 8,Control Center,LOW_BATTERY,Battery level: 21.2%
222,UAV 9,Control Center,LOW_BATTERY,Battery level: 22.7%
222,UAV 10,Control Center,LOW_BATTERY,Battery level: 26.5%
223,UAV 2,Control Center,LOW_BATTERY,Battery level: 25.2%
223,UAV 4,Control Center,LOW_BATTERY,Battery level: 25.8%
223,UAV 7,Control Center,LOW_BATTERY,Battery level: 23.2%
223,UAV 8,Control Center,LOW_BATTERY,Battery level: 21.2%
223,UAV 9,Control Center,LOW_BATTERY,Battery level: 22.7%
223,UAV 10,Control Center,LOW_BATTERY,Battery level: 26.5%
224,UAV 2,Control Center,LOW_BATTERY,Battery level: 25.2%
224,UAV 4,Control Center,LOW_BATTERY,Battery level: 25.8%
224,UAV 7,Control Center,LOW_BATTERY,Battery level: 23.2%
224,UAV 8,Control Center,LOW_BATTERY,Battery level: 21.2%
224,UAV 9,Control Center,LOW_BATTERY,Battery level: 22.7%
224,UAV 10,Control Center,LOW_BATTERY,Battery level: 26.5%
225,UAV 2,Control Center,LOW_BATTERY,Battery level: 25.2%
225,UAV 4,Control Center,LOW_BATTERY,Battery level: 25.8%
225,UAV 7,Control Center,LOW_BATTERY,Battery level: 23.2%
225,UAV 8,Control Center,LOW_BATTERY,Battery level: 21.2%
225,UAV 9,Control Center,LOW_BATTERY,Battery level: 22.7%
225,UAV 10,Control Center,LOW_BATTERY,Battery level: 26.5%
226,UAV 2,Control Center,LOW_BATTERY,Battery level: 25.2%
226,UAV 4,Control Center,LOW_BATTERY,Battery level: 25.8%
226,UAV 7,Control Center,LOW_BATTERY,Battery level: 23.2%
226,UAV 8,Control Center,LOW_BATTERY,Battery level: 21.2%
226,UAV 9,Control Center,LOW_BATTERY,Battery level: 22.7%
226,UAV 10,Control Center,LOW_BATTERY,Battery level: 26.5%
227,UAV 2,Control Center,LOW_BATTERY,Battery level: 25.2%
227,UAV 4,Control Center,LOW_BATTERY,Battery level: 25.8%
227,UAV 7,Control Center,LOW_BATTERY,Battery level: 23.2%
227,UAV 8,Control Center,LOW_BATTERY,Battery level: 21.2%
227,UAV 9,Control Center,LOW_BATTERY,Battery level: 22.7%
227,UAV 10,Control Center,LOW_BATTERY,Battery level: 26.5%
228,UAV 2,Control Center,LOW_BATTERY,Battery level: 25.2%
228,UAV 4,Control Center,LOW_BATTERY,Battery level: 25.8%
228,UAV 7,Control Center,LOW_BATTERY,Battery level: 23.2%
228,UAV 8,Control Center,LOW_BATTERY,Battery level: 21.2%
228,UAV 9,Control Center,LOW_BATTERY,Battery level: 22.7%
228,UAV 10,Control Center,LOW_BATTERY,Battery level: 26.5%
229,UAV 2,Control Center,LOW_BATTERY,Battery level: 25.2%
229,UAV 4,Control Center,LOW_BATTERY,Battery level: 25.8%
229,UAV 7,Control Center,LOW_BATTERY,Battery level: 23.2%
229,UAV 8,Control Center,LOW_BATTERY,Battery level: 21.2%
229,UAV 9,Control Center,LOW_BATTERY,Battery level: 22.7%
229,UAV 10,Control Center,LOW_BATTERY,Battery level: 26.5%
230,UAV 2,Control Center,LOW_BATTERY,Battery level: 25.2%
230,UAV 4,Control Center,LOW_BATTERY,Battery level: 25.8%
230,UAV 7,Control Center,LOW_BATTERY,Battery level: 23.2%
230,UAV 8,Control Center,LOW_BATTERY,Battery level: 21.2%
230,UAV 9,Control Center,LOW_BATTERY,Battery level: 22.7%
230,UAV 10,Control Center,LOW_BATTERY,Battery level: 26.5%
231,UAV 2,Control Center,LOW_BATTERY,Battery level: 25.2%
231,UAV 4,Control Center,LOW_BATTERY,Battery level: 25.8%
231,UAV 7,Control Center,LOW_BATTERY,Battery level: 23.2%
231,UAV 8,Control Center,LOW_BATTERY,Battery level: 21.2%
231,UAV 9,Control Center,LOW_BATTERY,Battery level: 22.7%
231,UAV 10,Control Center,LOW_BATTERY,Battery level: 26.5%
232,UAV 2,Control Center,LOW_BATTERY,Battery level: 25.2%
232,UAV 4,Control Center,LOW_BATTERY,Battery level: 25.8%
232,UAV 7,Control Center,LOW_BATTERY,Battery level: 23.2%
232,UAV 8,Control Center,LOW_BATTERY,Battery level: 21.2%
232,UAV 9,Control Center,LOW_BATTERY,Battery level: 22.7%
232,UAV 10,Control Center,LOW_BATTERY,Battery level: 26.5%
233,UAV 2,Control Center,LOW_BATTERY,Battery level: 25.2%
233,UAV 4,Control Center,LOW_BATTERY,Battery level: 25.8%
233,UAV 7,Control Center,LOW_BATTERY,Battery level: 23.2%
233,UAV 8,Control Center,LOW_BATTERY,Battery level: 21.2%
233,UAV 9,Control Center,LOW_BATTERY,Battery level: 22.7%
233,UAV 10,Control Center,LOW_BATTERY,Battery level: 26.5%
234,UAV 2,Control Center,LOW_BATTERY,Battery level: 25.2%
234,UAV 4,Control Center,LOW_BATTERY,Battery level: 25.8%
234,UAV 7,Control Center,LOW_BATTERY,Battery level: 23.2%
234,UAV 8,Control Center,LOW_BATTERY,Battery level: 21.2%
234,UAV 9,Control Center,LOW_BATTERY,Battery level: 22.7%
234,UAV 10,Control Center,LOW_BATTERY,Battery level: 26.5%
235,UAV 2,Control Center,LOW_BATTERY,Battery level: 25.2%
235,UAV 4,Control Center,LOW_BATTERY,Battery level: 25.8%
235,UAV 7,Control Center,LOW_BATTERY,Battery level: 23.2%
235,UAV 8,Control Center,LOW_BATTERY,Battery level: 21.2%
235,UAV 9,Control Center,LOW_BATTERY,Battery level: 22.7%
235,UAV 10,Control Center,LOW_BATTERY,Battery level: 26.5%
236,UAV 2,Control Center,LOW_BATTERY,Battery level: 25.2%
236,UAV 4,Control Center,LOW_BATTERY,Battery level: 25.8%
236,UAV 7,Control Center,LOW_BATTERY,Battery level: 23.2%
236,UAV 8,Control Center,LOW_BATTERY,Battery level: 21.2%
236,UAV 9,Control Center,LOW_BATTERY,Battery level: 22.7%
236,UAV 10,Control Center,LOW_BATTERY,Battery level: 26.5%
237,UAV 2,Control Center,LOW_BATTERY,Battery level: 25.2%
237,UAV 4,Control Center,LOW_BATTERY,Battery level: 25.8%
237,UAV 7,Control Center,LOW_BATTERY,Battery level: 23.2%
237,UAV 8,Control Center,LOW_BATTERY,Battery level: 21.2%
237,UAV 9,Control Center,LOW_BATTERY,Battery level: 22.7%
237,UAV 10,Control Center,LOW_BATTERY,Battery level: 26.5%
238,UAV 2,Control Center,LOW_BATTERY,Battery level: 25.2%
238,UAV 4,Control Center,LOW_BATTERY,Battery level: 25.8%
238,UAV 7,Control Center,LOW_BATTERY,Battery level: 23.2%
238,UAV 8,Control Center,LOW_BATTERY,Battery level: 21.2%
238,UAV 9,Control Center,LOW_BATTERY,Battery level: 22.7%
238,UAV 10,Control Center,LOW_BATTERY,Battery level: 26.5%
239,UAV 2,Control Center,LOW_BATTERY,Battery level: 25.2%
239,UAV 4,Control Center,LOW_BATTERY,Battery level: 25.8%
239,UAV 7,Control Center,LOW_BATTERY,Battery level: 23.2%
239,UAV 8,Control Center,LOW_BATTERY,Battery level: 21.2%
239,UAV 9,Control Center,LOW_BATTERY,Battery level: 22.7%
239,UAV 10,Control Center,LOW_BATTERY,Battery level: 26.5%
240,UAV 2,Control Center,LOW_BATTERY,Battery level: 25.2%
240,UAV 4,Control Center,LOW_BATTERY,Battery level: 25.8%
240,UAV 7,Control Center,LOW_BATTERY,Battery level: 23.2%
240,UAV 8,Control Center,LOW_BATTERY,Battery level: 21.2%
240,UAV 9,Control Center,LOW_BATTERY,Battery level: 22.7%
240,UAV 10,Control Center,LOW_BATTERY,Battery level: 26.5%
241,UAV 2,Control Center,LOW_BATTERY,Battery level: 25.2%
241,UAV 4,Control Center,LOW_BATTERY,Battery level: 25.8%
241,UAV 7,Control Center,LOW_BATTERY,Battery level: 23.2%
241,UAV 8,Control Center,LOW_BATTERY,Battery level: 21.2%
241,UAV 9,Control Center,LOW_BATTERY,Battery level: 22.7%
241,UAV 10,Control Center,LOW_BATTERY,Battery level: 26.5%
242,UAV 2,Control Center,LOW_BATTERY,Battery level: 25.2%
242,UAV 4,Control Center,LOW_BATTERY,Battery level: 25.8%
242,UAV 7,Control Center,LOW_BATTERY,Battery level: 23.2%
242,UAV 8,Control Center,LOW_BATTERY,Battery level: 21.2%
242,UAV 9,Control Center,LOW_BATTERY,Battery level: 22.7%
242,UAV 10,Control Center,LOW_BATTERY,Battery level: 26.5%
243,UAV 2,Control Center,LOW_BATTERY,Battery level: 25.2%
243,UAV 4,Control Center,LOW_BATTERY,Battery level: 25.8%
243,UAV 7,Control Center,LOW_BATTERY,Battery level: 23.2%
243,UAV 8,Control Center,LOW_BATTERY,Battery level: 21.2%
243,UAV 9,Control Center,LOW_BATTERY,Battery level: 22.7%
243,UAV 10,Control Center,LOW_BATTERY,Battery level: 26.5%
244,UAV 2,Control Center,LOW_BATTERY,Battery level: 25.2%
244,UAV 4,Control Center,LOW_BATTERY,Battery level: 25.8%
244,UAV 7,Control Center,LOW_BATTERY,Battery level: 23.2%
244,UAV 8,Control Center,LOW_BATTERY,Battery level: 21.2%
244,UAV 9,Control Center,LOW_BATTERY,Battery level: 22.7%
244,UAV 10,Control Center,LOW_BATTERY,Battery level: 26.5%
245,UAV 2,Control Center,LOW_BATTERY,Battery level: 25.2%
245,UAV 4,Control Center,LOW_BATTERY,Battery level: 25.8%
245,UAV 7,Control Center,LOW_BATTERY,Battery level: 23.2%
245,UAV 8,Control Center,LOW_BATTERY,Battery level: 21.2%
245,UAV 9,Control Center,LOW_BATTERY,Battery level: 22.7%
245,UAV 10,Control Center,LOW_BATTERY,Battery level: 26.5%
246,UAV 2,Control Center,LOW_BATTERY,Battery level: 25.2%
246,UAV 4,Control Center,LOW_BATTERY,Battery level: 25.8%
246,UAV 7,Control Center,LOW_BATTERY,Battery level: 23.2%
246,UAV 8,Control Center,LOW_BATTERY,Battery level: 21.2%
246,UAV 9,Control Center,LOW_BATTERY,Battery level: 22.7%
246,UAV 10,Control Center,LOW_BATTERY,Battery level: 26.5%
247,UAV 2,Control Center,LOW_BATTERY,Battery level: 25.2%
247,UAV 4,Control Center,LOW_BATTERY,Battery level: 25.8%
247,UAV 7,Control Center,LOW_BATTERY,Battery level: 23.2%
247,UAV 8,Control Center,LOW_BATTERY,Battery level: 21.2%
247,UAV 9,Control Center,LOW_BATTERY,Battery level: 22.7%
247,UAV 10,Control Center,LOW_BATTERY,Battery level: 26.5%
248,UAV 2,Control Center,LOW_BATTERY,Battery level: 25.2%
248,UAV 4,Control Center,LOW_BATTERY,Battery level: 25.8%
248,UAV 7,Control Center,LOW_BATTERY,Battery level: 23.2%
248,UAV 8,Control Center,LOW_BATTERY,Battery level: 21.2%
248,UAV 9,Control Center,LOW_BATTERY,Battery level: 22.7%
248,UAV 10,Control Center,LOW_BATTERY,Battery level: 26.5%
249,UAV 2,Control Center,LOW_BATTERY,Battery level: 25.2%
249,UAV 4,Control Center,LOW_BATTERY,Battery level: 25.8%
249,UAV 7,Control Center,LOW_BATTERY,Battery level: 23.2%
249,UAV 8,Control Center,LOW_BATTERY,Battery level: 21.2%
249,UAV 9,Control Center,LOW_BATTERY,Battery level: 22.7%
249,UAV 10,Control Center,LOW_BATTERY,Battery level: 26.5%
250,UAV 2,Control Center,LOW_BATTERY,Battery level: 25.2%
250,UAV 4,Control Center,LOW_BATTERY,Battery level: 25.8%
250,UAV 7,Control Center,LOW_BATTERY,Battery level: 23.2%
250,UAV 8,Control Center,LOW_BATTERY,Battery level: 21.2%
250,UAV 9,Control Center,LOW_BATTERY,Battery level: 22.7%
250,UAV 10,Control Center,LOW_BATTERY,Battery level: 26.5%
251,UAV 2,Control Center,LOW_BATTERY,Battery level: 25.2%
251,UAV 4,Control Center,LOW_BATTERY,Battery level: 25.8%
251,UAV 7,Control Center,LOW_BATTERY,Battery level: 23.2%
251,UAV 8,Control Center,LOW_BATTERY,Battery level: 21.2%
251,UAV 9,Control Center,LOW_BATTERY,Battery level: 22.7%
251,UAV 10,Control Center,LOW_BATTERY,Battery level: 26.5%
252,UAV 2,Control Center,LOW_BATTERY,Battery level: 25.2%
252,UAV 4,Control Center,LOW_BATTERY,Battery level: 25.8%
252,UAV 7,Control Center,LOW_BATTERY,Battery level: 23.2%
252,UAV 8,Control Center,LOW_BATTERY,Battery level: 21.2%
252,UAV 9,Control Center,LOW_BATTERY,Battery level: 22.7%
252,UAV 10,Control Center,LOW_BATTERY,Battery level: 26.5%
253,UAV 2,Control Center,LOW_BATTERY,Battery level: 25.2%
253,UAV 4,Control Center,LOW_BATTERY,Battery level: 25.8%
253,UAV 7,Control Center,LOW_BATTERY,Battery level: 23.2%
253,UAV 8,Control Center,LOW_BATTERY,Battery level: 21.2%
253,UAV 9,Control Center,LOW_BATTERY,Battery level: 22.7%
253,UAV 10,Control Center,LOW_BATTERY,Battery level: 26.5%
254,UAV 2,Control Center,LOW_BATTERY,Battery level: 25.2%
254,UAV 4,Control Center,LOW_BATTERY,Battery level: 25.8%
254,UAV 7,Control Center,LOW_BATTERY,Battery level: 23.2%
254,UAV 8,Control Center,LOW_BATTERY,Battery level: 21.2%
254,UAV 9,Control Center,LOW_BATTERY,Battery level: 22.7%
254,UAV 10,Control Center,LOW_BATTERY,Battery level: 26.5%
255,UAV 2,Control Center,LOW_BATTERY,Battery level: 25.2%
255,UAV 4,Control Center,LOW_BATTERY,Battery level: 25.8%
255,UAV 7,Control Center,LOW_BATTERY,Battery level: 23.2%
255,UAV 8,Control Center,LOW_BATTERY,Battery level: 21.2%
255,UAV 9,Control Center,LOW_BATTERY,Battery level: 22.7%
255,UAV 10,Control Center,LOW_BATTERY,Battery level: 26.5%
256,UAV 2,Control Center,LOW_BATTERY,Battery level: 25.2%
256,UAV 4,Control Center,LOW_BATTERY,Battery level: 25.8%
256,UAV 7,Control Center,LOW_BATTERY,Battery level: 23.2%
256,UAV 8,Control Center,LOW_BATTERY,Battery level: 21.2%
256,UAV 9,Control Center,LOW_BATTERY,Battery level: 22.7%
256,UAV 10,Control Center,LOW_BATTERY,Battery level: 26.5%
257,UAV 2,Control Center,LOW_BATTERY,Battery level: 25.2%
257,UAV 4,Control Center,LOW_BATTERY,Battery level: 25.8%
257,UAV 7,Control Center,LOW_BATTERY,Battery level: 23.2%
257,UAV 8,Control Center,LOW_BATTERY,Battery level: 21.2%
257,UAV 9,Control Center,LOW_BATTERY,Battery level: 22.7%
257,UAV 10,Control Center,LOW_BATTERY,Battery level: 26.5%
258,UAV 2,Control Center,LOW_BATTERY,Battery level: 25.2%
258,UAV 4,Control Center,LOW_BATTERY,Battery level: 25.8%
258,UAV 7,Control Center,LOW_BATTERY,Battery level: 23.2%
258,UAV 8,Control Center,LOW_BATTERY,Battery level: 21.2%
258,UAV 9,Control Center,LOW_BATTERY,Battery level: 22.7%
258,UAV 10,Control Center,LOW_BATTERY,Battery level: 26.5%
259,UAV 2,Control Center,LOW_BATTERY,Battery level: 25.2%
259,UAV 4,Control Center,LOW_BATTERY,Battery level: 25.8%
259,UAV 7,Control Center,LOW_BATTERY,Battery level: 23.2%
259,UAV 8,Control Center,LOW_BATTERY,Battery level: 21.2%
259,UAV 9,Control Center,LOW_BATTERY,Battery level: 22.7%
259,UAV 10,Control Center,LOW_BATTERY,Battery level: 26.5%
260,UAV 2,Control Center,LOW_BATTERY,Battery level: 25.2%
260,UAV 4,Control Center,LOW_BATTERY,Battery level: 25.8%
260,UAV 7,Control Center,LOW_BATTERY,Battery level: 23.2%
260,UAV 8,Control Center,LOW_BATTERY,Battery level: 21.2%
260,UAV 9,Control Center,LOW_BATTERY,Battery level: 22.7%
260,UAV 10,Control Center,LOW_BATTERY,Battery level: 26.5%
261,UAV 2,Control Center,LOW_BATTERY,Battery level: 25.2%
261,UAV 4,Control Center,LOW_BATTERY,Battery level: 25.8%
261,UAV 7,Control Center,LOW_BATTERY,Battery level: 23.2%
261,UAV 8,Control Center,LOW_BATTERY,Battery level: 21.2%
261,UAV 9,Control Center,LOW_BATTERY,Battery level: 22.7%
261,UAV 10,Control Center,LOW_BATTERY,Battery level: 26.5%
262,UAV 2,Control Center,LOW_BATTERY,Battery level: 25.2%
262,UAV 4,Control Center,LOW_BATTERY,Battery level: 25.8%
262,UAV 7,Control Center,LOW_BATTERY,Battery level: 23.2%
262,UAV 8,Control Center,LOW_BATTERY,Battery level: 21.2%
262,UAV 9,Control Center,LOW_BATTERY,Battery level: 22.7%
262,UAV 10,Control Center,LOW_BATTERY,Battery level: 26.5%
263,UAV 2,Control Center,LOW_BATTERY,Battery level: 25.2%
263,UAV 4,Control Center,LOW_BATTERY,Battery level: 25.8%
263,UAV 7,Control Center,LOW_BATTERY,Battery level: 23.2%
263,UAV 8,Control Center,LOW_BATTERY,Battery level: 21.2%
263,UAV 9,Control Center,LOW_BATTERY,Battery level: 22.7%
263,UAV 10,Control Center,LOW_BATTERY,Battery level: 26.5%
264,UAV 2,Control Center,LOW_BATTERY,Battery level: 25.2%
264,UAV 4,Control Center,LOW_BATTERY,Battery level: 25.8%
264,UAV 7,Control Center,LOW_BATTERY,Battery level: 23.2%
264,UAV 8,Control Center,LOW_BATTERY,Battery level: 21.2%
264,UAV 9,Control Center,LOW_BATTERY,Battery level: 22.7%
264,UAV 10,Control Center,LOW_BATTERY,Battery level: 26.5%
265,UAV 2,Control Center,LOW_BATTERY,Battery level: 25.2%
265,UAV 4,Control Center,LOW_BATTERY,Battery level: 25.8%
265,UAV 7,Control Center,LOW_BATTERY,Battery level: 23.2%
265,UAV 8,Control Center,LOW_BATTERY,Battery level: 21.2%
265,UAV 9,Control Center,LOW_BATTERY,Battery level: 22.7%
265,UAV 10,Control Center,LOW_BATTERY,Battery level: 26.5%
266,UAV 2,Control Center,LOW_BATTERY,Battery level: 25.2%
266,UAV 4,Control Center,LOW_BATTERY,Battery level: 25.8%
266,UAV 7,Control Center,LOW_BATTERY,Battery level: 23.2%
266,UAV 8,Control Center,LOW_BATTERY,Battery level: 21.2%
266,UAV 9,Control Center,LOW_BATTERY,Battery level: 22.7%
266,UAV 10,Control Center,LOW_BATTERY,Battery level: 26.5%
267,UAV 2,Control Center,LOW_BATTERY,Battery level: 25.2%
267,UAV 4,Control Center,LOW_BATTERY,Battery level: 25.8%
267,UAV 7,Control Center,LOW_BATTERY,Battery level: 23.2%
267,UAV 8,Control Center,LOW_BATTERY,Battery level: 21.2%
267,UAV 9,Control Center,LOW_BATTERY,Battery level: 22.7%
267,UAV 10,Control Center,LOW_BATTERY,Battery level: 26.5%
268,UAV 2,Control Center,LOW_BATTERY,Battery level: 25.2%
268,UAV 4,Control Center,LOW_BATTERY,Battery level: 25.8%
268,UAV 7,Control Center,LOW_BATTERY,Battery level: 23.2%
268,UAV 8,Control Center,LOW_BATTERY,Battery level: 21.2%
268,UAV 9,Control Center,LOW_BATTERY,Battery level: 22.7%
268,UAV 10,Control Center,LOW_BATTERY,Battery level: 26.5%
269,UAV 2,Control Center,LOW_BATTERY,Battery level: 25.2%
269,UAV 4,Control Center,LOW_BATTERY,Battery level: 25.8%
269,UAV 7,Control Center,LOW_BATTERY,Battery level: 23.2%
269,UAV 8,Control Center,LOW_BATTERY,Battery level: 21.2%
269,UAV 9,Control Center,LOW_BATTERY,Battery level: 22.7%
269,UAV 10,Control Center,LOW_BATTERY,Battery level: 26.5%
270,UAV 2,Control Center,LOW_BATTERY,Battery level: 25.2%
270,UAV 4,Control Center,LOW_BATTERY,Battery level: 25.8%
270,UAV 7,Control Center,LOW_BATTERY,Battery level: 23.2%
270,UAV 8,Control Center,LOW_BATTERY,Battery level: 21.2%
270,UAV 9,Control Center,LOW_BATTERY,Battery level: 22.7%
270,UAV 10,Control Center,LOW_BATTERY,Battery level: 26.5%
271,UAV 2,Control Center,LOW_BATTERY,Battery level: 25.2%
271,UAV 4,Control Center,LOW_BATTERY,Battery level: 25.8%
271,UAV 7,Control Center,LOW_BATTERY,Battery level: 23.2%
271,UAV 8,Control Center,LOW_BATTERY,Battery level: 21.2%
271,UAV 9,Control Center,LOW_BATTERY,Battery level: 22.7%
271,UAV 10,Control Center,LOW_BATTERY,Battery level: 26.5%
272,UAV 2,Control Center,LOW_BATTERY,Battery level: 25.2%
272,UAV 4,Control Center,LOW_BATTERY,Battery level: 25.8%
272,UAV 7,Control Center,LOW_BATTERY,Battery level: 23.2%
272,UAV 8,Control Center,LOW_BATTERY,Battery level: 21.2%
272,UAV 9,Control Center,LOW_BATTERY,Battery level: 22.7%
272,UAV 10,Control Center,LOW_BATTERY,Battery level: 26.5%
273,UAV 2,Control Center,LOW_BATTERY,Battery level: 25.2%
273,UAV 4,Control Center,LOW_BATTERY,Battery level: 25.8%
273,UAV 7,Control Center,LOW_BATTERY,Battery level: 23.2%
273,UAV 8,Control Center,LOW_BATTERY,Battery level: 21.2%
273,UAV 9,Control Center,LOW_BATTERY,Battery level: 22.7%
273,UAV 10,Control Center,LOW_BATTERY,Battery level: 26.5%
274,UAV 2,Control Center,LOW_BATTERY,Battery level: 25.2%
274,UAV 4,Control Center,LOW_BATTERY,Battery level: 25.8%
274,UAV 7,Control Center,LOW_BATTERY,Battery level: 23.2%
274,UAV 8,Control Center,LOW_BATTERY,Battery level: 21.2%
274,UAV 9,Control Center,LOW_BATTERY,Battery level: 22.7%
274,UAV 10,Control Center,LOW_BATTERY,Battery level: 26.5%
275,UAV 2,Control Center,LOW_BATTERY,Battery level: 25.2%
275,UAV 4,Control Center,LOW_BATTERY,Battery level: 25.8%
275,UAV 7,Control Center,LOW_BATTERY,Battery level: 23.2%
275,UAV 8,Control Center,LOW_BATTERY,Battery level: 21.2%
275,UAV 9,Control Center,LOW_BATTERY,Battery level: 22.7%
275,UAV 10,Control Center,LOW_BATTERY,Battery level: 26.5%
276,UAV 2,Control Center,LOW_BATTERY,Battery level: 25.2%
276,UAV 4,Control Center,LOW_BATTERY,Battery level: 25.8%
276,UAV 7,Control Center,LOW_BATTERY,Battery level: 23.2%
276,UAV 8,Control Center,LOW_BATTERY,Battery level: 21.2%
276,UAV 9,Control Center,LOW_BATTERY,Battery level: 22.7%
276,UAV 10,Control Center,LOW_BATTERY,Battery level: 26.5%
277,UAV 2,Control Center,LOW_BATTERY,Battery level: 25.2%
277,UAV 4,Control Center,LOW_BATTERY,Battery level: 25.8%
277,UAV 7,Control Center,LOW_BATTERY,Battery level: 23.2%
277,UAV 8,Control Center,LOW_BATTERY,Battery level: 21.2%
277,UAV 9,Control Center,LOW_BATTERY,Battery level: 22.7%
277,UAV 10,Control Center,LOW_BATTERY,Battery level: 26.5%
278,UAV 2,Control Center,LOW_BATTERY,Battery level: 25.2%
278,UAV 4,Control Center,LOW_BATTERY,Battery level: 25.8%
278,UAV 7,Control Center,LOW_BATTERY,Battery level: 23.2%
278,UAV 8,Control Center,LOW_BATTERY,Battery level: 21.2%
278,UAV 9,Control Center,LOW_BATTERY,Battery level: 22.7%
278,UAV 10,Control Center,LOW_BATTERY,Battery level: 26.5%
279,UAV 2,Control Center,LOW_BATTERY,Battery level: 25.2%
279,UAV 4,Control Center,LOW_BATTERY,Battery level: 25.8%
279,UAV 7,Control Center,LOW_BATTERY,Battery level: 23.2%
279,UAV 8,Control Center,LOW_BATTERY,Battery level: 21.2%
279,UAV 9,Control Center,LOW_BATTERY,Battery level: 22.7%
279,UAV 10,Control Center,LOW_BATTERY,Battery level: 26.5%
280,UAV 2,Control Center,LOW_BATTERY,Battery level: 25.2%
280,UAV 4,Control Center,LOW_BATTERY,Battery level: 25.8%
280,UAV 7,Control Center,LOW_BATTERY,Battery level: 23.2%
280,UAV 8,Control Center,LOW_BATTERY,Battery level: 21.2%
280,UAV 9,Control Center,LOW_BATTERY,Battery level: 22.7%
280,UAV 10,Control Center,LOW_BATTERY,Battery level: 26.5%
281,UAV 2,Control Center,LOW_BATTERY,Battery level: 25.2%
281,UAV 4,Control Center,LOW_BATTERY,Battery level: 25.8%
281,UAV 7,Control Center,LOW_BATTERY,Battery level: 23.2%
281,UAV 8,Control Center,LOW_BATTERY,Battery level: 21.2%
281,UAV 9,Control Center,LOW_BATTERY,Battery level: 22.7%
281,UAV 10,Control Center,LOW_BATTERY,Battery level: 26.5%
282,UAV 2,Control Center,LOW_BATTERY,Battery level: 25.2%
282,UAV 4,Control Center,LOW_BATTERY,Battery level: 25.8%
282,UAV 7,Control Center,LOW_BATTERY,Battery level: 23.2%
282,UAV 8,Control Center,LOW_BATTERY,Battery level: 21.2%
282,UAV 9,Control Center,LOW_BATTERY,Battery level: 22.7%
282,UAV 10,Control Center,LOW_BATTERY,Battery level: 26.5%
283,UAV 2,Control Center,LOW_BATTERY,Battery level: 25.2%
283,UAV 4,Control Center,LOW_BATTERY,Battery level: 25.8%
283,UAV 7,Control Center,LOW_BATTERY,Battery level: 23.2%
283,UAV 8,Control Center,LOW_BATTERY,Battery level: 21.2%
283,UAV 9,Control Center,LOW_BATTERY,Battery level: 22.7%
283,UAV 10,Control Center,LOW_BATTERY,Battery level: 26.5%
284,UAV 2,Control Center,LOW_BATTERY,Battery level: 25.2%
284,UAV 4,Control Center,LOW_BATTERY,Battery level: 25.8%
284,UAV 7,Control Center,LOW_BATTERY,Battery level: 23.2%
284,UAV 8,Control Center,LOW_BATTERY,Battery level: 21.2%
284,UAV 9,Control Center,LOW_BATTERY,Battery level: 22.7%
284,UAV 10,Control Center,LOW_BATTERY,Battery level: 26.5%
285,UAV 2,Control Center,LOW_BATTERY,Battery level: 25.2%
285,UAV 4,Control Center,LOW_BATTERY,Battery level: 25.8%
285,UAV 7,Control Center,LOW_BATTERY,Battery level: 23.2%
285,UAV 8,Control Center,LOW_BATTERY,Battery level: 21.2%
285,UAV 9,Control Center,LOW_BATTERY,Battery level: 22.7%
285,UAV 10,Control Center,LOW_BATTERY,Battery level: 26.5%
286,UAV 2,Control Center,LOW_BATTERY,Battery level: 25.2%
286,UAV 4,Control Center,LOW_BATTERY,Battery level: 25.8%
286,UAV 7,Control Center,LOW_BATTERY,Battery level: 23.2%
286,UAV 8,Control Center,LOW_BATTERY,Battery level: 21.2%
286,UAV 9,Control Center,LOW_BATTERY,Battery level: 22.7%
286,UAV 10,Control Center,LOW_BATTERY,Battery level: 26.5%
287,UAV 2,Control Center,LOW_BATTERY,Battery level: 25.2%
287,UAV 4,Control Center,LOW_BATTERY,Battery level: 25.8%
287,UAV 7,Control Center,LOW_BATTERY,Battery level: 23.2%
287,UAV 8,Control Center,LOW_BATTERY,Battery level: 21.2%
287,UAV 9,Control Center,LOW_BATTERY,Battery level: 22.7%
287,UAV 10,Control Center,LOW_BATTERY,Battery level: 26.5%
288,UAV 2,Control Center,LOW_BATTERY,Battery level: 25.2%
288,UAV 4,Control Center,LOW_BATTERY,Battery level: 25.8%
288,UAV 7,Control Center,LOW_BATTERY,Battery level: 23.2%
288,UAV 8,Control Center,LOW_BATTERY,Battery level: 21.2%
288,UAV 9,Control Center,LOW_BATTERY,Battery level: 22.7%
288,UAV 10,Control Center,LOW_BATTERY,Battery level: 26.5%
289,UAV 2,Control Center,LOW_BATTERY,Battery level: 25.2%
289,UAV 4,Control Center,LOW_BATTERY,Battery level: 25.8%
289,UAV 7,Control Center,LOW_BATTERY,Battery level: 23.2%
289,UAV 8,Control Center,LOW_BATTERY,Battery level: 21.2%
289,UAV 9,Control Center,LOW_BATTERY,Battery level: 22.7%
289,UAV 10,Control Center,LOW_BATTERY,Battery level: 26.5%
290,UAV 2,Control Center,LOW_BATTERY,Battery level: 25.2%
290,UAV 4,Control Center,LOW_BATTERY,Battery level: 25.8%
290,UAV 7,Control Center,LOW_BATTERY,Battery level: 23.2%
290,UAV 8,Control Center,LOW_BATTERY,Battery level: 21.2%
290,UAV 9,Control Center,LOW_BATTERY,Battery level: 22.7%
290,UAV 10,Control Center,LOW_BATTERY,Battery level: 26.5%
291,UAV 2,Control Center,LOW_BATTERY,Battery level: 25.2%
291,UAV 4,Control Center,LOW_BATTERY,Battery level: 25.8%
291,UAV 7,Control Center,LOW_BATTERY,Battery level: 23.2%
291,UAV 8,Control Center,LOW_BATTERY,Battery level: 21.2%
291,UAV 9,Control Center,LOW_BATTERY,Battery level: 22.7%
291,UAV 10,Control Center,LOW_BATTERY,Battery level: 26.5%
292,UAV 2,Control Center,LOW_BATTERY,Battery level: 25.2%
292,UAV 4,Control Center,LOW_BATTERY,Battery level: 25.8%
292,UAV 7,Control Center,LOW_BATTERY,Battery level: 23.2%
292,UAV 8,Control Center,LOW_BATTERY,Battery level: 21.2%
292,UAV 9,Control Center,LOW_BATTERY,Battery level: 22.7%
292,UAV 10,Control Center,LOW_BATTERY,Battery level: 26.5%
293,UAV 2,Control Center,LOW_BATTERY,Battery level: 25.2%
293,UAV 4,Control Center,LOW_BATTERY,Battery level: 25.8%
293,UAV 7,Control Center,LOW_BATTERY,Battery level: 23.2%
293,UAV 8,Control Center,LOW_BATTERY,Battery level: 21.2%
293,UAV 9,Control Center,LOW_BATTERY,Battery level: 22.7%
293,UAV 10,Control Center,LOW_BATTERY,Battery level: 26.5%
294,UAV 2,Control Center,LOW_BATTERY,Battery level: 25.2%
294,UAV 4,Control Center,LOW_BATTERY,Battery level: 25.8%
294,UAV 7,Control Center,LOW_BATTERY,Battery level: 23.2%
294,UAV 8,Control Center,LOW_BATTERY,Battery level: 21.2%
294,UAV 9,Control Center,LOW_BATTERY,Battery level: 22.7%
294,UAV 10,Control Center,LOW_BATTERY,Battery level: 26.5%
295,UAV 2,Control Center,LOW_BATTERY,Battery level: 25.2%
295,UAV 4,Control Center,LOW_BATTERY,Battery level: 25.8%
295,UAV 7,Control Center,LOW_BATTERY,Battery level: 23.2%
295,UAV 8,Control Center,LOW_BATTERY,Battery level: 21.2%
295,UAV 9,Control Center,LOW_BATTERY,Battery level: 22.7%
295,UAV 10,Control Center,LOW_BATTERY,Battery level: 26.5%
296,UAV 2,Control Center,LOW_BATTERY,Battery level: 25.2%
296,UAV 4,Control Center,LOW_BATTERY,Battery level: 25.8%
296,UAV 7,Control Center,LOW_BATTERY,Battery level: 23.2%
296,UAV 8,Control Center,LOW_BATTERY,Battery level: 21.2%
296,UAV 9,Control Center,LOW_BATTERY,Battery level: 22.7%
296,UAV 10,Control Center,LOW_BATTERY,Battery level: 26.5%
297,UAV 2,Control Center,LOW_BATTERY,Battery level: 25.2%
297,UAV 4,Control Center,LOW_BATTERY,Battery level: 25.8%
297,UAV 7,Control Center,LOW_BATTERY,Battery level: 23.2%
297,UAV 8,Control Center,LOW_BATTERY,Battery level: 21.2%
297,UAV 9,Control Center,LOW_BATTERY,Battery level: 22.7%
297,UAV 10,Control Center,LOW_BATTERY,Battery level: 26.5%
298,UAV 2,Control Center,LOW_BATTERY,Battery level: 25.2%
298,UAV 4,Control Center,LOW_BATTERY,Battery level: 25.8%
298,UAV 7,Control Center,LOW_BATTERY,Battery level: 23.2%
298,UAV 8,Control Center,LOW_BATTERY,Battery level: 21.2%
298,UAV 9,Control Center,LOW_BATTERY,Battery level: 22.7%
298,UAV 10,Control Center,LOW_BATTERY,Battery level: 26.5%
299,UAV 2,Control Center,LOW_BATTERY,Battery level: 25.2%
299,UAV 4,Control Center,LOW_BATTERY,Battery level: 25.8%
299,UAV 7,Control Center,LOW_BATTERY,Battery level: 23.2%
299,UAV 8,Control Center,LOW_BATTERY,Battery level: 21.2%
299,UAV 9,Control Center,LOW_BATTERY,Battery level: 22.7%
299,UAV 10,Control Center,LOW_BATTERY,Battery level: 26.5%
300,UAV 2,Control Center,LOW_BATTERY,Battery level: 25.2%
300,UAV 4,Control Center,LOW_BATTERY,Battery level: 25.8%
300,UAV 7,Control Center,LOW_BATTERY,Battery level: 23.2%
300,UAV 8,Control Center,LOW_BATTERY,Battery level: 21.2%
300,UAV 9,Control Center,LOW_BATTERY,Battery level: 22.7%
300,UAV 10,Control Center,LOW_BATTERY,Battery level: 26.5%
301,UAV 2,Control Center,LOW_BATTERY,Battery level: 25.2%
301,UAV 4,Control Center,LOW_BATTERY,Battery level: 25.8%
301,UAV 7,Control Center,LOW_BATTERY,Battery level: 23.2%
301,UAV 8,Control Center,LOW_BATTERY,Battery level: 21.2%
301,UAV 9,Control Center,LOW_BATTERY,Battery level: 22.7%
301,UAV 10,Control Center,LOW_BATTERY,Battery level: 26.5%
302,UAV 2,Control Center,LOW_BATTERY,Battery level: 25.2%
302,UAV 4,Control Center,LOW_BATTERY,Battery level: 25.8%
302,UAV 7,Control Center,LOW_BATTERY,Battery level: 23.2%
302,UAV 8,Control Center,LOW_BATTERY,Battery level: 21.2%
302,UAV 9,Control Center,LOW_BATTERY,Battery level: 22.7%
302,UAV 10,Control Center,LOW_BATTERY,Battery level: 26.5%
303,UAV 2,Control Center,LOW_BATTERY,Battery level: 25.2%
303,UAV 4,Control Center,LOW_BATTERY,Battery level: 25.8%
303,UAV 7,Control Center,LOW_BATTERY,Battery level: 23.2%
303,UAV 8,Control Center,LOW_BATTERY,Battery level: 21.2%
303,UAV 9,Control Center,LOW_BATTERY,Battery level: 22.7%
303,UAV 10,Control Center,LOW_BATTERY,Battery level: 26.5%
304,UAV 2,Control Center,LOW_BATTERY,Battery level: 25.2%
304,UAV 4,Control Center,LOW_BATTERY,Battery level: 25.8%
304,UAV 7,Control Center,LOW_BATTERY,Battery level: 23.2%
304,UAV 8,Control Center,LOW_BATTERY,Battery level: 21.2%
304,UAV 9,Control Center,LOW_BATTERY,Battery level: 22.7%
304,UAV 10,Control Center,LOW_BATTERY,Battery level: 26.5%
305,UAV 2,Control Center,LOW_BATTERY,Battery level: 25.2%
305,UAV 4,Control Center,LOW_BATTERY,Battery level: 25.8%
305,UAV 7,Control Center,LOW_BATTERY,Battery level: 23.2%
305,UAV 8,Control Center,LOW_BATTERY,Battery level: 21.2%
305,UAV 9,Control Center,LOW_BATTERY,Battery level: 22.7%
305,UAV 10,Control Center,LOW_BATTERY,Battery level: 26.5%
306,UAV 2,Control Center,LOW_BATTERY,Battery level: 25.2%
306,UAV 4,Control Center,LOW_BATTERY,Battery level: 25.8%
306,UAV 7,Control Center,LOW_BATTERY,Battery level: 23.2%
306,UAV 8,Control Center,LOW_BATTERY,Battery level: 21.2%
306,UAV 9,Control Center,LOW_BATTERY,Battery level: 22.7%
306,UAV 10,Control Center,LOW_BATTERY,Battery level: 26.5%
307,UAV 2,Control Center,LOW_BATTERY,Battery level: 25.2%
307,UAV 4,Control Center,LOW_BATTERY,Battery level: 25.8%
307,UAV 7,Control Center,LOW_BATTERY,Battery level: 23.2%
307,UAV 8,Control Center,LOW_BATTERY,Battery level: 21.2%
307,UAV 9,Control Center,LOW_BATTERY,Battery level: 22.7%
307,UAV 10,Control Center,LOW_BATTERY,Battery level: 26.5%
308,UAV 2,Control Center,LOW_BATTERY,Battery level: 25.2%
308,UAV 4,Control Center,LOW_BATTERY,Battery level: 25.8%
308,UAV 7,Control Center,LOW_BATTERY,Battery level: 23.2%
308,UAV 8,Control Center,LOW_BATTERY,Battery level: 21.2%
308,UAV 9,Control Center,LOW_BATTERY,Battery level: 22.7%
308,UAV 10,Control Center,LOW_BATTERY,Battery level: 26.5%
309,UAV 2,Control Center,LOW_BATTERY,Battery level: 25.2%
309,UAV 4,Control Center,LOW_BATTERY,Battery level: 25.8%
309,UAV 7,Control Center,LOW_BATTERY,Battery level: 23.2%
309,UAV 8,Control Center,LOW_BATTERY,Battery level: 21.2%
309,UAV 9,Control Center,LOW_BATTERY,Battery level: 22.7%
309,UAV 10,Control Center,LOW_BATTERY,Battery level: 26.5%
310,UAV 2,Control Center,LOW_BATTERY,Battery level: 25.2%
310,UAV 4,Control Center,LOW_BATTERY,Battery level: 25.8%
310,UAV 7,Control Center,LOW_BATTERY,Battery level: 23.2%
310,UAV 8,Control Center,LOW_BATTERY,Battery level: 21.2%
310,UAV 9,Control Center,LOW_BATTERY,Battery level: 22.7%
310,UAV 10,Control Center,LOW_BATTERY,Battery level: 26.5%
311,UAV 2,Control Center,LOW_BATTERY,Battery level: 25.2%
311,UAV 4,Control Center,LOW_BATTERY,Battery level: 25.8%
311,UAV 7,Control Center,LOW_BATTERY,Battery level: 23.2%
311,UAV 8,Control Center,LOW_BATTERY,Battery level: 21.2%
311,UAV 9,Control Center,LOW_BATTERY,Battery level: 22.7%
311,UAV 10,Control Center,LOW_BATTERY,Battery level: 26.5%
312,UAV 2,Control Center,LOW_BATTERY,Battery level: 25.2%
312,UAV 4,Control Center,LOW_BATTERY,Battery level: 25.8%
312,UAV 7,Control Center,LOW_BATTERY,Battery level: 23.2%
312,UAV 8,Control Center,LOW_BATTERY,Battery level: 21.2%
312,UAV 9,Control Center,LOW_BATTERY,Battery level: 22.7%
312,UAV 10,Control Center,LOW_BATTERY,Battery level: 26.5%
313,UAV 2,Control Center,LOW_BATTERY,Battery level: 25.2%
313,UAV 4,Control Center,LOW_BATTERY,Battery level: 25.8%
313,UAV 7,Control Center,LOW_BATTERY,Battery level: 23.2%
313,UAV 8,Control Center,LOW_BATTERY,Battery level: 21.2%
313,UAV 9,Control Center,LOW_BATTERY,Battery level: 22.7%
313,UAV 10,Control Center,LOW_BATTERY,Battery level: 26.5%
314,UAV 2,Control Center,LOW_BATTERY,Battery level: 25.2%
314,UAV 4,Control Center,LOW_BATTERY,Battery level: 25.8%
314,UAV 7,Control Center,LOW_BATTERY,Battery level: 23.2%
314,UAV 8,Control Center,LOW_BATTERY,Battery level: 21.2%
314,UAV 9,Control Center,LOW_BATTERY,Battery level: 22.7%
314,UAV 10,Control Center,LOW_BATTERY,Battery level: 26.5%
315,UAV 2,Control Center,LOW_BATTERY,Battery level: 25.2%
315,UAV 4,Control Center,LOW_BATTERY,Battery level: 25.8%
315,UAV 7,Control Center,LOW_BATTERY,Battery level: 23.2%
315,UAV 8,Control Center,LOW_BATTERY,Battery level: 21.2%
315,UAV 9,Control Center,LOW_BATTERY,Battery level: 22.7%
315,UAV 10,Control Center,LOW_BATTERY,Battery level: 26.5%
316,UAV 2,Control Center,LOW_BATTERY,Battery level: 25.2%
316,UAV 4,Control Center,LOW_BATTERY,Battery level: 25.8%
316,UAV 7,Control Center,LOW_BATTERY,Battery level: 23.2%
316,UAV 8,Control Center,LOW_BATTERY,Battery level: 21.2%
316,UAV 9,Control Center,LOW_BATTERY,Battery level: 22.7%
316,UAV 10,Control Center,LOW_BATTERY,Battery level: 26.5%
317,UAV 2,Control Center,LOW_BATTERY,Battery level: 25.2%
317,UAV 4,Control Center,LOW_BATTERY,Battery level: 25.8%
317,UAV 7,Control Center,LOW_BATTERY,Battery level: 23.2%
317,UAV 8,Control Center,LOW_BATTERY,Battery level: 21.2%
317,UAV 9,Control Center,LOW_BATTERY,Battery level: 22.7%
317,UAV 10,Control Center,LOW_BATTERY,Battery level: 26.5%
318,UAV 2,Control Center,LOW_BATTERY,Battery level: 25.2%
318,UAV 4,Control Center,LOW_BATTERY,Battery level: 25.8%
318,UAV 7,Control Center,LOW_BATTERY,Battery level: 23.2%
318,UAV 8,Control Center,LOW_BATTERY,Battery level: 21.2%
318,UAV 9,Control Center,LOW_BATTERY,Battery level: 22.7%
318,UAV 10,Control Center,LOW_BATTERY,Battery level: 26.5%
319,UAV 2,Control Center,LOW_BATTERY,Battery level: 25.2%
319,UAV 4,Control Center,LOW_BATTERY,Battery level: 25.8%
319,UAV 7,Control Center,LOW_BATTERY,Battery level: 23.2%
319,UAV 8,Control Center,LOW_BATTERY,Battery level: 21.2%
319,UAV 9,Control Center,LOW_BATTERY,Battery level: 22.7%
319,UAV 10,Control Center,LOW_BATTERY,Battery level: 26.5%
320,UAV 2,Control Center,LOW_BATTERY,Battery level: 25.2%
320,UAV 4,Control Center,LOW_BATTERY,Battery level: 25.8%
320,UAV 7,Control Center,LOW_BATTERY,Battery level: 23.2%
320,UAV 8,Control Center,LOW_BATTERY,Battery level: 21.2%
320,UAV 9,Control Center,LOW_BATTERY,Battery level: 22.7%
320,UAV 10,Control Center,LOW_BATTERY,Battery level: 26.5%
321,UAV 2,Control Center,LOW_BATTERY,Battery level: 25.2%
321,UAV 4,Control Center,LOW_BATTERY,Battery level: 25.8%
321,UAV 7,Control Center,LOW_BATTERY,Battery level: 23.2%
321,UAV 8,Control Center,LOW_BATTERY,Battery level: 21.2%
321,UAV 9,Control Center,LOW_BATTERY,Battery level: 22.7%
321,UAV 10,Control Center,LOW_BATTERY,Battery level: 26.5%
322,UAV 2,Control Center,LOW_BATTERY,Battery level: 25.2%
322,UAV 4,Control Center,LOW_BATTERY,Battery level: 25.8%
322,UAV 7,Control Center,LOW_BATTERY,Battery level: 23.2%
322,UAV 8,Control Center,LOW_BATTERY,Battery level: 21.2%
322,UAV 9,Control Center,LOW_BATTERY,Battery level: 22.7%
322,UAV 10,Control Center,LOW_BATTERY,Battery level: 26.5%
323,UAV 2,Control Center,LOW_BATTERY,Battery level: 25.2%
323,UAV 4,Control Center,LOW_BATTERY,Battery level: 25.8%
323,UAV 7,Control Center,LOW_BATTERY,Battery level: 23.2%
323,UAV 8,Control Center,LOW_BATTERY,Battery level: 21.2%
323,UAV 9,Control Center,LOW_BATTERY,Battery level: 22.7%
323,UAV 10,Control Center,LOW_BATTERY,Battery level: 26.5%
324,UAV 2,Control Center,LOW_BATTERY,Battery level: 25.2%
324,UAV 4,Control Center,LOW_BATTERY,Battery level: 25.8%
324,UAV 7,Control Center,LOW_BATTERY,Battery level: 23.2%
324,UAV 8,Control Center,LOW_BATTERY,Battery level: 21.2%
324,UAV 9,Control Center,LOW_BATTERY,Battery level: 22.7%
324,UAV 10,Control Center,LOW_BATTERY,Battery level: 26.5%
325,UAV 2,Control Center,LOW_BATTERY,Battery level: 25.2%
325,UAV 4,Control Center,LOW_BATTERY,Battery level: 25.8%
325,UAV 7,Control Center,LOW_BATTERY,Battery level: 23.2%
325,UAV 8,Control Center,LOW_BATTERY,Battery level: 21.2%
325,UAV 9,Control Center,LOW_BATTERY,Battery level: 22.7%
325,UAV 10,Control Center,LOW_BATTERY,Battery level: 26.5%
326,UAV 2,Control Center,LOW_BATTERY,Battery level: 25.2%
326,UAV 4,Control Center,LOW_BATTERY,Battery level: 25.8%
326,UAV 7,Control Center,LOW_BATTERY,Battery level: 23.2%
326,UAV 8,Control Center,LOW_BATTERY,Battery level: 21.2%
326,UAV 9,Control Center,LOW_BATTERY,Battery level: 22.7%
326,UAV 10,Control Center,LOW_BATTERY,Battery level: 26.5%
327,UAV 2,Control Center,LOW_BATTERY,Battery level: 25.2%
327,UAV 4,Control Center,LOW_BATTERY,Battery level: 25.8%
327,UAV 7,Control Center,LOW_BATTERY,Battery level: 23.2%
327,UAV 8,Control Center,LOW_BATTERY,Battery level: 21.2%
327,UAV 9,Control Center,LOW_BATTERY,Battery level: 22.7%
327,UAV 10,Control Center,LOW_BATTERY,Battery level: 26.5%
328,UAV 2,Control Center,LOW_BATTERY,Battery level: 25.2%
328,UAV 4,Control Center,LOW_BATTERY,Battery level: 25.8%
328,UAV 7,Control Center,LOW_BATTERY,Battery level: 23.2%
328,UAV 8,Control Center,LOW_BATTERY,Battery level: 21.2%
328,UAV 9,Control Center,LOW_BATTERY,Battery level: 22.7%
328,UAV 10,Control Center,LOW_BATTERY,Battery level: 26.5%
329,UAV 2,Control Center,LOW_BATTERY,Battery level: 25.2%
329,UAV 4,Control Center,LOW_BATTERY,Battery level: 25.8%
329,UAV 7,Control Center,LOW_BATTERY,Battery level: 23.2%
329,UAV 8,Control Center,LOW_BATTERY,Battery level: 21.2%
329,UAV 9,Control Center,LOW_BATTERY,Battery level: 22.7%
329,UAV 10,Control Center,LOW_BATTERY,Battery level: 26.5%
330,UAV 2,Control Center,LOW_BATTERY,Battery level: 25.2%
330,UAV 4,Control Center,LOW_BATTERY,Battery level: 25.8%
330,UAV 7,Control Center,LOW_BATTERY,Battery level: 23.2%
330,UAV 8,Control Center,LOW_BATTERY,Battery level: 21.2%
330,UAV 9,Control Center,LOW_BATTERY,Battery level: 22.7%
330,UAV 10,Control Center,LOW_BATTERY,Battery level: 26.5%
331,UAV 2,Control Center,LOW_BATTERY,Battery level: 25.2%
331,UAV 4,Control Center,LOW_BATTERY,Battery level: 25.8%
331,UAV 7,Control Center,LOW_BATTERY,Battery level: 23.2%
331,UAV 8,Control Center,LOW_BATTERY,Battery level: 21.2%
331,UAV 9,Control Center,LOW_BATTERY,Battery level: 22.7%
331,UAV 10,Control Center,LOW_BATTERY,Battery level: 26.5%
332,UAV 2,Control Center,LOW_BATTERY,Battery level: 25.2%
332,UAV 4,Control Center,LOW_BATTERY,Battery level: 25.8%
332,UAV 7,Control Center,LOW_BATTERY,Battery level: 23.2%
332,UAV 8,Control Center,LOW_BATTERY,Battery level: 21.2%
332,UAV 9,Control Center,LOW_BATTERY,Battery level: 22.7%
332,UAV 10,Control Center,LOW_BATTERY,Battery level: 26.5%
333,UAV 2,Control Center,LOW_BATTERY,Battery level: 25.2%
333,UAV 4,Control Center,LOW_BATTERY,Battery level: 25.8%
333,UAV 7,Control Center,LOW_BATTERY,Battery level: 23.2%
333,UAV 8,Control Center,LOW_BATTERY,Battery level: 21.2%
333,UAV 9,Control Center,LOW_BATTERY,Battery level: 22.7%
333,UAV 10,Control Center,LOW_BATTERY,Battery level: 26.5%
334,UAV 2,Control Center,LOW_BATTERY,Battery level: 25.2%
334,UAV 4,Control Center,LOW_BATTERY,Battery level: 25.8%
334,UAV 7,Control Center,LOW_BATTERY,Battery level: 23.2%
334,UAV 8,Control Center,LOW_BATTERY,Battery level: 21.2%
334,UAV 9,Control Center,LOW_BATTERY,Battery level: 22.7%
334,UAV 10,Control Center,LOW_BATTERY,Battery level: 26.5%
335,UAV 2,Control Center,LOW_BATTERY,Battery level: 25.2%
335,UAV 4,Control Center,LOW_BATTERY,Battery level: 25.8%
335,UAV 7,Control Center,LOW_BATTERY,Battery level: 23.2%
335,UAV 8,Control Center,LOW_BATTERY,Battery level: 21.2%
335,UAV 9,Control Center,LOW_BATTERY,Battery level: 22.7%
335,UAV 10,Control Center,LOW_BATTERY,Battery level: 26.5%
336,UAV 2,Control Center,LOW_BATTERY,Battery level: 25.2%
336,UAV 4,Control Center,LOW_BATTERY,Battery level: 25.8%
336,UAV 7,Control Center,LOW_BATTERY,Battery level: 23.2%
336,UAV 8,Control Center,LOW_BATTERY,Battery level: 21.2%
336,UAV 9,Control Center,LOW_BATTERY,Battery level: 22.7%
336,UAV 10,Control Center,LOW_BATTERY,Battery level: 26.5%
337,UAV 2,Control Center,LOW_BATTERY,Battery level: 25.2%
337,UAV 4,Control Center,LOW_BATTERY,Battery level: 25.8%
337,UAV 7,Control Center,LOW_BATTERY,Battery level: 23.2%
337,UAV 8,Control Center,LOW_BATTERY,Battery level: 21.2%
337,UAV 9,Control Center,LOW_BATTERY,Battery level: 22.7%
337,UAV 10,Control Center,LOW_BATTERY,Battery level: 26.5%
338,UAV 2,Control Center,LOW_BATTERY,Battery level: 25.2%
338,UAV 4,Control Center,LOW_BATTERY,Battery level: 25.8%
338,UAV 7,Control Center,LOW_BATTERY,Battery level: 23.2%
338,UAV 8,Control Center,LOW_BATTERY,Battery level: 21.2%
338,UAV 9,Control Center,LOW_BATTERY,Battery level: 22.7%
338,UAV 10,Control Center,LOW_BATTERY,Battery level: 26.5%
339,UAV 2,Control Center,LOW_BATTERY,Battery level: 25.2%
339,UAV 4,Control Center,LOW_BATTERY,Battery level: 25.8%
339,UAV 7,Control Center,LOW_BATTERY,Battery level: 23.2%
339,UAV 8,Control Center,LOW_BATTERY,Battery level: 21.2%
339,UAV 9,Control Center,LOW_BATTERY,Battery level: 22.7%
339,UAV 10,Control Center,LOW_BATTERY,Battery level: 26.5%
340,UAV 2,Control Center,LOW_BATTERY,Battery level: 25.2%
340,UAV 4,Control Center,LOW_BATTERY,Battery level: 25.8%
340,UAV 7,Control Center,LOW_BATTERY,Battery level: 23.2%
340,UAV 8,Control Center,LOW_BATTERY,Battery level: 21.2%
340,UAV 9,Control Center,LOW_BATTERY,Battery level: 22.7%
340,UAV 10,Control Center,LOW_BATTERY,Battery level: 26.5%
341,UAV 2,Control Center,LOW_BATTERY,Battery level: 25.2%
341,UAV 4,Control Center,LOW_BATTERY,Battery level: 25.8%
341,UAV 7,Control Center,LOW_BATTERY,Battery level: 23.2%
341,UAV 8,Control Center,LOW_BATTERY,Battery level: 21.2%
341,UAV 9,Control Center,LOW_BATTERY,Battery level: 22.7%
341,UAV 10,Control Center,LOW_BATTERY,Battery level: 26.5%
342,UAV 2,Control Center,LOW_BATTERY,Battery level: 25.2%
342,UAV 4,Control Center,LOW_BATTERY,Battery level: 25.8%
342,UAV 7,Control Center,LOW_BATTERY,Battery level: 23.2%
342,UAV 8,Control Center,LOW_BATTERY,Battery level: 21.2%
342,UAV 9,Control Center,LOW_BATTERY,Battery level: 22.7%
342,UAV 10,Control Center,LOW_BATTERY,Battery level: 26.5%
343,UAV 2,Control Center,LOW_BATTERY,Battery level: 25.2%
343,UAV 4,Control Center,LOW_BATTERY,Battery level: 25.8%
343,UAV 7,Control Center,LOW_BATTERY,Battery level: 23.2%
343,UAV 8,Control Center,LOW_BATTERY,Battery level: 21.2%
343,UAV 9,Control Center,LOW_BATTERY,Battery level: 22.7%
343,UAV 10,Control Center,LOW_BATTERY,Battery level: 26.5%
344,UAV 2,Control Center,LOW_BATTERY,Battery level: 25.2%
344,UAV 4,Control Center,LOW_BATTERY,Battery level: 25.8%
344,UAV 7,Control Center,LOW_BATTERY,Battery level: 23.2%
344,UAV 8,Control Center,LOW_BATTERY,Battery level: 21.2%
344,UAV 9,Control Center,LOW_BATTERY,Battery level: 22.7%
344,UAV 10,Control Center,LOW_BATTERY,Battery level: 26.5%
345,UAV 2,Control Center,LOW_BATTERY,Battery level: 25.2%
345,UAV 4,Control Center,LOW_BATTERY,Battery level: 25.8%
345,UAV 7,Control Center,LOW_BATTERY,Battery level: 23.2%
345,UAV 8,Control Center,LOW_BATTERY,Battery level: 21.2%
345,UAV 9,Control Center,LOW_BATTERY,Battery level: 22.7%
345,UAV 10,Control Center,LOW_BATTERY,Battery level: 26.5%
346,UAV 2,Control Center,LOW_BATTERY,Battery level: 25.2%
346,UAV 4,Control Center,LOW_BATTERY,Battery level: 25.8%
346,UAV 7,Control Center,LOW_BATTERY,Battery level: 23.2%
346,UAV 8,Control Center,LOW_BATTERY,Battery level: 21.2%
346,UAV 9,Control Center,LOW_BATTERY,Battery level: 22.7%
346,UAV 10,Control Center,LOW_BATTERY,Battery level: 26.5%
347,UAV 2,Control Center,LOW_BATTERY,Battery level: 25.2%
347,UAV 4,Control Center,LOW_BATTERY,Battery level: 25.8%
347,UAV 7,Control Center,LOW_BATTERY,Battery level: 23.2%
347,UAV 8,Control Center,LOW_BATTERY,Battery level: 21.2%
347,UAV 9,Control Center,LOW_BATTERY,Battery level: 22.7%
347,UAV 10,Control Center,LOW_BATTERY,Battery level: 26.5%
348,UAV 2,Control Center,LOW_BATTERY,Battery level: 25.2%
348,UAV 4,Control Center,LOW_BATTERY,Battery level: 25.8%
348,UAV 7,Control Center,LOW_BATTERY,Battery level: 23.2%
348,UAV 8,Control Center,LOW_BATTERY,Battery level: 21.2%
348,UAV 9,Control Center,LOW_BATTERY,Battery level: 22.7%
348,UAV 10,Control Center,LOW_BATTERY,Battery level: 26.5%
349,UAV 2,Control Center,LOW_BATTERY,Battery level: 25.2%
349,UAV 4,Control Center,LOW_BATTERY,Battery level: 25.8%
349,UAV 7,Control Center,LOW_BATTERY,Battery level: 23.2%
349,UAV 8,Control Center,LOW_BATTERY,Battery level: 21.2%
349,UAV 9,Control Center,LOW_BATTERY,Battery level: 22.7%
349,UAV 10,Control Center,LOW_BATTERY,Battery level: 26.5%
350,UAV 2,Control Center,LOW_BATTERY,Battery level: 25.2%
350,UAV 4,Control Center,LOW_BATTERY,Battery level: 25.8%
350,UAV 7,Control Center,LOW_BATTERY,Battery level: 23.2%
350,UAV 8,Control Center,LOW_BATTERY,Battery level: 21.2%
350,UAV 9,Control Center,LOW_BATTERY,Battery level: 22.7%
350,UAV 10,Control Center,LOW_BATTERY,Battery level: 26.5%
351,UAV 2,Control Center,LOW_BATTERY,Battery level: 25.2%
351,UAV 4,Control Center,LOW_BATTERY,Battery level: 25.8%
351,UAV 7,Control Center,LOW_BATTERY,Battery level: 23.2%
351,UAV 8,Control Center,LOW_BATTERY,Battery level: 21.2%
351,UAV 9,Control Center,LOW_BATTERY,Battery level: 22.7%
351,UAV 10,Control Center,LOW_BATTERY,Battery level: 26.5%
352,UAV 2,Control Center,LOW_BATTERY,Battery level: 25.2%
352,UAV 4,Control Center,LOW_BATTERY,Battery level: 25.8%
352,UAV 7,Control Center,LOW_BATTERY,Battery level: 23.2%
352,UAV 8,Control Center,LOW_BATTERY,Battery level: 21.2%
352,UAV 9,Control Center,LOW_BATTERY,Battery level: 22.7%
352,UAV 10,Control Center,LOW_BATTERY,Battery level: 26.5%
353,UAV 2,Control Center,LOW_BATTERY,Battery level: 25.2%
353,UAV 4,Control Center,LOW_BATTERY,Battery level: 25.8%
353,UAV 7,Control Center,LOW_BATTERY,Battery level: 23.2%
353,UAV 8,Control Center,LOW_BATTERY,Battery level: 21.2%
353,UAV 9,Control Center,LOW_BATTERY,Battery level: 22.7%
353,UAV 10,Control Center,LOW_BATTERY,Battery level: 26.5%
354,UAV 2,Control Center,LOW_BATTERY,Battery level: 25.2%
354,UAV 4,Control Center,LOW_BATTERY,Battery level: 25.8%
354,UAV 7,Control Center,LOW_BATTERY,Battery level: 23.2%
354,UAV 8,Control Center,LOW_BATTERY,Battery level: 21.2%
354,UAV 9,Control Center,LOW_BATTERY,Battery level: 22.7%
354,UAV 10,Control Center,LOW_BATTERY,Battery level: 26.5%
355,UAV 2,Control Center,LOW_BATTERY,Battery level: 25.2%
355,UAV 4,Control Center,LOW_BATTERY,Battery level: 25.8%
355,UAV 7,Control Center,LOW_BATTERY,Battery level: 23.2%
355,UAV 8,Control Center,LOW_BATTERY,Battery level: 21.2%
355,UAV 9,Control Center,LOW_BATTERY,Battery level: 22.7%
355,UAV 10,Control Center,LOW_BATTERY,Battery level: 26.5%
356,UAV 2,Control Center,LOW_BATTERY,Battery level: 25.2%
356,UAV 4,Control Center,LOW_BATTERY,Battery level: 25.8%
356,UAV 7,Control Center,LOW_BATTERY,Battery level: 23.2%
356,UAV 8,Control Center,LOW_BATTERY,Battery level: 21.2%
356,UAV 9,Control Center,LOW_BATTERY,Battery level: 22.7%
356,UAV 10,Control Center,LOW_BATTERY,Battery level: 26.5%
357,UAV 2,Control Center,LOW_BATTERY,Battery level: 25.2%
357,UAV 4,Control Center,LOW_BATTERY,Battery level: 25.8%
357,UAV 7,Control Center,LOW_BATTERY,Battery level: 23.2%
357,UAV 8,Control Center,LOW_BATTERY,Battery level: 21.2%
357,UAV 9,Control Center,LOW_BATTERY,Battery level: 22.7%
357,UAV 10,Control Center,LOW_BATTERY,Battery level: 26.5%
358,UAV 2,Control Center,LOW_BATTERY,Battery level: 25.2%
358,UAV 4,Control Center,LOW_BATTERY,Battery level: 25.8%
358,UAV 7,Control Center,LOW_BATTERY,Battery level: 23.2%
358,UAV 8,Control Center,LOW_BATTERY,Battery level: 21.2%
358,UAV 9,Control Center,LOW_BATTERY,Battery level: 22.7%
358,UAV 10,Control Center,LOW_BATTERY,Battery level: 26.5%
359,UAV 2,Control Center,LOW_BATTERY,Battery level: 25.2%
359,UAV 4,Control Center,LOW_BATTERY,Battery level: 25.8%
359,UAV 7,Control Center,LOW_BATTERY,Battery level: 23.2%
359,UAV 8,Control Center,LOW_BATTERY,Battery level: 21.2%
359,UAV 9,Control Center,LOW_BATTERY,Battery level: 22.7%
359,UAV 10,Control Center,LOW_BATTERY,Battery level: 26.5%
360,UAV 2,Control Center,LOW_BATTERY,Battery level: 25.2%
360,UAV 4,Control Center,LOW_BATTERY,Battery level: 25.8%
360,UAV 7,Control Center,LOW_BATTERY,Battery level: 23.2%
360,UAV 8,Control Center,LOW_BATTERY,Battery level: 21.2%
360,UAV 9,Control Center,LOW_BATTERY,Battery level: 22.7%
360,UAV 10,Control Center,LOW_BATTERY,Battery level: 26.5%
361,UAV 2,Control Center,LOW_BATTERY,Battery level: 25.2%
361,UAV 4,Control Center,LOW_BATTERY,Battery level: 25.8%
361,UAV 7,Control Center,LOW_BATTERY,Battery level: 23.2%
361,UAV 8,Control Center,LOW_BATTERY,Battery level: 21.2%
361,UAV 9,Control Center,LOW_BATTERY,Battery level: 22.7%
361,UAV 10,Control Center,LOW_BATTERY,Battery level: 26.5%
362,UAV 2,Control Center,LOW_BATTERY,Battery level: 25.2%
362,UAV 4,Control Center,LOW_BATTERY,Battery level: 25.8%
362,UAV 7,Control Center,LOW_BATTERY,Battery level: 23.2%
362,UAV 8,Control Center,LOW_BATTERY,Battery level: 21.2%
362,UAV 9,Control Center,LOW_BATTERY,Battery level: 22.7%
362,UAV 10,Control Center,LOW_BATTERY,Battery level: 26.5%
363,UAV 2,Control Center,LOW_BATTERY,Battery level: 25.2%
363,UAV 4,Control Center,LOW_BATTERY,Battery level: 25.8%
363,UAV 7,Control Center,LOW_BATTERY,Battery level: 23.2%
363,UAV 8,Control Center,LOW_BATTERY,Battery level: 21.2%
363,UAV 9,Control Center,LOW_BATTERY,Battery level: 22.7%
363,UAV 10,Control Center,LOW_BATTERY,Battery level: 26.5%
364,UAV 2,Control Center,LOW_BATTERY,Battery level: 25.2%
364,UAV 4,Control Center,LOW_BATTERY,Battery level: 25.8%
364,UAV 7,Control Center,LOW_BATTERY,Battery level: 23.2%
364,UAV 8,Control Center,LOW_BATTERY,Battery level: 21.2%
364,UAV 9,Control Center,LOW_BATTERY,Battery level: 22.7%
364,UAV 10,Control Center,LOW_BATTERY,Battery level: 26.5%
365,UAV 2,Control Center,LOW_BATTERY,Battery level: 25.2%
365,UAV 4,Control Center,LOW_BATTERY,Battery level: 25.8%
365,UAV 7,Control Center,LOW_BATTERY,Battery level: 23.2%
365,UAV 8,Control Center,LOW_BATTERY,Battery level: 21.2%
365,UAV 9,Control Center,LOW_BATTERY,Battery level: 22.7%
365,UAV 10,Control Center,LOW_BATTERY,Battery level: 26.5%
366,UAV 2,Control Center,LOW_BATTERY,Battery level: 25.2%
366,UAV 4,Control Center,LOW_BATTERY,Battery level: 25.8%
366,UAV 7,Control Center,LOW_BATTERY,Battery level: 23.2%
366,UAV 8,Control Center,LOW_BATTERY,Battery level: 21.2%
366,UAV 9,Control Center,LOW_BATTERY,Battery level: 22.7%
366,UAV 10,Control Center,LOW_BATTERY,Battery level: 26.5%
367,UAV 2,Control Center,LOW_BATTERY,Battery level: 25.2%
367,UAV 4,Control Center,LOW_BATTERY,Battery level: 25.8%
367,UAV 7,Control Center,LOW_BATTERY,Battery level: 23.2%
367,UAV 8,Control Center,LOW_BATTERY,Battery level: 21.2%
367,UAV 9,Control Center,LOW_BATTERY,Battery level: 22.7%
367,UAV 10,Control Center,LOW_BATTERY,Battery level: 26.5%
368,UAV 2,Control Center,LOW_BATTERY,Battery level: 25.2%
368,UAV 4,Control Center,LOW_BATTERY,Battery level: 25.8%
368,UAV 7,Control Center,LOW_BATTERY,Battery level: 23.2%
368,UAV 8,Control Center,LOW_BATTERY,Battery level: 21.2%
368,UAV 9,Control Center,LOW_BATTERY,Battery level: 22.7%
368,UAV 10,Control Center,LOW_BATTERY,Battery level: 26.5%
369,UAV 2,Control Center,LOW_BATTERY,Battery level: 25.2%
369,UAV 4,Control Center,LOW_BATTERY,Battery level: 25.8%
369,UAV 7,Control Center,LOW_BATTERY,Battery level: 23.2%
369,UAV 8,Control Center,LOW_BATTERY,Battery level: 21.2%
369,UAV 9,Control Center,LOW_BATTERY,Battery level: 22.7%
369,UAV 10,Control Center,LOW_BATTERY,Battery level: 26.5%
370,UAV 2,Control Center,LOW_BATTERY,Battery level: 25.2%
370,UAV 4,Control Center,LOW_BATTERY,Battery level: 25.8%
370,UAV 7,Control Center,LOW_BATTERY,Battery level: 23.2%
370,UAV 8,Control Center,LOW_BATTERY,Battery level: 21.2%
370,UAV 9,Control Center,LOW_BATTERY,Battery level: 22.7%
370,UAV 10,Control Center,LOW_BATTERY,Battery level: 26.5%
371,UAV 2,Control Center,LOW_BATTERY,Battery level: 25.2%
371,UAV 4,Control Center,LOW_BATTERY,Battery level: 25.8%
371,UAV 7,Control Center,LOW_BATTERY,Battery level: 23.2%
371,UAV 8,Control Center,LOW_BATTERY,Battery level: 21.2%
371,UAV 9,Control Center,LOW_BATTERY,Battery level: 22.7%
371,UAV 10,Control Center,LOW_BATTERY,Battery level: 26.5%
372,UAV 2,Control Center,LOW_BATTERY,Battery level: 25.2%
372,UAV 4,Control Center,LOW_BATTERY,Battery level: 25.8%
372,UAV 7,Control Center,LOW_BATTERY,Battery level: 23.2%
372,UAV 8,Control Center,LOW_BATTERY,Battery level: 21.2%
372,UAV 9,Control Center,LOW_BATTERY,Battery level: 22.7%
372,UAV 10,Control Center,LOW_BATTERY,Battery level: 26.5%
373,UAV 2,Control Center,LOW_BATTERY,Battery level: 25.2%
373,UAV 4,Control Center,LOW_BATTERY,Battery level: 25.8%
373,UAV 7,Control Center,LOW_BATTERY,Battery level: 23.2%
373,UAV 8,Control Center,LOW_BATTERY,Battery level: 21.2%
373,UAV 9,Control Center,LOW_BATTERY,Battery level: 22.7%
373,UAV 10,Control Center,LOW_BATTERY,Battery level: 26.5%
374,UAV 2,Control Center,LOW_BATTERY,Battery level: 25.2%
374,UAV 4,Control Center,LOW_BATTERY,Battery level: 25.8%
374,UAV 7,Control Center,LOW_BATTERY,Battery level: 23.2%
374,UAV 8,Control Center,LOW_BATTERY,Battery level: 21.2%
374,UAV 9,Control Center,LOW_BATTERY,Battery level: 22.7%
374,UAV 10,Control Center,LOW_BATTERY,Battery level: 26.5%
375,UAV 2,Control Center,LOW_BATTERY,Battery level: 25.2%
375,UAV 4,Control Center,LOW_BATTERY,Battery level: 25.8%
375,UAV 7,Control Center,LOW_BATTERY,Battery level: 23.2%
375,UAV 8,Control Center,LOW_BATTERY,Battery level: 21.2%
375,UAV 9,Control Center,LOW_BATTERY,Battery level: 22.7%
375,UAV 10,Control Center,LOW_BATTERY,Battery level: 26.5%
376,UAV 2,Control Center,LOW_BATTERY,Battery level: 25.2%
376,UAV 4,Control Center,LOW_BATTERY,Battery level: 25.8%
376,UAV 7,Control Center,LOW_BATTERY,Battery level: 23.2%
376,UAV 8,Control Center,LOW_BATTERY,Battery level: 21.2%
376,UAV 9,Control Center,LOW_BATTERY,Battery level: 22.7%
376,UAV 10,Control Center,LOW_BATTERY,Battery level: 26.5%
377,UAV 2,Control Center,LOW_BATTERY,Battery level: 25.2%
377,UAV 4,Control Center,LOW_BATTERY,Battery level: 25.8%
377,UAV 7,Control Center,LOW_BATTERY,Battery level: 23.2%
377,UAV 8,Control Center,LOW_BATTERY,Battery level: 21.2%
377,UAV 9,Control Center,LOW_BATTERY,Battery level: 22.7%
377,UAV 10,Control Center,LOW_BATTERY,Battery level: 26.5%
378,UAV 2,Control Center,LOW_BATTERY,Battery level: 25.2%
378,UAV 4,Control Center,LOW_BATTERY,Battery level: 25.8%
378,UAV 7,Control Center,LOW_BATTERY,Battery level: 23.2%
378,UAV 8,Control Center,LOW_BATTERY,Battery level: 21.2%
378,UAV 9,Control Center,LOW_BATTERY,Battery level: 22.7%
378,UAV 10,Control Center,LOW_BATTERY,Battery level: 26.5%
379,UAV 2,Control Center,LOW_BATTERY,Battery level: 25.2%
379,UAV 4,Control Center,LOW_BATTERY,Battery level: 25.8%
379,UAV 7,Control Center,LOW_BATTERY,Battery level: 23.2%
379,UAV 8,Control Center,LOW_BATTERY,Battery level: 21.2%
379,UAV 9,Control Center,LOW_BATTERY,Battery level: 22.7%
379,UAV 10,Control Center,LOW_BATTERY,Battery level: 26.5%
380,UAV 2,Control Center,LOW_BATTERY,Battery level: 25.2%
380,UAV 4,Control Center,LOW_BATTERY,Battery level: 25.8%
380,UAV 7,Control Center,LOW_BATTERY,Battery level: 23.2%
380,UAV 8,Control Center,LOW_BATTERY,Battery level: 21.2%
380,UAV 9,Control Center,LOW_BATTERY,Battery level: 22.7%
380,UAV 10,Control Center,LOW_BATTERY,Battery level: 26.5%
381,UAV 2,Control Center,LOW_BATTERY,Battery level: 25.2%
381,UAV 4,Control Center,LOW_BATTERY,Battery level: 25.8%
381,UAV 7,Control Center,LOW_BATTERY,Battery level: 23.2%
381,UAV 8,Control Center,LOW_BATTERY,Battery level: 21.2%
381,UAV 9,Control Center,LOW_BATTERY,Battery level: 22.7%
381,UAV 10,Control Center,LOW_BATTERY,Battery level: 26.5%
382,UAV 2,Control Center,LOW_BATTERY,Battery level: 25.2%
382,UAV 4,Control Center,LOW_BATTERY,Battery level: 25.8%
382,UAV 7,Control Center,LOW_BATTERY,Battery level: 23.2%
382,UAV 8,Control Center,LOW_BATTERY,Battery level: 21.2%
382,UAV 9,Control Center,LOW_BATTERY,Battery level: 22.7%
382,UAV 10,Control Center,LOW_BATTERY,Battery level: 26.5%
383,UAV 2,Control Center,LOW_BATTERY,Battery level: 25.2%
383,UAV 4,Control Center,LOW_BATTERY,Battery level: 25.8%
383,UAV 7,Control Center,LOW_BATTERY,Battery level: 23.2%
383,UAV 8,Control Center,LOW_BATTERY,Battery level: 21.2%
383,UAV 9,Control Center,LOW_BATTERY,Battery level: 22.7%
383,UAV 10,Control Center,LOW_BATTERY,Battery level: 26.5%
384,UAV 2,Control Center,LOW_BATTERY,Battery level: 25.2%
384,UAV 4,Control Center,LOW_BATTERY,Battery level: 25.8%
384,UAV 7,Control Center,LOW_BATTERY,Battery level: 23.2%
384,UAV 8,Control Center,LOW_BATTERY,Battery level: 21.2%
384,UAV 9,Control Center,LOW_BATTERY,Battery level: 22.7%
384,UAV 10,Control Center,LOW_BATTERY,Battery level: 26.5%
385,UAV 2,Control Center,LOW_BATTERY,Battery level: 25.2%
385,UAV 4,Control Center,LOW_BATTERY,Battery level: 25.8%
385,UAV 7,Control Center,LOW_BATTERY,Battery level: 23.2%
385,UAV 8,Control Center,LOW_BATTERY,Battery level: 21.2%
385,UAV 9,Control Center,LOW_BATTERY,Battery level: 22.7%
385,UAV 10,Control Center,LOW_BATTERY,Battery level: 26.5%
386,UAV 2,Control Center,LOW_BATTERY,Battery level: 25.2%
386,UAV 4,Control Center,LOW_BATTERY,Battery level: 25.8%
386,UAV 7,Control Center,LOW_BATTERY,Battery level: 23.2%
386,UAV 8,Control Center,LOW_BATTERY,Battery level: 21.2%
386,UAV 9,Control Center,LOW_BATTERY,Battery level: 22.7%
386,UAV 10,Control Center,LOW_BATTERY,Battery level: 26.5%
387,UAV 2,Control Center,LOW_BATTERY,Battery level: 25.2%
387,UAV 4,Control Center,LOW_BATTERY,Battery level: 25.8%
387,UAV 7,Control Center,LOW_BATTERY,Battery level: 23.2%
387,UAV 8,Control Center,LOW_BATTERY,Battery level: 21.2%
387,UAV 9,Control Center,LOW_BATTERY,Battery level: 22.7%
387,UAV 10,Control Center,LOW_BATTERY,Battery level: 26.5%
388,UAV 2,Control Center,LOW_BATTERY,Battery level: 25.2%
388,UAV 4,Control Center,LOW_BATTERY,Battery level: 25.8%
388,UAV 7,Control Center,LOW_BATTERY,Battery level: 23.2%
388,UAV 8,Control Center,LOW_BATTERY,Battery level: 21.2%
388,UAV 9,Control Center,LOW_BATTERY,Battery level: 22.7%
388,UAV 10,Control Center,LOW_BATTERY,Battery level: 26.5%
389,UAV 2,Control Center,LOW_BATTERY,Battery level: 25.2%
389,UAV 4,Control Center,LOW_BATTERY,Battery level: 25.8%
389,UAV 7,Control Center,LOW_BATTERY,Battery level: 23.2%
389,UAV 8,Control Center,LOW_BATTERY,Battery level: 21.2%
389,UAV 9,Control Center,LOW_BATTERY,Battery level: 22.7%
389,UAV 10,Control Center,LOW_BATTERY,Battery level: 26.5%
390,UAV 2,Control Center,LOW_BATTERY,Battery level: 25.2%
390,UAV 4,Control Center,LOW_BATTERY,Battery level: 25.8%
390,UAV 7,Control Center,LOW_BATTERY,Battery level: 23.2%
390,UAV 8,Control Center,LOW_BATTERY,Battery level: 21.2%
390,UAV 9,Control Center,LOW_BATTERY,Battery level: 22.7%
390,UAV 10,Control Center,LOW_BATTERY,Battery level: 26.5%
391,UAV 2,Control Center,LOW_BATTERY,Battery level: 25.2%
391,UAV 4,Control Center,LOW_BATTERY,Battery level: 25.8%
391,UAV 7,Control Center,LOW_BATTERY,Battery level: 23.2%
391,UAV 8,Control Center,LOW_BATTERY,Battery level: 21.2%
391,UAV 9,Control Center,LOW_BATTERY,Battery level: 22.7%
391,UAV 10,Control Center,LOW_BATTERY,Battery level: 26.5%
392,UAV 2,Control Center,LOW_BATTERY,Battery level: 25.2%
392,UAV 4,Control Center,LOW_BATTERY,Battery level: 25.8%
392,UAV 7,Control Center,LOW_BATTERY,Battery level: 23.2%
392,UAV 8,Control Center,LOW_BATTERY,Battery level: 21.2%
392,UAV 9,Control Center,LOW_BATTERY,Battery level: 22.7%
392,UAV 10,Control Center,LOW_BATTERY,Battery level: 26.5%
393,UAV 2,Control Center,LOW_BATTERY,Battery level: 25.2%
393,UAV 4,Control Center,LOW_BATTERY,Battery level: 25.8%
393,UAV 7,Control Center,LOW_BATTERY,Battery level: 23.2%
393,UAV 8,Control Center,LOW_BATTERY,Battery level: 21.2%
393,UAV 9,Control Center,LOW_BATTERY,Battery level: 22.7%
393,UAV 10,Control Center,LOW_BATTERY,Battery level: 26.5%
394,UAV 2,Control Center,LOW_BATTERY,Battery level: 25.2%
394,UAV 4,Control Center,LOW_BATTERY,Battery level: 25.8%
394,UAV 7,Control Center,LOW_BATTERY,Battery level: 23.2%
394,UAV 8,Control Center,LOW_BATTERY,Battery level: 21.2%
394,UAV 9,Control Center,LOW_BATTERY,Battery level: 22.7%
394,UAV 10,Control Center,LOW_BATTERY,Battery level: 26.5%
395,UAV 2,Control Center,LOW_BATTERY,Battery level: 25.2%
395,UAV 4,Control Center,LOW_BATTERY,Battery level: 25.8%
395,UAV 7,Control Center,LOW_BATTERY,Battery level: 23.2%
395,UAV 8,Control Center,LOW_BATTERY,Battery level: 21.2%
395,UAV 9,Control Center,LOW_BATTERY,Battery level: 22.7%
395,UAV 10,Control Center,LOW_BATTERY,Battery level: 26.5%
396,UAV 2,Control Center,LOW_BATTERY,Battery level: 25.2%
396,UAV 4,Control Center,LOW_BATTERY,Battery level: 25.8%
396,UAV 7,Control Center,LOW_BATTERY,Battery level: 23.2%
396,UAV 8,Control Center,LOW_BATTERY,Battery level: 21.2%
396,UAV 9,Control Center,LOW_BATTERY,Battery level: 22.7%
396,UAV 10,Control Center,LOW_BATTERY,Battery level: 26.5%
397,UAV 2,Control Center,LOW_BATTERY,Battery level: 25.2%
397,UAV 4,Control Center,LOW_BATTERY,Battery level: 25.8%
397,UAV 7,Control Center,LOW_BATTERY,Battery level: 23.2%
397,UAV 8,Control Center,LOW_BATTERY,Battery level: 21.2%
397,UAV 9,Control Center,LOW_BATTERY,Battery level: 22.7%
397,UAV 10,Control Center,LOW_BATTERY,Battery level: 26.5%
398,UAV 2,Control Center,LOW_BATTERY,Battery level: 25.2%
398,UAV 4,Control Center,LOW_BATTERY,Battery level: 25.8%
398,UAV 7,Control Center,LOW_BATTERY,Battery level: 23.2%
398,UAV 8,Control Center,LOW_BATTERY,Battery level: 21.2%
398,UAV 9,Control Center,LOW_BATTERY,Battery level: 22.7%
398,UAV 10,Control Center,LOW_BATTERY,Battery level: 26.5%
399,UAV 2,Control Center,LOW_BATTERY,Battery level: 25.2%
399,UAV 4,Control Center,LOW_BATTERY,Battery level: 25.8%
399,UAV 7,Control Center,LOW_BATTERY,Battery level: 23.2%
399,UAV 8,Control Center,LOW_BATTERY,Battery level: 21.2%
399,UAV 9,Control Center,LOW_BATTERY,Battery level: 22.7%
399,UAV 10,Control Center,LOW_BATTERY,Battery level: 26.5%
400,UAV 2,Control Center,LOW_BATTERY,Battery level: 25.2%
400,UAV 4,Control Center,LOW_BATTERY,Battery level: 25.8%
400,UAV 7,Control Center,LOW_BATTERY,Battery level: 23.2%
400,UAV 8,Control Center,LOW_BATTERY,Battery level: 21.2%
400,UAV 9,Control Center,LOW_BATTERY,Battery level: 22.7%
400,UAV 10,Control Center,LOW_BATTERY,Battery level: 26.5%
401,UAV 2,Control Center,LOW_BATTERY,Battery level: 25.2%
401,UAV 4,Control Center,LOW_BATTERY,Battery level: 25.8%
401,UAV 7,Control Center,LOW_BATTERY,Battery level: 23.2%
401,UAV 8,Control Center,LOW_BATTERY,Battery level: 21.2%
401,UAV 9,Control Center,LOW_BATTERY,Battery level: 22.7%
401,UAV 10,Control Center,LOW_BATTERY,Battery level: 26.5%
402,UAV 2,Control Center,LOW_BATTERY,Battery level: 25.2%
402,UAV 4,Control Center,LOW_BATTERY,Battery level: 25.8%
402,UAV 7,Control Center,LOW_BATTERY,Battery level: 23.2%
402,UAV 8,Control Center,LOW_BATTERY,Battery level: 21.2%
402,UAV 9,Control Center,LOW_BATTERY,Battery level: 22.7%
402,UAV 10,Control Center,LOW_BATTERY,Battery level: 26.5%
403,UAV 2,Control Center,LOW_BATTERY,Battery level: 25.2%
403,UAV 4,Control Center,LOW_BATTERY,Battery level: 25.8%
403,UAV 7,Control Center,LOW_BATTERY,Battery level: 23.2%
403,UAV 8,Control Center,LOW_BATTERY,Battery level: 21.2%
403,UAV 9,Control Center,LOW_BATTERY,Battery level: 22.7%
403,UAV 10,Control Center,LOW_BATTERY,Battery level: 26.5%
404,UAV 2,Control Center,LOW_BATTERY,Battery level: 25.2%
404,UAV 4,Control Center,LOW_BATTERY,Battery level: 25.8%
404,UAV 7,Control Center,LOW_BATTERY,Battery level: 23.2%
404,UAV 8,Control Center,LOW_BATTERY,Battery level: 21.2%
404,UAV 9,Control Center,LOW_BATTERY,Battery level: 22.7%
404,UAV 10,Control Center,LOW_BATTERY,Battery level: 26.5%
405,UAV 2,Control Center,LOW_BATTERY,Battery level: 25.2%
405,UAV 4,Control Center,LOW_BATTERY,Battery level: 25.8%
405,UAV 7,Control Center,LOW_BATTERY,Battery level: 23.2%
405,UAV 8,Control Center,LOW_BATTERY,Battery level: 21.2%
405,UAV 9,Control Center,LOW_BATTERY,Battery level: 22.7%
405,UAV 10,Control Center,LOW_BATTERY,Battery level: 26.5%
406,UAV 2,Control Center,LOW_BATTERY,Battery level: 25.2%
406,UAV 4,Control Center,LOW_BATTERY,Battery level: 25.8%
406,UAV 7,Control Center,LOW_BATTERY,Battery level: 23.2%
406,UAV 8,Control Center,LOW_BATTERY,Battery level: 21.2%
406,UAV 9,Control Center,LOW_BATTERY,Battery level: 22.7%
406,UAV 10,Control Center,LOW_BATTERY,Battery level: 26.5%
407,UAV 2,Control Center,LOW_BATTERY,Battery level: 25.2%
407,UAV 4,Control Center,LOW_BATTERY,Battery level: 25.8%
407,UAV 7,Control Center,LOW_BATTERY,Battery level: 23.2%
407,UAV 8,Control Center,LOW_BATTERY,Battery level: 21.2%
407,UAV 9,Control Center,LOW_BATTERY,Battery level: 22.7%
407,UAV 10,Control Center,LOW_BATTERY,Battery level: 26.5%
408,UAV 2,Control Center,LOW_BATTERY,Battery level: 25.2%
408,UAV 4,Control Center,LOW_BATTERY,Battery level: 25.8%
408,UAV 7,Control Center,LOW_BATTERY,Battery level: 23.2%
408,UAV 8,Control Center,LOW_BATTERY,Battery level: 21.2%
408,UAV 9,Control Center,LOW_BATTERY,Battery level: 22.7%
408,UAV 10,Control Center,LOW_BATTERY,Battery level: 26.5%
409,UAV 2,Control Center,LOW_BATTERY,Battery level: 25.2%
409,UAV 4,Control Center,LOW_BATTERY,Battery level: 25.8%
409,UAV 7,Control Center,LOW_BATTERY,Battery level: 23.2%
409,UAV 8,Control Center,LOW_BATTERY,Battery level: 21.2%
409,UAV 9,Control Center,LOW_BATTERY,Battery level: 22.7%
409,UAV 10,Control Center,LOW_BATTERY,Battery level: 26.5%
410,UAV 2,Control Center,LOW_BATTERY,Battery level: 25.2%
410,UAV 4,Control Center,LOW_BATTERY,Battery level: 25.8%
410,UAV 7,Control Center,LOW_BATTERY,Battery level: 23.2%
410,UAV 8,Control Center,LOW_BATTERY,Battery level: 21.2%
410,UAV 9,Control Center,LOW_BATTERY,Battery level: 22.7%
410,UAV 10,Control Center,LOW_BATTERY,Battery level: 26.5%
411,UAV 2,Control Center,LOW_BATTERY,Battery level: 25.2%
411,UAV 4,Control Center,LOW_BATTERY,Battery level: 25.8%
411,UAV 7,Control Center,LOW_BATTERY,Battery level: 23.2%
411,UAV 8,Control Center,LOW_BATTERY,Battery level: 21.2%
411,UAV 9,Control Center,LOW_BATTERY,Battery level: 22.7%
411,UAV 10,Control Center,LOW_BATTERY,Battery level: 26.5%
412,UAV 2,Control Center,LOW_BATTERY,Battery level: 25.2%
412,UAV 4,Control Center,LOW_BATTERY,Battery level: 25.8%
412,UAV 7,Control Center,LOW_BATTERY,Battery level: 23.2%
412,UAV 8,Control Center,LOW_BATTERY,Battery level: 21.2%
412,UAV 9,Control Center,LOW_BATTERY,Battery level: 22.7%
412,UAV 10,Control Center,LOW_BATTERY,Battery level: 26.5%
413,UAV 2,Control Center,LOW_BATTERY,Battery level: 25.2%
413,UAV 4,Control Center,LOW_BATTERY,Battery level: 25.8%
413,UAV 7,Control Center,LOW_BATTERY,Battery level: 23.2%
413,UAV 8,Control Center,LOW_BATTERY,Battery level: 21.2%
413,UAV 9,Control Center,LOW_BATTERY,Battery level: 22.7%
413,UAV 10,Control Center,LOW_BATTERY,Battery level: 26.5%
414,UAV 2,Control Center,LOW_BATTERY,Battery level: 25.2%
414,UAV 4,Control Center,LOW_BATTERY,Battery level: 25.8%
414,UAV 7,Control Center,LOW_BATTERY,Battery level: 23.2%
414,UAV 8,Control Center,LOW_BATTERY,Battery level: 21.2%
414,UAV 9,Control Center,LOW_BATTERY,Battery level: 22.7%
414,UAV 10,Control Center,LOW_BATTERY,Battery level: 26.5%
415,UAV 2,Control Center,LOW_BATTERY,Battery level: 25.2%
415,UAV 4,Control Center,LOW_BATTERY,Battery level: 25.8%
415,UAV 7,Control Center,LOW_BATTERY,Battery level: 23.2%
415,UAV 8,Control Center,LOW_BATTERY,Battery level: 21.2%
415,UAV 9,Control Center,LOW_BATTERY,Battery level: 22.7%
415,UAV 10,Control Center,LOW_BATTERY,Battery level: 26.5%
416,UAV 2,Control Center,LOW_BATTERY,Battery level: 25.2%
416,UAV 4,Control Center,LOW_BATTERY,Battery level: 25.8%
416,UAV 7,Control Center,LOW_BATTERY,Battery level: 23.2%
416,UAV 8,Control Center,LOW_BATTERY,Battery level: 21.2%
416,UAV 9,Control Center,LOW_BATTERY,Battery level: 22.7%
416,UAV 10,Control Center,LOW_BATTERY,Battery level: 26.5%
417,UAV 2,Control Center,LOW_BATTERY,Battery level: 25.2%
417,UAV 4,Control Center,LOW_BATTERY,Battery level: 25.8%
417,UAV 7,Control Center,LOW_BATTERY,Battery level: 23.2%
417,UAV 8,Control Center,LOW_BATTERY,Battery level: 21.2%
417,UAV 9,Control Center,LOW_BATTERY,Battery level: 22.7%
417,UAV 10,Control Center,LOW_BATTERY,Battery level: 26.5%
418,UAV 2,Control Center,LOW_BATTERY,Battery level: 25.2%
418,UAV 4,Control Center,LOW_BATTERY,Battery level: 25.8%
418,UAV 7,Control Center,LOW_BATTERY,Battery level: 23.2%
418,UAV 8,Control Center,LOW_BATTERY,Battery level: 21.2%
418,UAV 9,Control Center,LOW_BATTERY,Battery level: 22.7%
418,UAV 10,Control Center,LOW_BATTERY,Battery level: 26.5%
419,UAV 2,Control Center,LOW_BATTERY,Battery level: 25.2%
419,UAV 4,Control Center,LOW_BATTERY,Battery level: 25.8%
419,UAV 7,Control Center,LOW_BATTERY,Battery level: 23.2%
419,UAV 8,Control Center,LOW_BATTERY,Battery level: 21.2%
419,UAV 9,Control Center,LOW_BATTERY,Battery level: 22.7%
419,UAV 10,Control Center,LOW_BATTERY,Battery level: 26.5%
420,UAV 2,Control Center,LOW_BATTERY,Battery level: 25.2%
420,UAV 4,Control Center,LOW_BATTERY,Battery level: 25.8%
420,UAV 7,Control Center,LOW_BATTERY,Battery level: 23.2%
420,UAV 8,Control Center,LOW_BATTERY,Battery level: 21.2%
420,UAV 9,Control Center,LOW_BATTERY,Battery level: 22.7%
420,UAV 10,Control Center,LOW_BATTERY,Battery level: 26.5%
421,UAV 2,Control Center,LOW_BATTERY,Battery level: 25.2%
421,UAV 4,Control Center,LOW_BATTERY,Battery level: 25.8%
421,UAV 7,Control Center,LOW_BATTERY,Battery level: 23.2%
421,UAV 8,Control Center,LOW_BATTERY,Battery level: 21.2%
421,UAV 9,Control Center,LOW_BATTERY,Battery level: 22.7%
421,UAV 10,Control Center,LOW_BATTERY,Battery level: 26.5%
422,UAV 2,Control Center,LOW_BATTERY,Battery level: 25.2%
422,UAV 4,Control Center,LOW_BATTERY,Battery level: 25.8%
422,UAV 7,Control Center,LOW_BATTERY,Battery level: 23.2%
422,UAV 8,Control Center,LOW_BATTERY,Battery level: 21.2%
422,UAV 9,Control Center,LOW_BATTERY,Battery level: 22.7%
422,UAV 10,Control Center,LOW_BATTERY,Battery level: 26.5%
423,UAV 2,Control Center,LOW_BATTERY,Battery level: 25.2%
423,UAV 4,Control Center,LOW_BATTERY,Battery level: 25.8%
423,UAV 7,Control Center,LOW_BATTERY,Battery level: 23.2%
423,UAV 8,Control Center,LOW_BATTERY,Battery level: 21.2%
423,UAV 9,Control Center,LOW_BATTERY,Battery level: 22.7%
423,UAV 10,Control Center,LOW_BATTERY,Battery level: 26.5%
424,UAV 2,Control Center,LOW_BATTERY,Battery level: 25.2%
424,UAV 4,Control Center,LOW_BATTERY,Battery level: 25.8%
424,UAV 7,Control Center,LOW_BATTERY,Battery level: 23.2%
424,UAV 8,Control Center,LOW_BATTERY,Battery level: 21.2%
424,UAV 9,Control Center,LOW_BATTERY,Battery level: 22.7%
424,UAV 10,Control Center,LOW_BATTERY,Battery level: 26.5%
425,UAV 2,Control Center,LOW_BATTERY,Battery level: 25.2%
425,UAV 4,Control Center,LOW_BATTERY,Battery level: 25.8%
425,UAV 7,Control Center,LOW_BATTERY,Battery level: 23.2%
425,UAV 8,Control Center,LOW_BATTERY,Battery level: 21.2%
425,UAV 9,Control Center,LOW_BATTERY,Battery level: 22.7%
425,UAV 10,Control Center,LOW_BATTERY,Battery level: 26.5%
426,UAV 2,Control Center,LOW_BATTERY,Battery level: 25.2%
426,UAV 4,Control Center,LOW_BATTERY,Battery level: 25.8%
426,UAV 7,Control Center,LOW_BATTERY,Battery level: 23.2%
426,UAV 8,Control Center,LOW_BATTERY,Battery level: 21.2%
426,UAV 9,Control Center,LOW_BATTERY,Battery level: 22.7%
426,UAV 10,Control Center,LOW_BATTERY,Battery level: 26.5%
427,UAV 2,Control Center,LOW_BATTERY,Battery level: 25.2%
427,UAV 4,Control Center,LOW_BATTERY,Battery level: 25.8%
427,UAV 7,Control Center,LOW_BATTERY,Battery level: 23.2%
427,UAV 8,Control Center,LOW_BATTERY,Battery level: 21.2%
427,UAV 9,Control Center,LOW_BATTERY,Battery level: 22.7%
427,UAV 10,Control Center,LOW_BATTERY,Battery level: 26.5%
428,UAV 2,Control Center,LOW_BATTERY,Battery level: 25.2%
428,UAV 4,Control Center,LOW_BATTERY,Battery level: 25.8%
428,UAV 7,Control Center,LOW_BATTERY,Battery level: 23.2%
428,UAV 8,Control Center,LOW_BATTERY,Battery level: 21.2%
428,UAV 9,Control Center,LOW_BATTERY,Battery level: 22.7%
428,UAV 10,Control Center,LOW_BATTERY,Battery level: 26.5%
429,UAV 2,Control Center,LOW_BATTERY,Battery level: 25.2%
429,UAV 4,Control Center,LOW_BATTERY,Battery level: 25.8%
429,UAV 7,Control Center,LOW_BATTERY,Battery level: 23.2%
429,UAV 8,Control Center,LOW_BATTERY,Battery level: 21.2%
429,UAV 9,Control Center,LOW_BATTERY,Battery level: 22.7%
429,UAV 10,Control Center,LOW_BATTERY,Battery level: 26.5%
430,UAV 2,Control Center,LOW_BATTERY,Battery level: 25.2%
430,UAV 4,Control Center,LOW_BATTERY,Battery level: 25.8%
430,UAV 7,Control Center,LOW_BATTERY,Battery level: 23.2%
430,UAV 8,Control Center,LOW_BATTERY,Battery level: 21.2%
430,UAV 9,Control Center,LOW_BATTERY,Battery level: 22.7%
430,UAV 10,Control Center,LOW_BATTERY,Battery level: 26.5%
431,UAV 2,Control Center,LOW_BATTERY,Battery level: 25.2%
431,UAV 4,Control Center,LOW_BATTERY,Battery level: 25.8%
431,UAV 7,Control Center,LOW_BATTERY,Battery level: 23.2%
431,UAV 8,Control Center,LOW_BATTERY,Battery level: 21.2%
431,UAV 9,Control Center,LOW_BATTERY,Battery level: 22.7%
431,UAV 10,Control Center,LOW_BATTERY,Battery level: 26.5%
432,UAV 2,Control Center,LOW_BATTERY,Battery level: 25.2%
432,UAV 4,Control Center,LOW_BATTERY,Battery level: 25.8%
432,UAV 7,Control Center,LOW_BATTERY,Battery level: 23.2%
432,UAV 8,Control Center,LOW_BATTERY,Battery level: 21.2%
432,UAV 9,Control Center,LOW_BATTERY,Battery level: 22.7%
432,UAV 10,Control Center,LOW_BATTERY,Battery level: 26.5%
433,UAV 2,Control Center,LOW_BATTERY,Battery level: 25.2%
433,UAV 4,Control Center,LOW_BATTERY,Battery level: 25.8%
433,UAV 7,Control Center,LOW_BATTERY,Battery level: 23.2%
433,UAV 8,Control Center,LOW_BATTERY,Battery level: 21.2%
433,UAV 9,Control Center,LOW_BATTERY,Battery level: 22.7%
433,UAV 10,Control Center,LOW_BATTERY,Battery level: 26.5%
434,UAV 2,Control Center,LOW_BATTERY,Battery level: 25.2%
434,UAV 4,Control Center,LOW_BATTERY,Battery level: 25.8%
434,UAV 7,Control Center,LOW_BATTERY,Battery level: 23.2%
434,UAV 8,Control Center,LOW_BATTERY,Battery level: 21.2%
434,UAV 9,Control Center,LOW_BATTERY,Battery level: 22.7%
434,UAV 10,Control Center,LOW_BATTERY,Battery level: 26.5%
435,UAV 2,Control Center,LOW_BATTERY,Battery level: 25.2%
435,UAV 4,Control Center,LOW_BATTERY,Battery level: 25.8%
435,UAV 7,Control Center,LOW_BATTERY,Battery level: 23.2%
435,UAV 8,Control Center,LOW_BATTERY,Battery level: 21.2%
435,UAV 9,Control Center,LOW_BATTERY,Battery level: 22.7%
435,UAV 10,Control Center,LOW_BATTERY,Battery level: 26.5%
436,UAV 2,Control Center,LOW_BATTERY,Battery level: 25.2%
436,UAV 4,Control Center,LOW_BATTERY,Battery level: 25.8%
436,UAV 7,Control Center,LOW_BATTERY,Battery level: 23.2%
436,UAV 8,Control Center,LOW_BATTERY,Battery level: 21.2%
436,UAV 9,Control Center,LOW_BATTERY,Battery level: 22.7%
436,UAV 10,Control Center,LOW_BATTERY,Battery level: 26.5%
437,UAV 2,Control Center,LOW_BATTERY,Battery level: 25.2%
437,UAV 4,Control Center,LOW_BATTERY,Battery level: 25.8%
437,UAV 7,Control Center,LOW_BATTERY,Battery level: 23.2%
437,UAV 8,Control Center,LOW_BATTERY,Battery level: 21.2%
437,UAV 9,Control Center,LOW_BATTERY,Battery level: 22.7%
437,UAV 10,Control Center,LOW_BATTERY,Battery level: 26.5%
438,UAV 2,Control Center,LOW_BATTERY,Battery level: 25.2%
438,UAV 4,Control Center,LOW_BATTERY,Battery level: 25.8%
438,UAV 7,Control Center,LOW_BATTERY,Battery level: 23.2%
438,UAV 8,Control Center,LOW_BATTERY,Battery level: 21.2%
438,UAV 9,Control Center,LOW_BATTERY,Battery level: 22.7%
438,UAV 10,Control Center,LOW_BATTERY,Battery level: 26.5%
439,UAV 2,Control Center,LOW_BATTERY,Battery level: 25.2%
439,UAV 4,Control Center,LOW_BATTERY,Battery level: 25.8%
439,UAV 7,Control Center,LOW_BATTERY,Battery level: 23.2%
439,UAV 8,Control Center,LOW_BATTERY,Battery level: 21.2%
439,UAV 9,Control Center,LOW_BATTERY,Battery level: 22.7%
439,UAV 10,Control Center,LOW_BATTERY,Battery level: 26.5%
440,UAV 2,Control Center,LOW_BATTERY,Battery level: 25.2%
440,UAV 4,Control Center,LOW_BATTERY,Battery level: 25.8%
440,UAV 7,Control Center,LOW_BATTERY,Battery level: 23.2%
440,UAV 8,Control Center,LOW_BATTERY,Battery level: 21.2%
440,UAV 9,Control Center,LOW_BATTERY,Battery level: 22.7%
440,UAV 10,Control Center,LOW_BATTERY,Battery level: 26.5%
441,UAV 2,Control Center,LOW_BATTERY,Battery level: 25.2%
441,UAV 4,Control Center,LOW_BATTERY,Battery level: 25.8%
441,UAV 7,Control Center,LOW_BATTERY,Battery level: 23.2%
441,UAV 8,Control Center,LOW_BATTERY,Battery level: 21.2%
441,UAV 9,Control Center,LOW_BATTERY,Battery level: 22.7%
441,UAV 10,Control Center,LOW_BATTERY,Battery level: 26.5%
442,UAV 2,Control Center,LOW_BATTERY,Battery level: 25.2%
442,UAV 4,Control Center,LOW_BATTERY,Battery level: 25.8%
442,UAV 7,Control Center,LOW_BATTERY,Battery level: 23.2%
442,UAV 8,Control Center,LOW_BATTERY,Battery level: 21.2%
442,UAV 9,Control Center,LOW_BATTERY,Battery level: 22.7%
442,UAV 10,Control Center,LOW_BATTERY,Battery level: 26.5%
443,UAV 2,Control Center,LOW_BATTERY,Battery level: 25.2%
443,UAV 4,Control Center,LOW_BATTERY,Battery level: 25.8%
443,UAV 7,Control Center,LOW_BATTERY,Battery level: 23.2%
443,UAV 8,Control Center,LOW_BATTERY,Battery level: 21.2%
443,UAV 9,Control Center,LOW_BATTERY,Battery level: 22.7%
443,UAV 10,Control Center,LOW_BATTERY,Battery level: 26.5%
444,UAV 2,Control Center,LOW_BATTERY,Battery level: 25.2%
444,UAV 4,Control Center,LOW_BATTERY,Battery level: 25.8%
444,UAV 7,Control Center,LOW_BATTERY,Battery level: 23.2%
444,UAV 8,Control Center,LOW_BATTERY,Battery level: 21.2%
444,UAV 9,Control Center,LOW_BATTERY,Battery level: 22.7%
444,UAV 10,Control Center,LOW_BATTERY,Battery level: 26.5%
445,UAV 2,Control Center,LOW_BATTERY,Battery level: 25.2%
445,UAV 4,Control Center,LOW_BATTERY,Battery level: 25.8%
445,UAV 7,Control Center,LOW_BATTERY,Battery level: 23.2%
445,UAV 8,Control Center,LOW_BATTERY,Battery level: 21.2%
445,UAV 9,Control Center,LOW_BATTERY,Battery level: 22.7%
445,UAV 10,Control Center,LOW_BATTERY,Battery level: 26.5%
446,UAV 2,Control Center,LOW_BATTERY,Battery level: 25.2%
446,UAV 4,Control Center,LOW_BATTERY,Battery level: 25.8%
446,UAV 7,Control Center,LOW_BATTERY,Battery level: 23.2%
446,UAV 8,Control Center,LOW_BATTERY,Battery level: 21.2%
446,UAV 9,Control Center,LOW_BATTERY,Battery level: 22.7%
446,UAV 10,Control Center,LOW_BATTERY,Battery level: 26.5%
447,UAV 2,Control Center,LOW_BATTERY,Battery level: 25.2%
447,UAV 4,Control Center,LOW_BATTERY,Battery level: 25.8%
447,UAV 7,Control Center,LOW_BATTERY,Battery level: 23.2%
447,UAV 8,Control Center,LOW_BATTERY,Battery level: 21.2%
447,UAV 9,Control Center,LOW_BATTERY,Battery level: 22.7%
447,UAV 10,Control Center,LOW_BATTERY,Battery level: 26.5%
448,UAV 2,Control Center,LOW_BATTERY,Battery level: 25.2%
448,UAV 4,Control Center,LOW_BATTERY,Battery level: 25.8%
448,UAV 7,Control Center,LOW_BATTERY,Battery level: 23.2%
448,UAV 8,Control Center,LOW_BATTERY,Battery level: 21.2%
448,UAV 9,Control Center,LOW_BATTERY,Battery level: 22.7%
448,UAV 10,Control Center,LOW_BATTERY,Battery level: 26.5%
449,UAV 2,Control Center,LOW_BATTERY,Battery level: 25.2%
449,UAV 4,Control Center,LOW_BATTERY,Battery level: 25.8%
449,UAV 7,Control Center,LOW_BATTERY,Battery level: 23.2%
449,UAV 8,Control Center,LOW_BATTERY,Battery level: 21.2%
449,UAV 9,Control Center,LOW_BATTERY,Battery level: 22.7%
449,UAV 10,Control Center,LOW_BATTERY,Battery level: 26.5%
450,UAV 2,Control Center,LOW_BATTERY,Battery level: 25.2%
450,UAV 4,Control Center,LOW_BATTERY,Battery level: 25.8%
450,UAV 7,Control Center,LOW_BATTERY,Battery level: 23.2%
450,UAV 8,Control Center,LOW_BATTERY,Battery level: 21.2%
450,UAV 9,Control Center,LOW_BATTERY,Battery level: 22.7%
450,UAV 10,Control Center,LOW_BATTERY,Battery level: 26.5%
451,UAV 2,Control Center,LOW_BATTERY,Battery level: 25.2%
451,UAV 4,Control Center,LOW_BATTERY,Battery level: 25.8%
451,UAV 7,Control Center,LOW_BATTERY,Battery level: 23.2%
451,UAV 8,Control Center,LOW_BATTERY,Battery level: 21.2%
451,UAV 9,Control Center,LOW_BATTERY,Battery level: 22.7%
451,UAV 10,Control Center,LOW_BATTERY,Battery level: 26.5%
452,UAV 2,Control Center,LOW_BATTERY,Battery level: 25.2%
452,UAV 4,Control Center,LOW_BATTERY,Battery level: 25.8%
452,UAV 7,Control Center,LOW_BATTERY,Battery level: 23.2%
452,UAV 8,Control Center,LOW_BATTERY,Battery level: 21.2%
452,UAV 9,Control Center,LOW_BATTERY,Battery level: 22.7%
452,UAV 10,Control Center,LOW_BATTERY,Battery level: 26.5%
453,UAV 2,Control Center,LOW_BATTERY,Battery level: 25.2%
453,UAV 4,Control Center,LOW_BATTERY,Battery level: 25.8%
453,UAV 7,Control Center,LOW_BATTERY,Battery level: 23.2%
453,UAV 8,Control Center,LOW_BATTERY,Battery level: 21.2%
453,UAV 9,Control Center,LOW_BATTERY,Battery level: 22.7%
453,UAV 10,Control Center,LOW_BATTERY,Battery level: 26.5%
454,UAV 2,Control Center,LOW_BATTERY,Battery level: 25.2%
454,UAV 4,Control Center,LOW_BATTERY,Battery level: 25.8%
454,UAV 7,Control Center,LOW_BATTERY,Battery level: 23.2%
454,UAV 8,Control Center,LOW_BATTERY,Battery level: 21.2%
454,UAV 9,Control Center,LOW_BATTERY,Battery level: 22.7%
454,UAV 10,Control Center,LOW_BATTERY,Battery level: 26.5%
455,UAV 2,Control Center,LOW_BATTERY,Battery level: 25.2%
455,UAV 4,Control Center,LOW_BATTERY,Battery level: 25.8%
455,UAV 7,Control Center,LOW_BATTERY,Battery level: 23.2%
455,UAV 8,Control Center,LOW_BATTERY,Battery level: 21.2%
455,UAV 9,Control Center,LOW_BATTERY,Battery level: 22.7%
455,UAV 10,Control Center,LOW_BATTERY,Battery level: 26.5%
456,UAV 2,Control Center,LOW_BATTERY,Battery level: 25.2%
456,UAV 4,Control Center,LOW_BATTERY,Battery level: 25.8%
456,UAV 7,Control Center,LOW_BATTERY,Battery level: 23.2%
456,UAV 8,Control Center,LOW_BATTERY,Battery level: 21.2%
456,UAV 9,Control Center,LOW_BATTERY,Battery level: 22.7%
456,UAV 10,Control Center,LOW_BATTERY,Battery level: 26.5%
457,UAV 2,Control Center,LOW_BATTERY,Battery level: 25.2%
457,UAV 4,Control Center,LOW_BATTERY,Battery level: 25.8%
457,UAV 7,Control Center,LOW_BATTERY,Battery level: 23.2%
457,UAV 8,Control Center,LOW_BATTERY,Battery level: 21.2%
457,UAV 9,Control Center,LOW_BATTERY,Battery level: 22.7%
457,UAV 10,Control Center,LOW_BATTERY,Battery level: 26.5%
458,UAV 2,Control Center,LOW_BATTERY,Battery level: 25.2%
458,UAV 4,Control Center,LOW_BATTERY,Battery level: 25.8%
458,UAV 7,Control Center,LOW_BATTERY,Battery level: 23.2%
458,UAV 8,Control Center,LOW_BATTERY,Battery level: 21.2%
458,UAV 9,Control Center,LOW_BATTERY,Battery level: 22.7%
458,UAV 10,Control Center,LOW_BATTERY,Battery level: 26.5%
459,UAV 2,Control Center,LOW_BATTERY,Battery level: 25.2%
459,UAV 4,Control Center,LOW_BATTERY,Battery level: 25.8%
459,UAV 7,Control Center,LOW_BATTERY,Battery level: 23.2%
459,UAV 8,Control Center,LOW_BATTERY,Battery level: 21.2%
459,UAV 9,Control Center,LOW_BATTERY,Battery level: 22.7%
459,UAV 10,Control Center,LOW_BATTERY,Battery level: 26.5%
460,UAV 2,Control Center,LOW_BATTERY,Battery level: 25.2%
460,UAV 4,Control Center,LOW_BATTERY,Battery level: 25.8%
460,UAV 7,Control Center,LOW_BATTERY,Battery level: 23.2%
460,UAV 8,Control Center,LOW_BATTERY,Battery level: 21.2%
460,UAV 9,Control Center,LOW_BATTERY,Battery level: 22.7%
460,UAV 10,Control Center,LOW_BATTERY,Battery level: 26.5%
461,UAV 2,Control Center,LOW_BATTERY,Battery level: 25.2%
461,UAV 4,Control Center,LOW_BATTERY,Battery level: 25.8%
461,UAV 7,Control Center,LOW_BATTERY,Battery level: 23.2%
461,UAV 8,Control Center,LOW_BATTERY,Battery level: 21.2%
461,UAV 9,Control Center,LOW_BATTERY,Battery level: 22.7%
461,UAV 10,Control Center,LOW_BATTERY,Battery level: 26.5%
462,UAV 2,Control Center,LOW_BATTERY,Battery level: 25.2%
462,UAV 4,Control Center,LOW_BATTERY,Battery level: 25.8%
462,UAV 7,Control Center,LOW_BATTERY,Battery level: 23.2%
462,UAV 8,Control Center,LOW_BATTERY,Battery level: 21.2%
462,UAV 9,Control Center,LOW_BATTERY,Battery level: 22.7%
462,UAV 10,Control Center,LOW_BATTERY,Battery level: 26.5%
463,UAV 2,Control Center,LOW_BATTERY,Battery level: 25.2%
463,UAV 4,Control Center,LOW_BATTERY,Battery level: 25.8%
463,UAV 7,Control Center,LOW_BATTERY,Battery level: 23.2%
463,UAV 8,Control Center,LOW_BATTERY,Battery level: 21.2%
463,UAV 9,Control Center,LOW_BATTERY,Battery level: 22.7%
463,UAV 10,Control Center,LOW_BATTERY,Battery level: 26.5%
464,UAV 2,Control Center,LOW_BATTERY,Battery level: 25.2%
464,UAV 4,Control Center,LOW_BATTERY,Battery level: 25.8%
464,UAV 7,Control Center,LOW_BATTERY,Battery level: 23.2%
464,UAV 8,Control Center,LOW_BATTERY,Battery level: 21.2%
464,UAV 9,Control Center,LOW_BATTERY,Battery level: 22.7%
464,UAV 10,Control Center,LOW_BATTERY,Battery level: 26.5%
465,UAV 2,Control Center,LOW_BATTERY,Battery level: 25.2%
465,UAV 4,Control Center,LOW_BATTERY,Battery level: 25.8%
465,UAV 7,Control Center,LOW_BATTERY,Battery level: 23.2%
465,UAV 8,Control Center,LOW_BATTERY,Battery level: 21.2%
465,UAV 9,Control Center,LOW_BATTERY,Battery level: 22.7%
465,UAV 10,Control Center,LOW_BATTERY,Battery level: 26.5%
466,UAV 2,Control Center,LOW_BATTERY,Battery level: 25.2%
466,UAV 4,Control Center,LOW_BATTERY,Battery level: 25.8%
466,UAV 7,Control Center,LOW_BATTERY,Battery level: 23.2%
466,UAV 8,Control Center,LOW_BATTERY,Battery level: 21.2%
466,UAV 9,Control Center,LOW_BATTERY,Battery level: 22.7%
466,UAV 10,Control Center,LOW_BATTERY,Battery level: 26.5%
467,UAV 2,Control Center,LOW_BATTERY,Battery level: 25.2%
467,UAV 4,Control Center,LOW_BATTERY,Battery level: 25.8%
467,UAV 7,Control Center,LOW_BATTERY,Battery level: 23.2%
467,UAV 8,Control Center,LOW_BATTERY,Battery level: 21.2%
467,UAV 9,Control Center,LOW_BATTERY,Battery level: 22.7%
467,UAV 10,Control Center,LOW_BATTERY,Battery level: 26.5%
468,UAV 2,Control Center,LOW_BATTERY,Battery level: 25.2%
468,UAV 4,Control Center,LOW_BATTERY,Battery level: 25.8%
468,UAV 7,Control Center,LOW_BATTERY,Battery level: 23.2%
468,UAV 8,Control Center,LOW_BATTERY,Battery level: 21.2%
468,UAV 9,Control Center,LOW_BATTERY,Battery level: 22.7%
468,UAV 10,Control Center,LOW_BATTERY,Battery level: 26.5%
469,UAV 2,Control Center,LOW_BATTERY,Battery level: 25.2%
469,UAV 4,Control Center,LOW_BATTERY,Battery level: 25.8%
469,UAV 7,Control Center,LOW_BATTERY,Battery level: 23.2%
469,UAV 8,Control Center,LOW_BATTERY,Battery level: 21.2%
469,UAV 9,Control Center,LOW_BATTERY,Battery level: 22.7%
469,UAV 10,Control Center,LOW_BATTERY,Battery level: 26.5%
470,UAV 2,Control Center,LOW_BATTERY,Battery level: 25.2%
470,UAV 4,Control Center,LOW_BATTERY,Battery level: 25.8%
470,UAV 7,Control Center,LOW_BATTERY,Battery level: 23.2%
470,UAV 8,Control Center,LOW_BATTERY,Battery level: 21.2%
470,UAV 9,Control Center,LOW_BATTERY,Battery level: 22.7%
470,UAV 10,Control Center,LOW_BATTERY,Battery level: 26.5%
471,UAV 2,Control Center,LOW_BATTERY,Battery level: 25.2%
471,UAV 4,Control Center,LOW_BATTERY,Battery level: 25.8%
471,UAV 7,Control Center,LOW_BATTERY,Battery level: 23.2%
471,UAV 8,Control Center,LOW_BATTERY,Battery level: 21.2%
471,UAV 9,Control Center,LOW_BATTERY,Battery level: 22.7%
471,UAV 10,Control Center,LOW_BATTERY,Battery level: 26.5%
472,UAV 2,Control Center,LOW_BATTERY,Battery level: 25.2%
472,UAV 4,Control Center,LOW_BATTERY,Battery level: 25.8%
472,UAV 7,Control Center,LOW_BATTERY,Battery level: 23.2%
472,UAV 8,Control Center,LOW_BATTERY,Battery level: 21.2%
472,UAV 9,Control Center,LOW_BATTERY,Battery level: 22.7%
472,UAV 10,Control Center,LOW_BATTERY,Battery level: 26.5%
473,UAV 2,Control Center,LOW_BATTERY,Battery level: 25.2%
473,UAV 4,Control Center,LOW_BATTERY,Battery level: 25.8%
473,UAV 7,Control Center,LOW_BATTERY,Battery level: 23.2%
473,UAV 8,Control Center,LOW_BATTERY,Battery level: 21.2%
473,UAV 9,Control Center,LOW_BATTERY,Battery level: 22.7%
473,UAV 10,Control Center,LOW_BATTERY,Battery level: 26.5%
474,UAV 2,Control Center,LOW_BATTERY,Battery level: 25.2%
474,UAV 4,Control Center,LOW_BATTERY,Battery level: 25.8%
474,UAV 7,Control Center,LOW_BATTERY,Battery level: 23.2%
474,UAV 8,Control Center,LOW_BATTERY,Battery level: 21.2%
474,UAV 9,Control Center,LOW_BATTERY,Battery level: 22.7%
474,UAV 10,Control Center,LOW_BATTERY,Battery level: 26.5%
475,UAV 2,Control Center,LOW_BATTERY,Battery level: 25.2%
475,UAV 4,Control Center,LOW_BATTERY,Battery level: 25.8%
475,UAV 7,Control Center,LOW_BATTERY,Battery level: 23.2%
475,UAV 8,Control Center,LOW_BATTERY,Battery level: 21.2%
475,UAV 9,Control Center,LOW_BATTERY,Battery level: 22.7%
475,UAV 10,Control Center,LOW_BATTERY,Battery level: 26.5%
476,UAV 2,Control Center,LOW_BATTERY,Battery level: 25.2%
476,UAV 4,Control Center,LOW_BATTERY,Battery level: 25.8%
476,UAV 7,Control Center,LOW_BATTERY,Battery level: 23.2%
476,UAV 8,Control Center,LOW_BATTERY,Battery level: 21.2%
476,UAV 9,Control Center,LOW_BATTERY,Battery level: 22.7%
476,UAV 10,Control Center,LOW_BATTERY,Battery level: 26.5%
477,UAV 2,Control Center,LOW_BATTERY,Battery level: 25.2%
477,UAV 4,Control Center,LOW_BATTERY,Battery level: 25.8%
477,UAV 7,Control Center,LOW_BATTERY,Battery level: 23.2%
477,UAV 8,Control Center,LOW_BATTERY,Battery level: 21.2%
477,UAV 9,Control Center,LOW_BATTERY,Battery level: 22.7%
477,UAV 10,Control Center,LOW_BATTERY,Battery level: 26.5%
478,UAV 2,Control Center,LOW_BATTERY,Battery level: 25.2%
478,UAV 4,Control Center,LOW_BATTERY,Battery level: 25.8%
478,UAV 7,Control Center,LOW_BATTERY,Battery level: 23.2%
478,UAV 8,Control Center,LOW_BATTERY,Battery level: 21.2%
478,UAV 9,Control Center,LOW_BATTERY,Battery level: 22.7%
478,UAV 10,Control Center,LOW_BATTERY,Battery level: 26.5%
479,UAV 2,Control Center,LOW_BATTERY,Battery level: 25.2%
479,UAV 4,Control Center,LOW_BATTERY,Battery level: 25.8%
479,UAV 7,Control Center,LOW_BATTERY,Battery level: 23.2%
479,UAV 8,Control Center,LOW_BATTERY,Battery level: 21.2%
479,UAV 9,Control Center,LOW_BATTERY,Battery level: 22.7%
479,UAV 10,Control Center,LOW_BATTERY,Battery level: 26.5%
480,UAV 2,Control Center,LOW_BATTERY,Battery level: 25.2%
480,UAV 4,Control Center,LOW_BATTERY,Battery level: 25.8%
480,UAV 7,Control Center,LOW_BATTERY,Battery level: 23.2%
480,UAV 8,Control Center,LOW_BATTERY,Battery level: 21.2%
480,UAV 9,Control Center,LOW_BATTERY,Battery level: 22.7%
480,UAV 10,Control Center,LOW_BATTERY,Battery level: 26.5%
481,UAV 2,Control Center,LOW_BATTERY,Battery level: 25.2%
481,UAV 4,Control Center,LOW_BATTERY,Battery level: 25.8%
481,UAV 7,Control Center,LOW_BATTERY,Battery level: 23.2%
481,UAV 8,Control Center,LOW_BATTERY,Battery level: 21.2%
481,UAV 9,Control Center,LOW_BATTERY,Battery level: 22.7%
481,UAV 10,Control Center,LOW_BATTERY,Battery level: 26.5%
482,UAV 2,Control Center,LOW_BATTERY,Battery level: 25.2%
482,UAV 4,Control Center,LOW_BATTERY,Battery level: 25.8%
482,UAV 7,Control Center,LOW_BATTERY,Battery level: 23.2%
482,UAV 8,Control Center,LOW_BATTERY,Battery level: 21.2%
482,UAV 9,Control Center,LOW_BATTERY,Battery level: 22.7%
482,UAV 10,Control Center,LOW_BATTERY,Battery level: 26.5%
483,UAV 2,Control Center,LOW_BATTERY,Battery level: 25.2%
483,UAV 4,Control Center,LOW_BATTERY,Battery level: 25.8%
483,UAV 7,Control Center,LOW_BATTERY,Battery level: 23.2%
483,UAV 8,Control Center,LOW_BATTERY,Battery level: 21.2%
483,UAV 9,Control Center,LOW_BATTERY,Battery level: 22.7%
483,UAV 10,Control Center,LOW_BATTERY,Battery level: 26.5%
484,UAV 2,Control Center,LOW_BATTERY,Battery level: 25.2%
484,UAV 4,Control Center,LOW_BATTERY,Battery level: 25.8%
484,UAV 7,Control Center,LOW_BATTERY,Battery level: 23.2%
484,UAV 8,Control Center,LOW_BATTERY,Battery level: 21.2%
484,UAV 9,Control Center,LOW_BATTERY,Battery level: 22.7%
484,UAV 10,Control Center,LOW_BATTERY,Battery level: 26.5%
485,UAV 2,Control Center,LOW_BATTERY,Battery level: 25.2%
485,UAV 4,Control Center,LOW_BATTERY,Battery level: 25.8%
485,UAV 7,Control Center,LOW_BATTERY,Battery level: 23.2%
485,UAV 8,Control Center,LOW_BATTERY,Battery level: 21.2%
485,UAV 9,Control Center,LOW_BATTERY,Battery level: 22.7%
485,UAV 10,Control Center,LOW_BATTERY,Battery level: 26.5%
486,UAV 2,Control Center,LOW_BATTERY,Battery level: 25.2%
486,UAV 4,Control Center,LOW_BATTERY,Battery level: 25.8%
486,UAV 7,Control Center,LOW_BATTERY,Battery level: 23.2%
486,UAV 8,Control Center,LOW_BATTERY,Battery level: 21.2%
486,UAV 9,Control Center,LOW_BATTERY,Battery level: 22.7%
486,UAV 10,Control Center,LOW_BATTERY,Battery level: 26.5%
487,UAV 2,Control Center,LOW_BATTERY,Battery level: 25.2%
487,UAV 4,Control Center,LOW_BATTERY,Battery level: 25.8%
487,UAV 7,Control Center,LOW_BATTERY,Battery level: 23.2%
487,UAV 8,Control Center,LOW_BATTERY,Battery level: 21.2%
487,UAV 9,Control Center,LOW_BATTERY,Battery level: 22.7%
487,UAV 10,Control Center,LOW_BATTERY,Battery level: 26.5%
488,UAV 2,Control Center,LOW_BATTERY,Battery level: 25.2%
488,UAV 4,Control Center,LOW_BATTERY,Battery level: 25.8%
488,UAV 7,Control Center,LOW_BATTERY,Battery level: 23.2%
488,UAV 8,Control Center,LOW_BATTERY,Battery level: 21.2%
488,UAV 9,Control Center,LOW_BATTERY,Battery level: 22.7%
488,UAV 10,Control Center,LOW_BATTERY,Battery level: 26.5%
489,UAV 2,Control Center,LOW_BATTERY,Battery level: 25.2%
489,UAV 4,Control Center,LOW_BATTERY,Battery level: 25.8%
489,UAV 7,Control Center,LOW_BATTERY,Battery level: 23.2%
489,UAV 8,Control Center,LOW_BATTERY,Battery level: 21.2%
489,UAV 9,Control Center,LOW_BATTERY,Battery level: 22.7%
489,UAV 10,Control Center,LOW_BATTERY,Battery level: 26.5%
490,UAV 2,Control Center,LOW_BATTERY,Battery level: 25.2%
490,UAV 4,Control Center,LOW_BATTERY,Battery level: 25.8%
490,UAV 7,Control Center,LOW_BATTERY,Battery level: 23.2%
490,UAV 8,Control Center,LOW_BATTERY,Battery level: 21.2%
490,UAV 9,Control Center,LOW_BATTERY,Battery level: 22.7%
490,UAV 10,Control Center,LOW_BATTERY,Battery level: 26.5%
491,UAV 2,Control Center,LOW_BATTERY,Battery level: 25.2%
491,UAV 4,Control Center,LOW_BATTERY,Battery level: 25.8%
491,UAV 7,Control Center,LOW_BATTERY,Battery level: 23.2%
491,UAV 8,Control Center,LOW_BATTERY,Battery level: 21.2%
491,UAV 9,Control Center,LOW_BATTERY,Battery level: 22.7%
491,UAV 10,Control Center,LOW_BATTERY,Battery level: 26.5%
492,UAV 2,Control Center,LOW_BATTERY,Battery level: 25.2%
492,UAV 4,Control Center,LOW_BATTERY,Battery level: 25.8%
492,UAV 7,Control Center,LOW_BATTERY,Battery level: 23.2%
492,UAV 8,Control Center,LOW_BATTERY,Battery level: 21.2%
492,UAV 9,Control Center,LOW_BATTERY,Battery level: 22.7%
492,UAV 10,Control Center,LOW_BATTERY,Battery level: 26.5%
493,UAV 2,Control Center,LOW_BATTERY,Battery level: 25.2%
493,UAV 4,Control Center,LOW_BATTERY,Battery level: 25.8%
493,UAV 7,Control Center,LOW_BATTERY,Battery level: 23.2%
493,UAV 8,Control Center,LOW_BATTERY,Battery level: 21.2%
493,UAV 9,Control Center,LOW_BATTERY,Battery level: 22.7%
493,UAV 10,Control Center,LOW_BATTERY,Battery level: 26.5%
494,UAV 2,Control Center,LOW_BATTERY,Battery level: 25.2%
494,UAV 4,Control Center,LOW_BATTERY,Battery level: 25.8%
494,UAV 7,Control Center,LOW_BATTERY,Battery level: 23.2%
494,UAV 8,Control Center,LOW_BATTERY,Battery level: 21.2%
494,UAV 9,Control Center,LOW_BATTERY,Battery level: 22.7%
494,UAV 10,Control Center,LOW_BATTERY,Battery level: 26.5%
495,UAV 2,Control Center,LOW_BATTERY,Battery level: 25.2%
495,UAV 4,Control Center,LOW_BATTERY,Battery level: 25.8%
495,UAV 7,Control Center,LOW_BATTERY,Battery level: 23.2%
495,UAV 8,Control Center,LOW_BATTERY,Battery level: 21.2%
495,UAV 9,Control Center,LOW_BATTERY,Battery level: 22.7%
495,UAV 10,Control Center,LOW_BATTERY,Battery level: 26.5%
496,UAV 2,Control Center,LOW_BATTERY,Battery level: 25.2%
496,UAV 4,Control Center,LOW_BATTERY,Battery level: 25.8%
496,UAV 7,Control Center,LOW_BATTERY,Battery level: 23.2%
496,UAV 8,Control Center,LOW_BATTERY,Battery level: 21.2%
496,UAV 9,Control Center,LOW_BATTERY,Battery level: 22.7%
496,UAV 10,Control Center,LOW_BATTERY,Battery level: 26.5%
497,UAV 2,Control Center,LOW_BATTERY,Battery level: 25.2%
497,UAV 4,Control Center,LOW_BATTERY,Battery level: 25.8%
497,UAV 7,Control Center,LOW_BATTERY,Battery level: 23.2%
497,UAV 8,Control Center,LOW_BATTERY,Battery level: 21.2%
497,UAV 9,Control Center,LOW_BATTERY,Battery level: 22.7%
497,UAV 10,Control Center,LOW_BATTERY,Battery level: 26.5%
498,UAV 2,Control Center,LOW_BATTERY,Battery level: 25.2%
498,UAV 4,Control Center,LOW_BATTERY,Battery level: 25.8%
498,UAV 7,Control Center,LOW_BATTERY,Battery level: 23.2%
498,UAV 8,Control Center,LOW_BATTERY,Battery level: 21.2%
498,UAV 9,Control Center,LOW_BATTERY,Battery level: 22.7%
498,UAV 10,Control Center,LOW_BATTERY,Battery level: 26.5%
499,UAV 2,Control Center,LOW_BATTERY,Battery level: 25.2%
499,UAV 4,Control Center,LOW_BATTERY,Battery level: 25.8%
499,UAV 7,Control Center,LOW_BATTERY,Battery level: 23.2%
499,UAV 8,Control Center,LOW_BATTERY,Battery level: 21.2%
499,UAV 9,Control Center,LOW_BATTERY,Battery level: 22.7%
499,UAV 10,Control Center,LOW_BATTERY,Battery level: 26.5%
