timestamp,sender,receiver,message_type,content
0,Control Center,UAV 4,TASK_ASSIGNMENT,Assign task 46
0,Control Center,UAV 10,TASK_ASSIGNMENT,Assign task 47
0,Control Center,UAV 1,TASK_ASSIGNMENT,Assign task 40
0,Control Center,UAV 5,TASK_ASSIGNMENT,Assign task 6
0,Control Center,UAV 2,TASK_ASSIGNMENT,Assign task 42
0,Control Center,UAV 6,TASK_ASSIGNMENT,Assign task 38
0,Control Center,UAV 7,TASK_ASSIGNMENT,Assign task 36
0,Control Center,UAV 3,TASK_ASSIGNMENT,Assign task 24
0,Control Center,UAV 8,TASK_ASSIGNMENT,Assign task 10
0,Control Center,UAV 9,TASK_ASSIGNMENT,Assign task 17
0,UAV 5,Control Center,TASK_START,Start task 6
0,UAV 8,Control Center,TASK_START,Start task 10
0,UAV 9,Control Center,TASK_START,Start task 17
0,UAV 3,Control Center,TASK_START,Start task 24
0,UAV 7,Control Center,TASK_START,Start task 36
0,UAV 6,Control Center,TASK_START,Start task 38
0,UAV 1,Control Center,TASK_START,Start task 40
0,UAV 2,Control Center,TASK_START,Start task 42
0,UAV 4,Control Center,TASK_START,Start task 46
0,UAV 10,Control Center,TASK_START,Start task 47
1,UAV 1,Control Center,TASK_COMPLETE,Complete task 40
1,UAV 2,Control Center,TASK_COMPLETE,Complete task 42
1,UAV 3,Control Center,TASK_COMPLETE,Complete task 24
1,UAV 4,Control Center,TASK_COMPLETE,Complete task 46
1,UAV 5,Control Center,TASK_COMPLETE,Complete task 6
1,UAV 6,Control Center,TASK_COMPLETE,Complete task 38
1,UAV 7,Control Center,TASK_COMPLETE,Complete task 36
1,UAV 8,Control Center,TASK_COMPLETE,Complete task 10
1,UAV 9,Control Center,TASK_COMPLETE,Complete task 17
1,UAV 10,Control Center,TASK_COMPLETE,Complete task 47
2,Control Center,UAV 5,TASK_ASSIGNMENT,Assign task 8
2,Control Center,UAV 1,TASK_ASSIGNMENT,Assign task 9
2,Control Center,UAV 9,TASK_ASSIGNMENT,Assign task 35
2,Control Center,UAV 2,TASK_ASSIGNMENT,Assign task 1
2,Control Center,UAV 4,TASK_ASSIGNMENT,Assign task 48
2,Control Center,UAV 10,TASK_ASSIGNMENT,Assign task 27
2,Control Center,UAV 7,TASK_ASSIGNMENT,Assign task 19
2,Control Center,UAV 6,TASK_ASSIGNMENT,Assign task 41
2,Control Center,UAV 3,TASK_ASSIGNMENT,Assign task 4
2,Control Center,UAV 8,TASK_ASSIGNMENT,Assign task 16
2,UAV 2,Control Center,TASK_START,Start task 1
2,UAV 3,Control Center,TASK_START,Start task 4
2,UAV 5,Control Center,TASK_START,Start task 8
2,UAV 1,Control Center,TASK_START,Start task 9
2,UAV 8,Control Center,TASK_START,Start task 16
2,UAV 7,Control Center,TASK_START,Start task 19
2,UAV 10,Control Center,TASK_START,Start task 27
2,UAV 9,Control Center,TASK_START,Start task 35
2,UAV 6,Control Center,TASK_START,Start task 41
2,UAV 4,Control Center,TASK_START,Start task 48
2,UAV 8,Control Center,LOW_BATTERY,Battery level: 26.6%
3,UAV 1,Control Center,TASK_COMPLETE,Complete task 9
3,UAV 2,Control Center,TASK_COMPLETE,Complete task 1
3,UAV 2,Control Center,LOW_BATTERY,Battery level: 28.3%
3,UAV 3,Control Center,TASK_COMPLETE,Complete task 4
3,UAV 3,Control Center,CHARGING_REQUEST,"Request charging, battery: 12.3%"
3,Control Center,AGV 4,CHARGING_COMMAND,Charge UAV 3
3,AGV 4,UAV 3,CHARGING_START,Start charging
3,UAV 4,Control Center,TASK_COMPLETE,Complete task 48
3,UAV 4,Control Center,LOW_BATTERY,Battery level: 25.0%
3,UAV 5,Control Center,TASK_COMPLETE,Complete task 8
3,UAV 5,Control Center,LOW_BATTERY,Battery level: 20.7%
3,UAV 6,Control Center,TASK_COMPLETE,Complete task 41
3,UAV 6,Control Center,CHARGING_REQUEST,"Request charging, battery: 14.5%"
3,Control Center,AGV 1,CHARGING_COMMAND,Charge UAV 6
3,AGV 1,UAV 6,CHARGING_START,Start charging
3,UAV 7,Control Center,TASK_COMPLETE,Complete task 19
3,UAV 7,Control Center,LOW_BATTERY,Battery level: 23.5%
3,UAV 8,Control Center,TASK_COMPLETE,Complete task 16
3,UAV 8,Control Center,CHARGING_REQUEST,"Request charging, battery: 7.8%"
3,Control Center,AGV 4,CHARGING_COMMAND,Charge UAV 8
3,AGV 4,UAV 8,CHARGING_START,Start charging
3,UAV 9,Control Center,TASK_COMPLETE,Complete task 35
3,UAV 9,Control Center,LOW_BATTERY,Battery level: 28.5%
3,UAV 10,Control Center,TASK_COMPLETE,Complete task 27
3,UAV 10,Control Center,CHARGING_REQUEST,"Request charging, battery: 19.5%"
3,Control Center,AGV 3,CHARGING_COMMAND,Charge UAV 10
3,AGV 3,UAV 10,CHARGING_START,Start charging
4,UAV 2,Control Center,LOW_BATTERY,Battery level: 28.3%
4,UAV 4,Control Center,LOW_BATTERY,Battery level: 25.0%
4,UAV 5,Control Center,LOW_BATTERY,Battery level: 20.7%
4,UAV 7,Control Center,LOW_BATTERY,Battery level: 23.5%
4,UAV 9,Control Center,LOW_BATTERY,Battery level: 28.5%
5,UAV 2,Control Center,LOW_BATTERY,Battery level: 28.3%
5,UAV 4,Control Center,LOW_BATTERY,Battery level: 25.0%
5,UAV 5,Control Center,LOW_BATTERY,Battery level: 20.7%
5,UAV 7,Control Center,LOW_BATTERY,Battery level: 23.5%
5,UAV 9,Control Center,LOW_BATTERY,Battery level: 28.5%
6,UAV 2,Control Center,LOW_BATTERY,Battery level: 28.3%
6,UAV 4,Control Center,LOW_BATTERY,Battery level: 25.0%
6,UAV 5,Control Center,LOW_BATTERY,Battery level: 20.7%
6,UAV 7,Control Center,LOW_BATTERY,Battery level: 23.5%
6,UAV 9,Control Center,LOW_BATTERY,Battery level: 28.5%
7,UAV 2,Control Center,LOW_BATTERY,Battery level: 28.3%
7,UAV 4,Control Center,LOW_BATTERY,Battery level: 25.0%
7,UAV 5,Control Center,LOW_BATTERY,Battery level: 20.7%
7,UAV 7,Control Center,LOW_BATTERY,Battery level: 23.5%
7,UAV 9,Control Center,LOW_BATTERY,Battery level: 28.5%
8,UAV 2,Control Center,LOW_BATTERY,Battery level: 28.3%
8,UAV 4,Control Center,LOW_BATTERY,Battery level: 25.0%
8,UAV 5,Control Center,LOW_BATTERY,Battery level: 20.7%
8,UAV 7,Control Center,LOW_BATTERY,Battery level: 23.5%
8,UAV 9,Control Center,LOW_BATTERY,Battery level: 28.5%
9,UAV 2,Control Center,LOW_BATTERY,Battery level: 28.3%
9,UAV 4,Control Center,LOW_BATTERY,Battery level: 25.0%
9,UAV 5,Control Center,LOW_BATTERY,Battery level: 20.7%
9,UAV 7,Control Center,LOW_BATTERY,Battery level: 23.5%
9,UAV 9,Control Center,LOW_BATTERY,Battery level: 28.5%
10,Control Center,UAV 10,TASK_ASSIGNMENT,Assign task 50
10,UAV 10,Control Center,TASK_START,Start task 50
10,UAV 2,Control Center,LOW_BATTERY,Battery level: 28.3%
10,UAV 4,Control Center,LOW_BATTERY,Battery level: 25.0%
10,UAV 5,Control Center,LOW_BATTERY,Battery level: 20.7%
10,UAV 7,Control Center,LOW_BATTERY,Battery level: 23.5%
10,UAV 9,Control Center,LOW_BATTERY,Battery level: 28.5%
11,Control Center,UAV 6,TASK_ASSIGNMENT,Assign task 14
11,UAV 6,Control Center,TASK_START,Start task 14
11,UAV 2,Control Center,LOW_BATTERY,Battery level: 28.3%
11,UAV 4,Control Center,LOW_BATTERY,Battery level: 25.0%
11,UAV 5,Control Center,LOW_BATTERY,Battery level: 20.7%
11,UAV 7,Control Center,LOW_BATTERY,Battery level: 23.5%
11,UAV 9,Control Center,LOW_BATTERY,Battery level: 28.5%
12,Control Center,UAV 3,TASK_ASSIGNMENT,Assign task 15
12,UAV 3,Control Center,TASK_START,Start task 15
12,UAV 2,Control Center,LOW_BATTERY,Battery level: 28.3%
12,UAV 4,Control Center,LOW_BATTERY,Battery level: 25.0%
12,UAV 5,Control Center,LOW_BATTERY,Battery level: 20.7%
12,UAV 7,Control Center,LOW_BATTERY,Battery level: 23.5%
12,UAV 9,Control Center,LOW_BATTERY,Battery level: 28.5%
13,Control Center,UAV 8,TASK_ASSIGNMENT,Assign task 12
13,UAV 8,Control Center,TASK_START,Start task 12
13,UAV 2,Control Center,LOW_BATTERY,Battery level: 28.3%
13,UAV 4,Control Center,LOW_BATTERY,Battery level: 25.0%
13,UAV 5,Control Center,LOW_BATTERY,Battery level: 20.7%
13,UAV 7,Control Center,LOW_BATTERY,Battery level: 23.5%
13,UAV 9,Control Center,LOW_BATTERY,Battery level: 28.5%
14,UAV 2,Control Center,LOW_BATTERY,Battery level: 28.3%
14,UAV 4,Control Center,LOW_BATTERY,Battery level: 25.0%
14,UAV 5,Control Center,LOW_BATTERY,Battery level: 20.7%
14,UAV 7,Control Center,LOW_BATTERY,Battery level: 23.5%
14,UAV 9,Control Center,LOW_BATTERY,Battery level: 28.5%
15,UAV 2,Control Center,LOW_BATTERY,Battery level: 28.3%
15,UAV 4,Control Center,LOW_BATTERY,Battery level: 25.0%
15,UAV 5,Control Center,LOW_BATTERY,Battery level: 20.7%
15,UAV 7,Control Center,LOW_BATTERY,Battery level: 23.5%
15,UAV 9,Control Center,LOW_BATTERY,Battery level: 28.5%
16,UAV 2,Control Center,LOW_BATTERY,Battery level: 28.3%
16,UAV 4,Control Center,LOW_BATTERY,Battery level: 25.0%
16,UAV 5,Control Center,LOW_BATTERY,Battery level: 20.7%
16,UAV 7,Control Center,LOW_BATTERY,Battery level: 23.5%
16,UAV 9,Control Center,LOW_BATTERY,Battery level: 28.5%
17,UAV 2,Control Center,LOW_BATTERY,Battery level: 28.3%
17,UAV 4,Control Center,LOW_BATTERY,Battery level: 25.0%
17,UAV 5,Control Center,LOW_BATTERY,Battery level: 20.7%
17,UAV 7,Control Center,LOW_BATTERY,Battery level: 23.5%
17,UAV 9,Control Center,LOW_BATTERY,Battery level: 28.5%
17,UAV 10,Control Center,TASK_COMPLETE,Complete task 50
18,UAV 2,Control Center,LOW_BATTERY,Battery level: 28.3%
18,UAV 3,Control Center,TASK_COMPLETE,Complete task 15
18,UAV 4,Control Center,LOW_BATTERY,Battery level: 25.0%
18,UAV 5,Control Center,LOW_BATTERY,Battery level: 20.7%
18,UAV 6,Control Center,TASK_COMPLETE,Complete task 14
18,UAV 7,Control Center,LOW_BATTERY,Battery level: 23.5%
18,UAV 9,Control Center,LOW_BATTERY,Battery level: 28.5%
19,UAV 2,Control Center,LOW_BATTERY,Battery level: 28.3%
19,UAV 4,Control Center,LOW_BATTERY,Battery level: 25.0%
19,UAV 5,Control Center,LOW_BATTERY,Battery level: 20.7%
19,UAV 7,Control Center,LOW_BATTERY,Battery level: 23.5%
19,UAV 8,Control Center,TASK_COMPLETE,Complete task 12
19,UAV 9,Control Center,LOW_BATTERY,Battery level: 28.5%
20,UAV 2,Control Center,LOW_BATTERY,Battery level: 28.3%
20,UAV 4,Control Center,LOW_BATTERY,Battery level: 25.0%
20,UAV 5,Control Center,LOW_BATTERY,Battery level: 20.7%
20,UAV 7,Control Center,LOW_BATTERY,Battery level: 23.5%
20,UAV 9,Control Center,LOW_BATTERY,Battery level: 28.5%
21,UAV 2,Control Center,LOW_BATTERY,Battery level: 28.3%
21,UAV 4,Control Center,LOW_BATTERY,Battery level: 25.0%
21,UAV 5,Control Center,LOW_BATTERY,Battery level: 20.7%
21,UAV 7,Control Center,LOW_BATTERY,Battery level: 23.5%
21,UAV 9,Control Center,LOW_BATTERY,Battery level: 28.5%
22,UAV 2,Control Center,LOW_BATTERY,Battery level: 28.3%
22,UAV 4,Control Center,LOW_BATTERY,Battery level: 25.0%
22,UAV 5,Control Center,LOW_BATTERY,Battery level: 20.7%
22,UAV 7,Control Center,LOW_BATTERY,Battery level: 23.5%
22,UAV 9,Control Center,LOW_BATTERY,Battery level: 28.5%
23,UAV 2,Control Center,LOW_BATTERY,Battery level: 28.3%
23,UAV 4,Control Center,LOW_BATTERY,Battery level: 25.0%
23,UAV 5,Control Center,LOW_BATTERY,Battery level: 20.7%
23,UAV 7,Control Center,LOW_BATTERY,Battery level: 23.5%
23,UAV 9,Control Center,LOW_BATTERY,Battery level: 28.5%
24,UAV 2,Control Center,LOW_BATTERY,Battery level: 28.3%
24,UAV 4,Control Center,LOW_BATTERY,Battery level: 25.0%
24,UAV 5,Control Center,LOW_BATTERY,Battery level: 20.7%
24,UAV 7,Control Center,LOW_BATTERY,Battery level: 23.5%
24,UAV 9,Control Center,LOW_BATTERY,Battery level: 28.5%
25,UAV 2,Control Center,LOW_BATTERY,Battery level: 28.3%
25,UAV 4,Control Center,LOW_BATTERY,Battery level: 25.0%
25,UAV 5,Control Center,LOW_BATTERY,Battery level: 20.7%
25,UAV 7,Control Center,LOW_BATTERY,Battery level: 23.5%
25,UAV 9,Control Center,LOW_BATTERY,Battery level: 28.5%
26,UAV 2,Control Center,LOW_BATTERY,Battery level: 28.3%
26,UAV 4,Control Center,LOW_BATTERY,Battery level: 25.0%
26,UAV 5,Control Center,LOW_BATTERY,Battery level: 20.7%
26,UAV 7,Control Center,LOW_BATTERY,Battery level: 23.5%
26,UAV 9,Control Center,LOW_BATTERY,Battery level: 28.5%
27,UAV 2,Control Center,LOW_BATTERY,Battery level: 28.3%
27,UAV 4,Control Center,LOW_BATTERY,Battery level: 25.0%
27,UAV 5,Control Center,LOW_BATTERY,Battery level: 20.7%
27,UAV 7,Control Center,LOW_BATTERY,Battery level: 23.5%
27,UAV 9,Control Center,LOW_BATTERY,Battery level: 28.5%
28,UAV 2,Control Center,LOW_BATTERY,Battery level: 28.3%
28,UAV 4,Control Center,LOW_BATTERY,Battery level: 25.0%
28,UAV 5,Control Center,LOW_BATTERY,Battery level: 20.7%
28,UAV 7,Control Center,LOW_BATTERY,Battery level: 23.5%
28,UAV 9,Control Center,LOW_BATTERY,Battery level: 28.5%
29,UAV 2,Control Center,LOW_BATTERY,Battery level: 28.3%
29,UAV 4,Control Center,LOW_BATTERY,Battery level: 25.0%
29,UAV 5,Control Center,LOW_BATTERY,Battery level: 20.7%
29,UAV 7,Control Center,LOW_BATTERY,Battery level: 23.5%
29,UAV 9,Control Center,LOW_BATTERY,Battery level: 28.5%
30,UAV 2,Control Center,LOW_BATTERY,Battery level: 28.3%
30,UAV 4,Control Center,LOW_BATTERY,Battery level: 25.0%
30,UAV 5,Control Center,LOW_BATTERY,Battery level: 20.7%
30,UAV 7,Control Center,LOW_BATTERY,Battery level: 23.5%
30,UAV 9,Control Center,LOW_BATTERY,Battery level: 28.5%
31,UAV 2,Control Center,LOW_BATTERY,Battery level: 28.3%
31,UAV 4,Control Center,LOW_BATTERY,Battery level: 25.0%
31,UAV 5,Control Center,LOW_BATTERY,Battery level: 20.7%
31,UAV 7,Control Center,LOW_BATTERY,Battery level: 23.5%
31,UAV 9,Control Center,LOW_BATTERY,Battery level: 28.5%
32,UAV 2,Control Center,LOW_BATTERY,Battery level: 28.3%
32,UAV 4,Control Center,LOW_BATTERY,Battery level: 25.0%
32,UAV 5,Control Center,LOW_BATTERY,Battery level: 20.7%
32,UAV 7,Control Center,LOW_BATTERY,Battery level: 23.5%
32,UAV 9,Control Center,LOW_BATTERY,Battery level: 28.5%
33,UAV 2,Control Center,LOW_BATTERY,Battery level: 28.3%
33,UAV 4,Control Center,LOW_BATTERY,Battery level: 25.0%
33,UAV 5,Control Center,LOW_BATTERY,Battery level: 20.7%
33,UAV 7,Control Center,LOW_BATTERY,Battery level: 23.5%
33,UAV 9,Control Center,LOW_BATTERY,Battery level: 28.5%
34,UAV 2,Control Center,LOW_BATTERY,Battery level: 28.3%
34,UAV 4,Control Center,LOW_BATTERY,Battery level: 25.0%
34,UAV 5,Control Center,LOW_BATTERY,Battery level: 20.7%
34,UAV 7,Control Center,LOW_BATTERY,Battery level: 23.5%
34,UAV 9,Control Center,LOW_BATTERY,Battery level: 28.5%
35,UAV 2,Control Center,LOW_BATTERY,Battery level: 28.3%
35,UAV 4,Control Center,LOW_BATTERY,Battery level: 25.0%
35,UAV 5,Control Center,LOW_BATTERY,Battery level: 20.7%
35,UAV 7,Control Center,LOW_BATTERY,Battery level: 23.5%
35,UAV 9,Control Center,LOW_BATTERY,Battery level: 28.5%
36,UAV 2,Control Center,LOW_BATTERY,Battery level: 28.3%
36,UAV 4,Control Center,LOW_BATTERY,Battery level: 25.0%
36,UAV 5,Control Center,LOW_BATTERY,Battery level: 20.7%
36,UAV 7,Control Center,LOW_BATTERY,Battery level: 23.5%
36,UAV 9,Control Center,LOW_BATTERY,Battery level: 28.5%
37,UAV 2,Control Center,LOW_BATTERY,Battery level: 28.3%
37,UAV 4,Control Center,LOW_BATTERY,Battery level: 25.0%
37,UAV 5,Control Center,LOW_BATTERY,Battery level: 20.7%
37,UAV 7,Control Center,LOW_BATTERY,Battery level: 23.5%
37,UAV 9,Control Center,LOW_BATTERY,Battery level: 28.5%
38,UAV 2,Control Center,LOW_BATTERY,Battery level: 28.3%
38,UAV 4,Control Center,LOW_BATTERY,Battery level: 25.0%
38,UAV 5,Control Center,LOW_BATTERY,Battery level: 20.7%
38,UAV 7,Control Center,LOW_BATTERY,Battery level: 23.5%
38,UAV 9,Control Center,LOW_BATTERY,Battery level: 28.5%
39,UAV 2,Control Center,LOW_BATTERY,Battery level: 28.3%
39,UAV 4,Control Center,LOW_BATTERY,Battery level: 25.0%
39,UAV 5,Control Center,LOW_BATTERY,Battery level: 20.7%
39,UAV 7,Control Center,LOW_BATTERY,Battery level: 23.5%
39,UAV 9,Control Center,LOW_BATTERY,Battery level: 28.5%
40,UAV 2,Control Center,LOW_BATTERY,Battery level: 28.3%
40,UAV 4,Control Center,LOW_BATTERY,Battery level: 25.0%
40,UAV 5,Control Center,LOW_BATTERY,Battery level: 20.7%
40,UAV 7,Control Center,LOW_BATTERY,Battery level: 23.5%
40,UAV 9,Control Center,LOW_BATTERY,Battery level: 28.5%
41,UAV 2,Control Center,LOW_BATTERY,Battery level: 28.3%
41,UAV 4,Control Center,LOW_BATTERY,Battery level: 25.0%
41,UAV 5,Control Center,LOW_BATTERY,Battery level: 20.7%
41,UAV 7,Control Center,LOW_BATTERY,Battery level: 23.5%
41,UAV 9,Control Center,LOW_BATTERY,Battery level: 28.5%
42,UAV 2,Control Center,LOW_BATTERY,Battery level: 28.3%
42,UAV 4,Control Center,LOW_BATTERY,Battery level: 25.0%
42,UAV 5,Control Center,LOW_BATTERY,Battery level: 20.7%
42,UAV 7,Control Center,LOW_BATTERY,Battery level: 23.5%
42,UAV 9,Control Center,LOW_BATTERY,Battery level: 28.5%
43,UAV 2,Control Center,LOW_BATTERY,Battery level: 28.3%
43,UAV 4,Control Center,LOW_BATTERY,Battery level: 25.0%
43,UAV 5,Control Center,LOW_BATTERY,Battery level: 20.7%
43,UAV 7,Control Center,LOW_BATTERY,Battery level: 23.5%
43,UAV 9,Control Center,LOW_BATTERY,Battery level: 28.5%
44,UAV 2,Control Center,LOW_BATTERY,Battery level: 28.3%
44,UAV 4,Control Center,LOW_BATTERY,Battery level: 25.0%
44,UAV 5,Control Center,LOW_BATTERY,Battery level: 20.7%
44,UAV 7,Control Center,LOW_BATTERY,Battery level: 23.5%
44,UAV 9,Control Center,LOW_BATTERY,Battery level: 28.5%
45,UAV 2,Control Center,LOW_BATTERY,Battery level: 28.3%
45,UAV 4,Control Center,LOW_BATTERY,Battery level: 25.0%
45,UAV 5,Control Center,LOW_BATTERY,Battery level: 20.7%
45,UAV 7,Control Center,LOW_BATTERY,Battery level: 23.5%
45,UAV 9,Control Center,LOW_BATTERY,Battery level: 28.5%
46,UAV 2,Control Center,LOW_BATTERY,Battery level: 28.3%
46,UAV 4,Control Center,LOW_BATTERY,Battery level: 25.0%
46,UAV 5,Control Center,LOW_BATTERY,Battery level: 20.7%
46,UAV 7,Control Center,LOW_BATTERY,Battery level: 23.5%
46,UAV 9,Control Center,LOW_BATTERY,Battery level: 28.5%
47,UAV 2,Control Center,LOW_BATTERY,Battery level: 28.3%
47,UAV 4,Control Center,LOW_BATTERY,Battery level: 25.0%
47,UAV 5,Control Center,LOW_BATTERY,Battery level: 20.7%
47,UAV 7,Control Center,LOW_BATTERY,Battery level: 23.5%
47,UAV 9,Control Center,LOW_BATTERY,Battery level: 28.5%
48,UAV 2,Control Center,LOW_BATTERY,Battery level: 28.3%
48,UAV 4,Control Center,LOW_BATTERY,Battery level: 25.0%
48,UAV 5,Control Center,LOW_BATTERY,Battery level: 20.7%
48,UAV 7,Control Center,LOW_BATTERY,Battery level: 23.5%
48,UAV 9,Control Center,LOW_BATTERY,Battery level: 28.5%
49,UAV 2,Control Center,LOW_BATTERY,Battery level: 28.3%
49,UAV 4,Control Center,LOW_BATTERY,Battery level: 25.0%
49,UAV 5,Control Center,LOW_BATTERY,Battery level: 20.7%
49,UAV 7,Control Center,LOW_BATTERY,Battery level: 23.5%
49,UAV 9,Control Center,LOW_BATTERY,Battery level: 28.5%
50,UAV 2,Control Center,LOW_BATTERY,Battery level: 28.3%
50,UAV 4,Control Center,LOW_BATTERY,Battery level: 25.0%
50,UAV 5,Control Center,LOW_BATTERY,Battery level: 20.7%
50,UAV 7,Control Center,LOW_BATTERY,Battery level: 23.5%
50,UAV 9,Control Center,LOW_BATTERY,Battery level: 28.5%
51,UAV 2,Control Center,LOW_BATTERY,Battery level: 28.3%
51,UAV 4,Control Center,LOW_BATTERY,Battery level: 25.0%
51,UAV 5,Control Center,LOW_BATTERY,Battery level: 20.7%
51,UAV 7,Control Center,LOW_BATTERY,Battery level: 23.5%
51,UAV 9,Control Center,LOW_BATTERY,Battery level: 28.5%
52,UAV 2,Control Center,LOW_BATTERY,Battery level: 28.3%
52,UAV 4,Control Center,LOW_BATTERY,Battery level: 25.0%
52,UAV 5,Control Center,LOW_BATTERY,Battery level: 20.7%
52,UAV 7,Control Center,LOW_BATTERY,Battery level: 23.5%
52,UAV 9,Control Center,LOW_BATTERY,Battery level: 28.5%
53,UAV 2,Control Center,LOW_BATTERY,Battery level: 28.3%
53,UAV 4,Control Center,LOW_BATTERY,Battery level: 25.0%
53,UAV 5,Control Center,LOW_BATTERY,Battery level: 20.7%
53,UAV 7,Control Center,LOW_BATTERY,Battery level: 23.5%
53,UAV 9,Control Center,LOW_BATTERY,Battery level: 28.5%
54,UAV 2,Control Center,LOW_BATTERY,Battery level: 28.3%
54,UAV 4,Control Center,LOW_BATTERY,Battery level: 25.0%
54,UAV 5,Control Center,LOW_BATTERY,Battery level: 20.7%
54,UAV 7,Control Center,LOW_BATTERY,Battery level: 23.5%
54,UAV 9,Control Center,LOW_BATTERY,Battery level: 28.5%
55,UAV 2,Control Center,LOW_BATTERY,Battery level: 28.3%
55,UAV 4,Control Center,LOW_BATTERY,Battery level: 25.0%
55,UAV 5,Control Center,LOW_BATTERY,Battery level: 20.7%
55,UAV 7,Control Center,LOW_BATTERY,Battery level: 23.5%
55,UAV 9,Control Center,LOW_BATTERY,Battery level: 28.5%
56,UAV 2,Control Center,LOW_BATTERY,Battery level: 28.3%
56,UAV 4,Control Center,LOW_BATTERY,Battery level: 25.0%
56,UAV 5,Control Center,LOW_BATTERY,Battery level: 20.7%
56,UAV 7,Control Center,LOW_BATTERY,Battery level: 23.5%
56,UAV 9,Control Center,LOW_BATTERY,Battery level: 28.5%
57,UAV 2,Control Center,LOW_BATTERY,Battery level: 28.3%
57,UAV 4,Control Center,LOW_BATTERY,Battery level: 25.0%
57,UAV 5,Control Center,LOW_BATTERY,Battery level: 20.7%
57,UAV 7,Control Center,LOW_BATTERY,Battery level: 23.5%
57,UAV 9,Control Center,LOW_BATTERY,Battery level: 28.5%
58,UAV 2,Control Center,LOW_BATTERY,Battery level: 28.3%
58,UAV 4,Control Center,LOW_BATTERY,Battery level: 25.0%
58,UAV 5,Control Center,LOW_BATTERY,Battery level: 20.7%
58,UAV 7,Control Center,LOW_BATTERY,Battery level: 23.5%
58,UAV 9,Control Center,LOW_BATTERY,Battery level: 28.5%
59,UAV 2,Control Center,LOW_BATTERY,Battery level: 28.3%
59,UAV 4,Control Center,LOW_BATTERY,Battery level: 25.0%
59,UAV 5,Control Center,LOW_BATTERY,Battery level: 20.7%
59,UAV 7,Control Center,LOW_BATTERY,Battery level: 23.5%
59,UAV 9,Control Center,LOW_BATTERY,Battery level: 28.5%
60,UAV 2,Control Center,LOW_BATTERY,Battery level: 28.3%
60,UAV 4,Control Center,LOW_BATTERY,Battery level: 25.0%
60,UAV 5,Control Center,LOW_BATTERY,Battery level: 20.7%
60,UAV 7,Control Center,LOW_BATTERY,Battery level: 23.5%
60,UAV 9,Control Center,LOW_BATTERY,Battery level: 28.5%
61,UAV 2,Control Center,LOW_BATTERY,Battery level: 28.3%
61,UAV 4,Control Center,LOW_BATTERY,Battery level: 25.0%
61,UAV 5,Control Center,LOW_BATTERY,Battery level: 20.7%
61,UAV 7,Control Center,LOW_BATTERY,Battery level: 23.5%
61,UAV 9,Control Center,LOW_BATTERY,Battery level: 28.5%
62,UAV 2,Control Center,LOW_BATTERY,Battery level: 28.3%
62,UAV 4,Control Center,LOW_BATTERY,Battery level: 25.0%
62,UAV 5,Control Center,LOW_BATTERY,Battery level: 20.7%
62,UAV 7,Control Center,LOW_BATTERY,Battery level: 23.5%
62,UAV 9,Control Center,LOW_BATTERY,Battery level: 28.5%
63,UAV 2,Control Center,LOW_BATTERY,Battery level: 28.3%
63,UAV 4,Control Center,LOW_BATTERY,Battery level: 25.0%
63,UAV 5,Control Center,LOW_BATTERY,Battery level: 20.7%
63,UAV 7,Control Center,LOW_BATTERY,Battery level: 23.5%
63,UAV 9,Control Center,LOW_BATTERY,Battery level: 28.5%
64,UAV 2,Control Center,LOW_BATTERY,Battery level: 28.3%
64,UAV 4,Control Center,LOW_BATTERY,Battery level: 25.0%
64,UAV 5,Control Center,LOW_BATTERY,Battery level: 20.7%
64,UAV 7,Control Center,LOW_BATTERY,Battery level: 23.5%
64,UAV 9,Control Center,LOW_BATTERY,Battery level: 28.5%
65,UAV 2,Control Center,LOW_BATTERY,Battery level: 28.3%
65,UAV 4,Control Center,LOW_BATTERY,Battery level: 25.0%
65,UAV 5,Control Center,LOW_BATTERY,Battery level: 20.7%
65,UAV 7,Control Center,LOW_BATTERY,Battery level: 23.5%
65,UAV 9,Control Center,LOW_BATTERY,Battery level: 28.5%
66,UAV 2,Control Center,LOW_BATTERY,Battery level: 28.3%
66,UAV 4,Control Center,LOW_BATTERY,Battery level: 25.0%
66,UAV 5,Control Center,LOW_BATTERY,Battery level: 20.7%
66,UAV 7,Control Center,LOW_BATTERY,Battery level: 23.5%
66,UAV 9,Control Center,LOW_BATTERY,Battery level: 28.5%
67,UAV 2,Control Center,LOW_BATTERY,Battery level: 28.3%
67,UAV 4,Control Center,LOW_BATTERY,Battery level: 25.0%
67,UAV 5,Control Center,LOW_BATTERY,Battery level: 20.7%
67,UAV 7,Control Center,LOW_BATTERY,Battery level: 23.5%
67,UAV 9,Control Center,LOW_BATTERY,Battery level: 28.5%
68,UAV 2,Control Center,LOW_BATTERY,Battery level: 28.3%
68,UAV 4,Control Center,LOW_BATTERY,Battery level: 25.0%
68,UAV 5,Control Center,LOW_BATTERY,Battery level: 20.7%
68,UAV 7,Control Center,LOW_BATTERY,Battery level: 23.5%
68,UAV 9,Control Center,LOW_BATTERY,Battery level: 28.5%
69,UAV 2,Control Center,LOW_BATTERY,Battery level: 28.3%
69,UAV 4,Control Center,LOW_BATTERY,Battery level: 25.0%
69,UAV 5,Control Center,LOW_BATTERY,Battery level: 20.7%
69,UAV 7,Control Center,LOW_BATTERY,Battery level: 23.5%
69,UAV 9,Control Center,LOW_BATTERY,Battery level: 28.5%
70,UAV 2,Control Center,LOW_BATTERY,Battery level: 28.3%
70,UAV 4,Control Center,LOW_BATTERY,Battery level: 25.0%
70,UAV 5,Control Center,LOW_BATTERY,Battery level: 20.7%
70,UAV 7,Control Center,LOW_BATTERY,Battery level: 23.5%
70,UAV 9,Control Center,LOW_BATTERY,Battery level: 28.5%
71,UAV 2,Control Center,LOW_BATTERY,Battery level: 28.3%
71,UAV 4,Control Center,LOW_BATTERY,Battery level: 25.0%
71,UAV 5,Control Center,LOW_BATTERY,Battery level: 20.7%
71,UAV 7,Control Center,LOW_BATTERY,Battery level: 23.5%
71,UAV 9,Control Center,LOW_BATTERY,Battery level: 28.5%
72,UAV 2,Control Center,LOW_BATTERY,Battery level: 28.3%
72,UAV 4,Control Center,LOW_BATTERY,Battery level: 25.0%
72,UAV 5,Control Center,LOW_BATTERY,Battery level: 20.7%
72,UAV 7,Control Center,LOW_BATTERY,Battery level: 23.5%
72,UAV 9,Control Center,LOW_BATTERY,Battery level: 28.5%
73,UAV 2,Control Center,LOW_BATTERY,Battery level: 28.3%
73,UAV 4,Control Center,LOW_BATTERY,Battery level: 25.0%
73,UAV 5,Control Center,LOW_BATTERY,Battery level: 20.7%
73,UAV 7,Control Center,LOW_BATTERY,Battery level: 23.5%
73,UAV 9,Control Center,LOW_BATTERY,Battery level: 28.5%
74,UAV 2,Control Center,LOW_BATTERY,Battery level: 28.3%
74,UAV 4,Control Center,LOW_BATTERY,Battery level: 25.0%
74,UAV 5,Control Center,LOW_BATTERY,Battery level: 20.7%
74,UAV 7,Control Center,LOW_BATTERY,Battery level: 23.5%
74,UAV 9,Control Center,LOW_BATTERY,Battery level: 28.5%
75,UAV 2,Control Center,LOW_BATTERY,Battery level: 28.3%
75,UAV 4,Control Center,LOW_BATTERY,Battery level: 25.0%
75,UAV 5,Control Center,LOW_BATTERY,Battery level: 20.7%
75,UAV 7,Control Center,LOW_BATTERY,Battery level: 23.5%
75,UAV 9,Control Center,LOW_BATTERY,Battery level: 28.5%
76,UAV 2,Control Center,LOW_BATTERY,Battery level: 28.3%
76,UAV 4,Control Center,LOW_BATTERY,Battery level: 25.0%
76,UAV 5,Control Center,LOW_BATTERY,Battery level: 20.7%
76,UAV 7,Control Center,LOW_BATTERY,Battery level: 23.5%
76,UAV 9,Control Center,LOW_BATTERY,Battery level: 28.5%
77,UAV 2,Control Center,LOW_BATTERY,Battery level: 28.3%
77,UAV 4,Control Center,LOW_BATTERY,Battery level: 25.0%
77,UAV 5,Control Center,LOW_BATTERY,Battery level: 20.7%
77,UAV 7,Control Center,LOW_BATTERY,Battery level: 23.5%
77,UAV 9,Control Center,LOW_BATTERY,Battery level: 28.5%
78,UAV 2,Control Center,LOW_BATTERY,Battery level: 28.3%
78,UAV 4,Control Center,LOW_BATTERY,Battery level: 25.0%
78,UAV 5,Control Center,LOW_BATTERY,Battery level: 20.7%
78,UAV 7,Control Center,LOW_BATTERY,Battery level: 23.5%
78,UAV 9,Control Center,LOW_BATTERY,Battery level: 28.5%
79,UAV 2,Control Center,LOW_BATTERY,Battery level: 28.3%
79,UAV 4,Control Center,LOW_BATTERY,Battery level: 25.0%
79,UAV 5,Control Center,LOW_BATTERY,Battery level: 20.7%
79,UAV 7,Control Center,LOW_BATTERY,Battery level: 23.5%
79,UAV 9,Control Center,LOW_BATTERY,Battery level: 28.5%
80,UAV 2,Control Center,LOW_BATTERY,Battery level: 28.3%
80,UAV 4,Control Center,LOW_BATTERY,Battery level: 25.0%
80,UAV 5,Control Center,LOW_BATTERY,Battery level: 20.7%
80,UAV 7,Control Center,LOW_BATTERY,Battery level: 23.5%
80,UAV 9,Control Center,LOW_BATTERY,Battery level: 28.5%
81,UAV 2,Control Center,LOW_BATTERY,Battery level: 28.3%
81,UAV 4,Control Center,LOW_BATTERY,Battery level: 25.0%
81,UAV 5,Control Center,LOW_BATTERY,Battery level: 20.7%
81,UAV 7,Control Center,LOW_BATTERY,Battery level: 23.5%
81,UAV 9,Control Center,LOW_BATTERY,Battery level: 28.5%
82,UAV 2,Control Center,LOW_BATTERY,Battery level: 28.3%
82,UAV 4,Control Center,LOW_BATTERY,Battery level: 25.0%
82,UAV 5,Control Center,LOW_BATTERY,Battery level: 20.7%
82,UAV 7,Control Center,LOW_BATTERY,Battery level: 23.5%
82,UAV 9,Control Center,LOW_BATTERY,Battery level: 28.5%
83,UAV 2,Control Center,LOW_BATTERY,Battery level: 28.3%
83,UAV 4,Control Center,LOW_BATTERY,Battery level: 25.0%
83,UAV 5,Control Center,LOW_BATTERY,Battery level: 20.7%
83,UAV 7,Control Center,LOW_BATTERY,Battery level: 23.5%
83,UAV 9,Control Center,LOW_BATTERY,Battery level: 28.5%
84,UAV 2,Control Center,LOW_BATTERY,Battery level: 28.3%
84,UAV 4,Control Center,LOW_BATTERY,Battery level: 25.0%
84,UAV 5,Control Center,LOW_BATTERY,Battery level: 20.7%
84,UAV 7,Control Center,LOW_BATTERY,Battery level: 23.5%
84,UAV 9,Control Center,LOW_BATTERY,Battery level: 28.5%
85,UAV 2,Control Center,LOW_BATTERY,Battery level: 28.3%
85,UAV 4,Control Center,LOW_BATTERY,Battery level: 25.0%
85,UAV 5,Control Center,LOW_BATTERY,Battery level: 20.7%
85,UAV 7,Control Center,LOW_BATTERY,Battery level: 23.5%
85,UAV 9,Control Center,LOW_BATTERY,Battery level: 28.5%
86,UAV 2,Control Center,LOW_BATTERY,Battery level: 28.3%
86,UAV 4,Control Center,LOW_BATTERY,Battery level: 25.0%
86,UAV 5,Control Center,LOW_BATTERY,Battery level: 20.7%
86,UAV 7,Control Center,LOW_BATTERY,Battery level: 23.5%
86,UAV 9,Control Center,LOW_BATTERY,Battery level: 28.5%
87,UAV 2,Control Center,LOW_BATTERY,Battery level: 28.3%
87,UAV 4,Control Center,LOW_BATTERY,Battery level: 25.0%
87,UAV 5,Control Center,LOW_BATTERY,Battery level: 20.7%
87,UAV 7,Control Center,LOW_BATTERY,Battery level: 23.5%
87,UAV 9,Control Center,LOW_BATTERY,Battery level: 28.5%
88,UAV 2,Control Center,LOW_BATTERY,Battery level: 28.3%
88,UAV 4,Control Center,LOW_BATTERY,Battery level: 25.0%
88,UAV 5,Control Center,LOW_BATTERY,Battery level: 20.7%
88,UAV 7,Control Center,LOW_BATTERY,Battery level: 23.5%
88,UAV 9,Control Center,LOW_BATTERY,Battery level: 28.5%
89,UAV 2,Control Center,LOW_BATTERY,Battery level: 28.3%
89,UAV 4,Control Center,LOW_BATTERY,Battery level: 25.0%
89,UAV 5,Control Center,LOW_BATTERY,Battery level: 20.7%
89,UAV 7,Control Center,LOW_BATTERY,Battery level: 23.5%
89,UAV 9,Control Center,LOW_BATTERY,Battery level: 28.5%
90,UAV 2,Control Center,LOW_BATTERY,Battery level: 28.3%
90,UAV 4,Control Center,LOW_BATTERY,Battery level: 25.0%
90,UAV 5,Control Center,LOW_BATTERY,Battery level: 20.7%
90,UAV 7,Control Center,LOW_BATTERY,Battery level: 23.5%
90,UAV 9,Control Center,LOW_BATTERY,Battery level: 28.5%
91,UAV 2,Control Center,LOW_BATTERY,Battery level: 28.3%
91,UAV 4,Control Center,LOW_BATTERY,Battery level: 25.0%
91,UAV 5,Control Center,LOW_BATTERY,Battery level: 20.7%
91,UAV 7,Control Center,LOW_BATTERY,Battery level: 23.5%
91,UAV 9,Control Center,LOW_BATTERY,Battery level: 28.5%
92,UAV 2,Control Center,LOW_BATTERY,Battery level: 28.3%
92,UAV 4,Control Center,LOW_BATTERY,Battery level: 25.0%
92,UAV 5,Control Center,LOW_BATTERY,Battery level: 20.7%
92,UAV 7,Control Center,LOW_BATTERY,Battery level: 23.5%
92,UAV 9,Control Center,LOW_BATTERY,Battery level: 28.5%
93,UAV 2,Control Center,LOW_BATTERY,Battery level: 28.3%
93,UAV 4,Control Center,LOW_BATTERY,Battery level: 25.0%
93,UAV 5,Control Center,LOW_BATTERY,Battery level: 20.7%
93,UAV 7,Control Center,LOW_BATTERY,Battery level: 23.5%
93,UAV 9,Control Center,LOW_BATTERY,Battery level: 28.5%
94,UAV 2,Control Center,LOW_BATTERY,Battery level: 28.3%
94,UAV 4,Control Center,LOW_BATTERY,Battery level: 25.0%
94,UAV 5,Control Center,LOW_BATTERY,Battery level: 20.7%
94,UAV 7,Control Center,LOW_BATTERY,Battery level: 23.5%
94,UAV 9,Control Center,LOW_BATTERY,Battery level: 28.5%
95,UAV 2,Control Center,LOW_BATTERY,Battery level: 28.3%
95,UAV 4,Control Center,LOW_BATTERY,Battery level: 25.0%
95,UAV 5,Control Center,LOW_BATTERY,Battery level: 20.7%
95,UAV 7,Control Center,LOW_BATTERY,Battery level: 23.5%
95,UAV 9,Control Center,LOW_BATTERY,Battery level: 28.5%
96,UAV 2,Control Center,LOW_BATTERY,Battery level: 28.3%
96,UAV 4,Control Center,LOW_BATTERY,Battery level: 25.0%
96,UAV 5,Control Center,LOW_BATTERY,Battery level: 20.7%
96,UAV 7,Control Center,LOW_BATTERY,Battery level: 23.5%
96,UAV 9,Control Center,LOW_BATTERY,Battery level: 28.5%
97,UAV 2,Control Center,LOW_BATTERY,Battery level: 28.3%
97,UAV 4,Control Center,LOW_BATTERY,Battery level: 25.0%
97,UAV 5,Control Center,LOW_BATTERY,Battery level: 20.7%
97,UAV 7,Control Center,LOW_BATTERY,Battery level: 23.5%
97,UAV 9,Control Center,LOW_BATTERY,Battery level: 28.5%
98,UAV 2,Control Center,LOW_BATTERY,Battery level: 28.3%
98,UAV 4,Control Center,LOW_BATTERY,Battery level: 25.0%
98,UAV 5,Control Center,LOW_BATTERY,Battery level: 20.7%
98,UAV 7,Control Center,LOW_BATTERY,Battery level: 23.5%
98,UAV 9,Control Center,LOW_BATTERY,Battery level: 28.5%
99,UAV 2,Control Center,LOW_BATTERY,Battery level: 28.3%
99,UAV 4,Control Center,LOW_BATTERY,Battery level: 25.0%
99,UAV 5,Control Center,LOW_BATTERY,Battery level: 20.7%
99,UAV 7,Control Center,LOW_BATTERY,Battery level: 23.5%
99,UAV 9,Control Center,LOW_BATTERY,Battery level: 28.5%
100,UAV 2,Control Center,LOW_BATTERY,Battery level: 28.3%
100,UAV 4,Control Center,LOW_BATTERY,Battery level: 25.0%
100,UAV 5,Control Center,LOW_BATTERY,Battery level: 20.7%
100,UAV 7,Control Center,LOW_BATTERY,Battery level: 23.5%
100,UAV 9,Control Center,LOW_BATTERY,Battery level: 28.5%
101,UAV 2,Control Center,LOW_BATTERY,Battery level: 28.3%
101,UAV 4,Control Center,LOW_BATTERY,Battery level: 25.0%
101,UAV 5,Control Center,LOW_BATTERY,Battery level: 20.7%
101,UAV 7,Control Center,LOW_BATTERY,Battery level: 23.5%
101,UAV 9,Control Center,LOW_BATTERY,Battery level: 28.5%
102,UAV 2,Control Center,LOW_BATTERY,Battery level: 28.3%
102,UAV 4,Control Center,LOW_BATTERY,Battery level: 25.0%
102,UAV 5,Control Center,LOW_BATTERY,Battery level: 20.7%
102,UAV 7,Control Center,LOW_BATTERY,Battery level: 23.5%
102,UAV 9,Control Center,LOW_BATTERY,Battery level: 28.5%
103,UAV 2,Control Center,LOW_BATTERY,Battery level: 28.3%
103,UAV 4,Control Center,LOW_BATTERY,Battery level: 25.0%
103,UAV 5,Control Center,LOW_BATTERY,Battery level: 20.7%
103,UAV 7,Control Center,LOW_BATTERY,Battery level: 23.5%
103,UAV 9,Control Center,LOW_BATTERY,Battery level: 28.5%
104,UAV 2,Control Center,LOW_BATTERY,Battery level: 28.3%
104,UAV 4,Control Center,LOW_BATTERY,Battery level: 25.0%
104,UAV 5,Control Center,LOW_BATTERY,Battery level: 20.7%
104,UAV 7,Control Center,LOW_BATTERY,Battery level: 23.5%
104,UAV 9,Control Center,LOW_BATTERY,Battery level: 28.5%
105,UAV 2,Control Center,LOW_BATTERY,Battery level: 28.3%
105,UAV 4,Control Center,LOW_BATTERY,Battery level: 25.0%
105,UAV 5,Control Center,LOW_BATTERY,Battery level: 20.7%
105,UAV 7,Control Center,LOW_BATTERY,Battery level: 23.5%
105,UAV 9,Control Center,LOW_BATTERY,Battery level: 28.5%
106,UAV 2,Control Center,LOW_BATTERY,Battery level: 28.3%
106,UAV 4,Control Center,LOW_BATTERY,Battery level: 25.0%
106,UAV 5,Control Center,LOW_BATTERY,Battery level: 20.7%
106,UAV 7,Control Center,LOW_BATTERY,Battery level: 23.5%
106,UAV 9,Control Center,LOW_BATTERY,Battery level: 28.5%
107,UAV 2,Control Center,LOW_BATTERY,Battery level: 28.3%
107,UAV 4,Control Center,LOW_BATTERY,Battery level: 25.0%
107,UAV 5,Control Center,LOW_BATTERY,Battery level: 20.7%
107,UAV 7,Control Center,LOW_BATTERY,Battery level: 23.5%
107,UAV 9,Control Center,LOW_BATTERY,Battery level: 28.5%
108,UAV 2,Control Center,LOW_BATTERY,Battery level: 28.3%
108,UAV 4,Control Center,LOW_BATTERY,Battery level: 25.0%
108,UAV 5,Control Center,LOW_BATTERY,Battery level: 20.7%
108,UAV 7,Control Center,LOW_BATTERY,Battery level: 23.5%
108,UAV 9,Control Center,LOW_BATTERY,Battery level: 28.5%
109,UAV 2,Control Center,LOW_BATTERY,Battery level: 28.3%
109,UAV 4,Control Center,LOW_BATTERY,Battery level: 25.0%
109,UAV 5,Control Center,LOW_BATTERY,Battery level: 20.7%
109,UAV 7,Control Center,LOW_BATTERY,Battery level: 23.5%
109,UAV 9,Control Center,LOW_BATTERY,Battery level: 28.5%
110,UAV 2,Control Center,LOW_BATTERY,Battery level: 28.3%
110,UAV 4,Control Center,LOW_BATTERY,Battery level: 25.0%
110,UAV 5,Control Center,LOW_BATTERY,Battery level: 20.7%
110,UAV 7,Control Center,LOW_BATTERY,Battery level: 23.5%
110,UAV 9,Control Center,LOW_BATTERY,Battery level: 28.5%
111,UAV 2,Control Center,LOW_BATTERY,Battery level: 28.3%
111,UAV 4,Control Center,LOW_BATTERY,Battery level: 25.0%
111,UAV 5,Control Center,LOW_BATTERY,Battery level: 20.7%
111,UAV 7,Control Center,LOW_BATTERY,Battery level: 23.5%
111,UAV 9,Control Center,LOW_BATTERY,Battery level: 28.5%
112,UAV 2,Control Center,LOW_BATTERY,Battery level: 28.3%
112,UAV 4,Control Center,LOW_BATTERY,Battery level: 25.0%
112,UAV 5,Control Center,LOW_BATTERY,Battery level: 20.7%
112,UAV 7,Control Center,LOW_BATTERY,Battery level: 23.5%
112,UAV 9,Control Center,LOW_BATTERY,Battery level: 28.5%
113,UAV 2,Control Center,LOW_BATTERY,Battery level: 28.3%
113,UAV 4,Control Center,LOW_BATTERY,Battery level: 25.0%
113,UAV 5,Control Center,LOW_BATTERY,Battery level: 20.7%
113,UAV 7,Control Center,LOW_BATTERY,Battery level: 23.5%
113,UAV 9,Control Center,LOW_BATTERY,Battery level: 28.5%
114,UAV 2,Control Center,LOW_BATTERY,Battery level: 28.3%
114,UAV 4,Control Center,LOW_BATTERY,Battery level: 25.0%
114,UAV 5,Control Center,LOW_BATTERY,Battery level: 20.7%
114,UAV 7,Control Center,LOW_BATTERY,Battery level: 23.5%
114,UAV 9,Control Center,LOW_BATTERY,Battery level: 28.5%
115,UAV 2,Control Center,LOW_BATTERY,Battery level: 28.3%
115,UAV 4,Control Center,LOW_BATTERY,Battery level: 25.0%
115,UAV 5,Control Center,LOW_BATTERY,Battery level: 20.7%
115,UAV 7,Control Center,LOW_BATTERY,Battery level: 23.5%
115,UAV 9,Control Center,LOW_BATTERY,Battery level: 28.5%
116,UAV 2,Control Center,LOW_BATTERY,Battery level: 28.3%
116,UAV 4,Control Center,LOW_BATTERY,Battery level: 25.0%
116,UAV 5,Control Center,LOW_BATTERY,Battery level: 20.7%
116,UAV 7,Control Center,LOW_BATTERY,Battery level: 23.5%
116,UAV 9,Control Center,LOW_BATTERY,Battery level: 28.5%
117,UAV 2,Control Center,LOW_BATTERY,Battery level: 28.3%
117,UAV 4,Control Center,LOW_BATTERY,Battery level: 25.0%
117,UAV 5,Control Center,LOW_BATTERY,Battery level: 20.7%
117,UAV 7,Control Center,LOW_BATTERY,Battery level: 23.5%
117,UAV 9,Control Center,LOW_BATTERY,Battery level: 28.5%
118,UAV 2,Control Center,LOW_BATTERY,Battery level: 28.3%
118,UAV 4,Control Center,LOW_BATTERY,Battery level: 25.0%
118,UAV 5,Control Center,LOW_BATTERY,Battery level: 20.7%
118,UAV 7,Control Center,LOW_BATTERY,Battery level: 23.5%
118,UAV 9,Control Center,LOW_BATTERY,Battery level: 28.5%
119,UAV 2,Control Center,LOW_BATTERY,Battery level: 28.3%
119,UAV 4,Control Center,LOW_BATTERY,Battery level: 25.0%
119,UAV 5,Control Center,LOW_BATTERY,Battery level: 20.7%
119,UAV 7,Control Center,LOW_BATTERY,Battery level: 23.5%
119,UAV 9,Control Center,LOW_BATTERY,Battery level: 28.5%
120,UAV 2,Control Center,LOW_BATTERY,Battery level: 28.3%
120,UAV 4,Control Center,LOW_BATTERY,Battery level: 25.0%
120,UAV 5,Control Center,LOW_BATTERY,Battery level: 20.7%
120,UAV 7,Control Center,LOW_BATTERY,Battery level: 23.5%
120,UAV 9,Control Center,LOW_BATTERY,Battery level: 28.5%
121,UAV 2,Control Center,LOW_BATTERY,Battery level: 28.3%
121,UAV 4,Control Center,LOW_BATTERY,Battery level: 25.0%
121,UAV 5,Control Center,LOW_BATTERY,Battery level: 20.7%
121,UAV 7,Control Center,LOW_BATTERY,Battery level: 23.5%
121,UAV 9,Control Center,LOW_BATTERY,Battery level: 28.5%
122,UAV 2,Control Center,LOW_BATTERY,Battery level: 28.3%
122,UAV 4,Control Center,LOW_BATTERY,Battery level: 25.0%
122,UAV 5,Control Center,LOW_BATTERY,Battery level: 20.7%
122,UAV 7,Control Center,LOW_BATTERY,Battery level: 23.5%
122,UAV 9,Control Center,LOW_BATTERY,Battery level: 28.5%
123,UAV 2,Control Center,LOW_BATTERY,Battery level: 28.3%
123,UAV 4,Control Center,LOW_BATTERY,Battery level: 25.0%
123,UAV 5,Control Center,LOW_BATTERY,Battery level: 20.7%
123,UAV 7,Control Center,LOW_BATTERY,Battery level: 23.5%
123,UAV 9,Control Center,LOW_BATTERY,Battery level: 28.5%
124,UAV 2,Control Center,LOW_BATTERY,Battery level: 28.3%
124,UAV 4,Control Center,LOW_BATTERY,Battery level: 25.0%
124,UAV 5,Control Center,LOW_BATTERY,Battery level: 20.7%
124,UAV 7,Control Center,LOW_BATTERY,Battery level: 23.5%
124,UAV 9,Control Center,LOW_BATTERY,Battery level: 28.5%
125,UAV 2,Control Center,LOW_BATTERY,Battery level: 28.3%
125,UAV 4,Control Center,LOW_BATTERY,Battery level: 25.0%
125,UAV 5,Control Center,LOW_BATTERY,Battery level: 20.7%
125,UAV 7,Control Center,LOW_BATTERY,Battery level: 23.5%
125,UAV 9,Control Center,LOW_BATTERY,Battery level: 28.5%
126,UAV 2,Control Center,LOW_BATTERY,Battery level: 28.3%
126,UAV 4,Control Center,LOW_BATTERY,Battery level: 25.0%
126,UAV 5,Control Center,LOW_BATTERY,Battery level: 20.7%
126,UAV 7,Control Center,LOW_BATTERY,Battery level: 23.5%
126,UAV 9,Control Center,LOW_BATTERY,Battery level: 28.5%
127,UAV 2,Control Center,LOW_BATTERY,Battery level: 28.3%
127,UAV 4,Control Center,LOW_BATTERY,Battery level: 25.0%
127,UAV 5,Control Center,LOW_BATTERY,Battery level: 20.7%
127,UAV 7,Control Center,LOW_BATTERY,Battery level: 23.5%
127,UAV 9,Control Center,LOW_BATTERY,Battery level: 28.5%
128,UAV 2,Control Center,LOW_BATTERY,Battery level: 28.3%
128,UAV 4,Control Center,LOW_BATTERY,Battery level: 25.0%
128,UAV 5,Control Center,LOW_BATTERY,Battery level: 20.7%
128,UAV 7,Control Center,LOW_BATTERY,Battery level: 23.5%
128,UAV 9,Control Center,LOW_BATTERY,Battery level: 28.5%
129,UAV 2,Control Center,LOW_BATTERY,Battery level: 28.3%
129,UAV 4,Control Center,LOW_BATTERY,Battery level: 25.0%
129,UAV 5,Control Center,LOW_BATTERY,Battery level: 20.7%
129,UAV 7,Control Center,LOW_BATTERY,Battery level: 23.5%
129,UAV 9,Control Center,LOW_BATTERY,Battery level: 28.5%
130,UAV 2,Control Center,LOW_BATTERY,Battery level: 28.3%
130,UAV 4,Control Center,LOW_BATTERY,Battery level: 25.0%
130,UAV 5,Control Center,LOW_BATTERY,Battery level: 20.7%
130,UAV 7,Control Center,LOW_BATTERY,Battery level: 23.5%
130,UAV 9,Control Center,LOW_BATTERY,Battery level: 28.5%
131,UAV 2,Control Center,LOW_BATTERY,Battery level: 28.3%
131,UAV 4,Control Center,LOW_BATTERY,Battery level: 25.0%
131,UAV 5,Control Center,LOW_BATTERY,Battery level: 20.7%
131,UAV 7,Control Center,LOW_BATTERY,Battery level: 23.5%
131,UAV 9,Control Center,LOW_BATTERY,Battery level: 28.5%
132,UAV 2,Control Center,LOW_BATTERY,Battery level: 28.3%
132,UAV 4,Control Center,LOW_BATTERY,Battery level: 25.0%
132,UAV 5,Control Center,LOW_BATTERY,Battery level: 20.7%
132,UAV 7,Control Center,LOW_BATTERY,Battery level: 23.5%
132,UAV 9,Control Center,LOW_BATTERY,Battery level: 28.5%
133,UAV 2,Control Center,LOW_BATTERY,Battery level: 28.3%
133,UAV 4,Control Center,LOW_BATTERY,Battery level: 25.0%
133,UAV 5,Control Center,LOW_BATTERY,Battery level: 20.7%
133,UAV 7,Control Center,LOW_BATTERY,Battery level: 23.5%
133,UAV 9,Control Center,LOW_BATTERY,Battery level: 28.5%
134,UAV 2,Control Center,LOW_BATTERY,Battery level: 28.3%
134,UAV 4,Control Center,LOW_BATTERY,Battery level: 25.0%
134,UAV 5,Control Center,LOW_BATTERY,Battery level: 20.7%
134,UAV 7,Control Center,LOW_BATTERY,Battery level: 23.5%
134,UAV 9,Control Center,LOW_BATTERY,Battery level: 28.5%
135,UAV 2,Control Center,LOW_BATTERY,Battery level: 28.3%
135,UAV 4,Control Center,LOW_BATTERY,Battery level: 25.0%
135,UAV 5,Control Center,LOW_BATTERY,Battery level: 20.7%
135,UAV 7,Control Center,LOW_BATTERY,Battery level: 23.5%
135,UAV 9,Control Center,LOW_BATTERY,Battery level: 28.5%
136,UAV 2,Control Center,LOW_BATTERY,Battery level: 28.3%
136,UAV 4,Control Center,LOW_BATTERY,Battery level: 25.0%
136,UAV 5,Control Center,LOW_BATTERY,Battery level: 20.7%
136,UAV 7,Control Center,LOW_BATTERY,Battery level: 23.5%
136,UAV 9,Control Center,LOW_BATTERY,Battery level: 28.5%
137,UAV 2,Control Center,LOW_BATTERY,Battery level: 28.3%
137,UAV 4,Control Center,LOW_BATTERY,Battery level: 25.0%
137,UAV 5,Control Center,LOW_BATTERY,Battery level: 20.7%
137,UAV 7,Control Center,LOW_BATTERY,Battery level: 23.5%
137,UAV 9,Control Center,LOW_BATTERY,Battery level: 28.5%
138,UAV 2,Control Center,LOW_BATTERY,Battery level: 28.3%
138,UAV 4,Control Center,LOW_BATTERY,Battery level: 25.0%
138,UAV 5,Control Center,LOW_BATTERY,Battery level: 20.7%
138,UAV 7,Control Center,LOW_BATTERY,Battery level: 23.5%
138,UAV 9,Control Center,LOW_BATTERY,Battery level: 28.5%
139,UAV 2,Control Center,LOW_BATTERY,Battery level: 28.3%
139,UAV 4,Control Center,LOW_BATTERY,Battery level: 25.0%
139,UAV 5,Control Center,LOW_BATTERY,Battery level: 20.7%
139,UAV 7,Control Center,LOW_BATTERY,Battery level: 23.5%
139,UAV 9,Control Center,LOW_BATTERY,Battery level: 28.5%
140,UAV 2,Control Center,LOW_BATTERY,Battery level: 28.3%
140,UAV 4,Control Center,LOW_BATTERY,Battery level: 25.0%
140,UAV 5,Control Center,LOW_BATTERY,Battery level: 20.7%
140,UAV 7,Control Center,LOW_BATTERY,Battery level: 23.5%
140,UAV 9,Control Center,LOW_BATTERY,Battery level: 28.5%
141,UAV 2,Control Center,LOW_BATTERY,Battery level: 28.3%
141,UAV 4,Control Center,LOW_BATTERY,Battery level: 25.0%
141,UAV 5,Control Center,LOW_BATTERY,Battery level: 20.7%
141,UAV 7,Control Center,LOW_BATTERY,Battery level: 23.5%
141,UAV 9,Control Center,LOW_BATTERY,Battery level: 28.5%
142,UAV 2,Control Center,LOW_BATTERY,Battery level: 28.3%
142,UAV 4,Control Center,LOW_BATTERY,Battery level: 25.0%
142,UAV 5,Control Center,LOW_BATTERY,Battery level: 20.7%
142,UAV 7,Control Center,LOW_BATTERY,Battery level: 23.5%
142,UAV 9,Control Center,LOW_BATTERY,Battery level: 28.5%
143,UAV 2,Control Center,LOW_BATTERY,Battery level: 28.3%
143,UAV 4,Control Center,LOW_BATTERY,Battery level: 25.0%
143,UAV 5,Control Center,LOW_BATTERY,Battery level: 20.7%
143,UAV 7,Control Center,LOW_BATTERY,Battery level: 23.5%
143,UAV 9,Control Center,LOW_BATTERY,Battery level: 28.5%
144,UAV 2,Control Center,LOW_BATTERY,Battery level: 28.3%
144,UAV 4,Control Center,LOW_BATTERY,Battery level: 25.0%
144,UAV 5,Control Center,LOW_BATTERY,Battery level: 20.7%
144,UAV 7,Control Center,LOW_BATTERY,Battery level: 23.5%
144,UAV 9,Control Center,LOW_BATTERY,Battery level: 28.5%
145,UAV 2,Control Center,LOW_BATTERY,Battery level: 28.3%
145,UAV 4,Control Center,LOW_BATTERY,Battery level: 25.0%
145,UAV 5,Control Center,LOW_BATTERY,Battery level: 20.7%
145,UAV 7,Control Center,LOW_BATTERY,Battery level: 23.5%
145,UAV 9,Control Center,LOW_BATTERY,Battery level: 28.5%
146,UAV 2,Control Center,LOW_BATTERY,Battery level: 28.3%
146,UAV 4,Control Center,LOW_BATTERY,Battery level: 25.0%
146,UAV 5,Control Center,LOW_BATTERY,Battery level: 20.7%
146,UAV 7,Control Center,LOW_BATTERY,Battery level: 23.5%
146,UAV 9,Control Center,LOW_BATTERY,Battery level: 28.5%
147,UAV 2,Control Center,LOW_BATTERY,Battery level: 28.3%
147,UAV 4,Control Center,LOW_BATTERY,Battery level: 25.0%
147,UAV 5,Control Center,LOW_BATTERY,Battery level: 20.7%
147,UAV 7,Control Center,LOW_BATTERY,Battery level: 23.5%
147,UAV 9,Control Center,LOW_BATTERY,Battery level: 28.5%
148,UAV 2,Control Center,LOW_BATTERY,Battery level: 28.3%
148,UAV 4,Control Center,LOW_BATTERY,Battery level: 25.0%
148,UAV 5,Control Center,LOW_BATTERY,Battery level: 20.7%
148,UAV 7,Control Center,LOW_BATTERY,Battery level: 23.5%
148,UAV 9,Control Center,LOW_BATTERY,Battery level: 28.5%
149,UAV 2,Control Center,LOW_BATTERY,Battery level: 28.3%
149,UAV 4,Control Center,LOW_BATTERY,Battery level: 25.0%
149,UAV 5,Control Center,LOW_BATTERY,Battery level: 20.7%
149,UAV 7,Control Center,LOW_BATTERY,Battery level: 23.5%
149,UAV 9,Control Center,LOW_BATTERY,Battery level: 28.5%
150,UAV 2,Control Center,LOW_BATTERY,Battery level: 28.3%
150,UAV 4,Control Center,LOW_BATTERY,Battery level: 25.0%
150,UAV 5,Control Center,LOW_BATTERY,Battery level: 20.7%
150,UAV 7,Control Center,LOW_BATTERY,Battery level: 23.5%
150,UAV 9,Control Center,LOW_BATTERY,Battery level: 28.5%
151,UAV 2,Control Center,LOW_BATTERY,Battery level: 28.3%
151,UAV 4,Control Center,LOW_BATTERY,Battery level: 25.0%
151,UAV 5,Control Center,LOW_BATTERY,Battery level: 20.7%
151,UAV 7,Control Center,LOW_BATTERY,Battery level: 23.5%
151,UAV 9,Control Center,LOW_BATTERY,Battery level: 28.5%
152,UAV 2,Control Center,LOW_BATTERY,Battery level: 28.3%
152,UAV 4,Control Center,LOW_BATTERY,Battery level: 25.0%
152,UAV 5,Control Center,LOW_BATTERY,Battery level: 20.7%
152,UAV 7,Control Center,LOW_BATTERY,Battery level: 23.5%
152,UAV 9,Control Center,LOW_BATTERY,Battery level: 28.5%
153,UAV 2,Control Center,LOW_BATTERY,Battery level: 28.3%
153,UAV 4,Control Center,LOW_BATTERY,Battery level: 25.0%
153,UAV 5,Control Center,LOW_BATTERY,Battery level: 20.7%
153,UAV 7,Control Center,LOW_BATTERY,Battery level: 23.5%
153,UAV 9,Control Center,LOW_BATTERY,Battery level: 28.5%
154,UAV 2,Control Center,LOW_BATTERY,Battery level: 28.3%
154,UAV 4,Control Center,LOW_BATTERY,Battery level: 25.0%
154,UAV 5,Control Center,LOW_BATTERY,Battery level: 20.7%
154,UAV 7,Control Center,LOW_BATTERY,Battery level: 23.5%
154,UAV 9,Control Center,LOW_BATTERY,Battery level: 28.5%
155,UAV 2,Control Center,LOW_BATTERY,Battery level: 28.3%
155,UAV 4,Control Center,LOW_BATTERY,Battery level: 25.0%
155,UAV 5,Control Center,LOW_BATTERY,Battery level: 20.7%
155,UAV 7,Control Center,LOW_BATTERY,Battery level: 23.5%
155,UAV 9,Control Center,LOW_BATTERY,Battery level: 28.5%
156,UAV 2,Control Center,LOW_BATTERY,Battery level: 28.3%
156,UAV 4,Control Center,LOW_BATTERY,Battery level: 25.0%
156,UAV 5,Control Center,LOW_BATTERY,Battery level: 20.7%
156,UAV 7,Control Center,LOW_BATTERY,Battery level: 23.5%
156,UAV 9,Control Center,LOW_BATTERY,Battery level: 28.5%
157,UAV 2,Control Center,LOW_BATTERY,Battery level: 28.3%
157,UAV 4,Control Center,LOW_BATTERY,Battery level: 25.0%
157,UAV 5,Control Center,LOW_BATTERY,Battery level: 20.7%
157,UAV 7,Control Center,LOW_BATTERY,Battery level: 23.5%
157,UAV 9,Control Center,LOW_BATTERY,Battery level: 28.5%
158,UAV 2,Control Center,LOW_BATTERY,Battery level: 28.3%
158,UAV 4,Control Center,LOW_BATTERY,Battery level: 25.0%
158,UAV 5,Control Center,LOW_BATTERY,Battery level: 20.7%
158,UAV 7,Control Center,LOW_BATTERY,Battery level: 23.5%
158,UAV 9,Control Center,LOW_BATTERY,Battery level: 28.5%
159,UAV 2,Control Center,LOW_BATTERY,Battery level: 28.3%
159,UAV 4,Control Center,LOW_BATTERY,Battery level: 25.0%
159,UAV 5,Control Center,LOW_BATTERY,Battery level: 20.7%
159,UAV 7,Control Center,LOW_BATTERY,Battery level: 23.5%
159,UAV 9,Control Center,LOW_BATTERY,Battery level: 28.5%
160,UAV 2,Control Center,LOW_BATTERY,Battery level: 28.3%
160,UAV 4,Control Center,LOW_BATTERY,Battery level: 25.0%
160,UAV 5,Control Center,LOW_BATTERY,Battery level: 20.7%
160,UAV 7,Control Center,LOW_BATTERY,Battery level: 23.5%
160,UAV 9,Control Center,LOW_BATTERY,Battery level: 28.5%
161,UAV 2,Control Center,LOW_BATTERY,Battery level: 28.3%
161,UAV 4,Control Center,LOW_BATTERY,Battery level: 25.0%
161,UAV 5,Control Center,LOW_BATTERY,Battery level: 20.7%
161,UAV 7,Control Center,LOW_BATTERY,Battery level: 23.5%
161,UAV 9,Control Center,LOW_BATTERY,Battery level: 28.5%
162,UAV 2,Control Center,LOW_BATTERY,Battery level: 28.3%
162,UAV 4,Control Center,LOW_BATTERY,Battery level: 25.0%
162,UAV 5,Control Center,LOW_BATTERY,Battery level: 20.7%
162,UAV 7,Control Center,LOW_BATTERY,Battery level: 23.5%
162,UAV 9,Control Center,LOW_BATTERY,Battery level: 28.5%
163,UAV 2,Control Center,LOW_BATTERY,Battery level: 28.3%
163,UAV 4,Control Center,LOW_BATTERY,Battery level: 25.0%
163,UAV 5,Control Center,LOW_BATTERY,Battery level: 20.7%
163,UAV 7,Control Center,LOW_BATTERY,Battery level: 23.5%
163,UAV 9,Control Center,LOW_BATTERY,Battery level: 28.5%
164,UAV 2,Control Center,LOW_BATTERY,Battery level: 28.3%
164,UAV 4,Control Center,LOW_BATTERY,Battery level: 25.0%
164,UAV 5,Control Center,LOW_BATTERY,Battery level: 20.7%
164,UAV 7,Control Center,LOW_BATTERY,Battery level: 23.5%
164,UAV 9,Control Center,LOW_BATTERY,Battery level: 28.5%
165,UAV 2,Control Center,LOW_BATTERY,Battery level: 28.3%
165,UAV 4,Control Center,LOW_BATTERY,Battery level: 25.0%
165,UAV 5,Control Center,LOW_BATTERY,Battery level: 20.7%
165,UAV 7,Control Center,LOW_BATTERY,Battery level: 23.5%
165,UAV 9,Control Center,LOW_BATTERY,Battery level: 28.5%
166,UAV 2,Control Center,LOW_BATTERY,Battery level: 28.3%
166,UAV 4,Control Center,LOW_BATTERY,Battery level: 25.0%
166,UAV 5,Control Center,LOW_BATTERY,Battery level: 20.7%
166,UAV 7,Control Center,LOW_BATTERY,Battery level: 23.5%
166,UAV 9,Control Center,LOW_BATTERY,Battery level: 28.5%
167,UAV 2,Control Center,LOW_BATTERY,Battery level: 28.3%
167,UAV 4,Control Center,LOW_BATTERY,Battery level: 25.0%
167,UAV 5,Control Center,LOW_BATTERY,Battery level: 20.7%
167,UAV 7,Control Center,LOW_BATTERY,Battery level: 23.5%
167,UAV 9,Control Center,LOW_BATTERY,Battery level: 28.5%
168,UAV 2,Control Center,LOW_BATTERY,Battery level: 28.3%
168,UAV 4,Control Center,LOW_BATTERY,Battery level: 25.0%
168,UAV 5,Control Center,LOW_BATTERY,Battery level: 20.7%
168,UAV 7,Control Center,LOW_BATTERY,Battery level: 23.5%
168,UAV 9,Control Center,LOW_BATTERY,Battery level: 28.5%
169,UAV 2,Control Center,LOW_BATTERY,Battery level: 28.3%
169,UAV 4,Control Center,LOW_BATTERY,Battery level: 25.0%
169,UAV 5,Control Center,LOW_BATTERY,Battery level: 20.7%
169,UAV 7,Control Center,LOW_BATTERY,Battery level: 23.5%
169,UAV 9,Control Center,LOW_BATTERY,Battery level: 28.5%
170,UAV 2,Control Center,LOW_BATTERY,Battery level: 28.3%
170,UAV 4,Control Center,LOW_BATTERY,Battery level: 25.0%
170,UAV 5,Control Center,LOW_BATTERY,Battery level: 20.7%
170,UAV 7,Control Center,LOW_BATTERY,Battery level: 23.5%
170,UAV 9,Control Center,LOW_BATTERY,Battery level: 28.5%
171,UAV 2,Control Center,LOW_BATTERY,Battery level: 28.3%
171,UAV 4,Control Center,LOW_BATTERY,Battery level: 25.0%
171,UAV 5,Control Center,LOW_BATTERY,Battery level: 20.7%
171,UAV 7,Control Center,LOW_BATTERY,Battery level: 23.5%
171,UAV 9,Control Center,LOW_BATTERY,Battery level: 28.5%
172,UAV 2,Control Center,LOW_BATTERY,Battery level: 28.3%
172,UAV 4,Control Center,LOW_BATTERY,Battery level: 25.0%
172,UAV 5,Control Center,LOW_BATTERY,Battery level: 20.7%
172,UAV 7,Control Center,LOW_BATTERY,Battery level: 23.5%
172,UAV 9,Control Center,LOW_BATTERY,Battery level: 28.5%
173,UAV 2,Control Center,LOW_BATTERY,Battery level: 28.3%
173,UAV 4,Control Center,LOW_BATTERY,Battery level: 25.0%
173,UAV 5,Control Center,LOW_BATTERY,Battery level: 20.7%
173,UAV 7,Control Center,LOW_BATTERY,Battery level: 23.5%
173,UAV 9,Control Center,LOW_BATTERY,Battery level: 28.5%
174,UAV 2,Control Center,LOW_BATTERY,Battery level: 28.3%
174,UAV 4,Control Center,LOW_BATTERY,Battery level: 25.0%
174,UAV 5,Control Center,LOW_BATTERY,Battery level: 20.7%
174,UAV 7,Control Center,LOW_BATTERY,Battery level: 23.5%
174,UAV 9,Control Center,LOW_BATTERY,Battery level: 28.5%
175,UAV 2,Control Center,LOW_BATTERY,Battery level: 28.3%
175,UAV 4,Control Center,LOW_BATTERY,Battery level: 25.0%
175,UAV 5,Control Center,LOW_BATTERY,Battery level: 20.7%
175,UAV 7,Control Center,LOW_BATTERY,Battery level: 23.5%
175,UAV 9,Control Center,LOW_BATTERY,Battery level: 28.5%
176,UAV 2,Control Center,LOW_BATTERY,Battery level: 28.3%
176,UAV 4,Control Center,LOW_BATTERY,Battery level: 25.0%
176,UAV 5,Control Center,LOW_BATTERY,Battery level: 20.7%
176,UAV 7,Control Center,LOW_BATTERY,Battery level: 23.5%
176,UAV 9,Control Center,LOW_BATTERY,Battery level: 28.5%
177,UAV 2,Control Center,LOW_BATTERY,Battery level: 28.3%
177,UAV 4,Control Center,LOW_BATTERY,Battery level: 25.0%
177,UAV 5,Control Center,LOW_BATTERY,Battery level: 20.7%
177,UAV 7,Control Center,LOW_BATTERY,Battery level: 23.5%
177,UAV 9,Control Center,LOW_BATTERY,Battery level: 28.5%
178,UAV 2,Control Center,LOW_BATTERY,Battery level: 28.3%
178,UAV 4,Control Center,LOW_BATTERY,Battery level: 25.0%
178,UAV 5,Control Center,LOW_BATTERY,Battery level: 20.7%
178,UAV 7,Control Center,LOW_BATTERY,Battery level: 23.5%
178,UAV 9,Control Center,LOW_BATTERY,Battery level: 28.5%
179,UAV 2,Control Center,LOW_BATTERY,Battery level: 28.3%
179,UAV 4,Control Center,LOW_BATTERY,Battery level: 25.0%
179,UAV 5,Control Center,LOW_BATTERY,Battery level: 20.7%
179,UAV 7,Control Center,LOW_BATTERY,Battery level: 23.5%
179,UAV 9,Control Center,LOW_BATTERY,Battery level: 28.5%
180,UAV 2,Control Center,LOW_BATTERY,Battery level: 28.3%
180,UAV 4,Control Center,LOW_BATTERY,Battery level: 25.0%
180,UAV 5,Control Center,LOW_BATTERY,Battery level: 20.7%
180,UAV 7,Control Center,LOW_BATTERY,Battery level: 23.5%
180,UAV 9,Control Center,LOW_BATTERY,Battery level: 28.5%
181,UAV 2,Control Center,LOW_BATTERY,Battery level: 28.3%
181,UAV 4,Control Center,LOW_BATTERY,Battery level: 25.0%
181,UAV 5,Control Center,LOW_BATTERY,Battery level: 20.7%
181,UAV 7,Control Center,LOW_BATTERY,Battery level: 23.5%
181,UAV 9,Control Center,LOW_BATTERY,Battery level: 28.5%
182,UAV 2,Control Center,LOW_BATTERY,Battery level: 28.3%
182,UAV 4,Control Center,LOW_BATTERY,Battery level: 25.0%
182,UAV 5,Control Center,LOW_BATTERY,Battery level: 20.7%
182,UAV 7,Control Center,LOW_BATTERY,Battery level: 23.5%
182,UAV 9,Control Center,LOW_BATTERY,Battery level: 28.5%
183,UAV 2,Control Center,LOW_BATTERY,Battery level: 28.3%
183,UAV 4,Control Center,LOW_BATTERY,Battery level: 25.0%
183,UAV 5,Control Center,LOW_BATTERY,Battery level: 20.7%
183,UAV 7,Control Center,LOW_BATTERY,Battery level: 23.5%
183,UAV 9,Control Center,LOW_BATTERY,Battery level: 28.5%
184,UAV 2,Control Center,LOW_BATTERY,Battery level: 28.3%
184,UAV 4,Control Center,LOW_BATTERY,Battery level: 25.0%
184,UAV 5,Control Center,LOW_BATTERY,Battery level: 20.7%
184,UAV 7,Control Center,LOW_BATTERY,Battery level: 23.5%
184,UAV 9,Control Center,LOW_BATTERY,Battery level: 28.5%
185,UAV 2,Control Center,LOW_BATTERY,Battery level: 28.3%
185,UAV 4,Control Center,LOW_BATTERY,Battery level: 25.0%
185,UAV 5,Control Center,LOW_BATTERY,Battery level: 20.7%
185,UAV 7,Control Center,LOW_BATTERY,Battery level: 23.5%
185,UAV 9,Control Center,LOW_BATTERY,Battery level: 28.5%
186,UAV 2,Control Center,LOW_BATTERY,Battery level: 28.3%
186,UAV 4,Control Center,LOW_BATTERY,Battery level: 25.0%
186,UAV 5,Control Center,LOW_BATTERY,Battery level: 20.7%
186,UAV 7,Control Center,LOW_BATTERY,Battery level: 23.5%
186,UAV 9,Control Center,LOW_BATTERY,Battery level: 28.5%
187,UAV 2,Control Center,LOW_BATTERY,Battery level: 28.3%
187,UAV 4,Control Center,LOW_BATTERY,Battery level: 25.0%
187,UAV 5,Control Center,LOW_BATTERY,Battery level: 20.7%
187,UAV 7,Control Center,LOW_BATTERY,Battery level: 23.5%
187,UAV 9,Control Center,LOW_BATTERY,Battery level: 28.5%
188,UAV 2,Control Center,LOW_BATTERY,Battery level: 28.3%
188,UAV 4,Control Center,LOW_BATTERY,Battery level: 25.0%
188,UAV 5,Control Center,LOW_BATTERY,Battery level: 20.7%
188,UAV 7,Control Center,LOW_BATTERY,Battery level: 23.5%
188,UAV 9,Control Center,LOW_BATTERY,Battery level: 28.5%
189,UAV 2,Control Center,LOW_BATTERY,Battery level: 28.3%
189,UAV 4,Control Center,LOW_BATTERY,Battery level: 25.0%
189,UAV 5,Control Center,LOW_BATTERY,Battery level: 20.7%
189,UAV 7,Control Center,LOW_BATTERY,Battery level: 23.5%
189,UAV 9,Control Center,LOW_BATTERY,Battery level: 28.5%
190,UAV 2,Control Center,LOW_BATTERY,Battery level: 28.3%
190,UAV 4,Control Center,LOW_BATTERY,Battery level: 25.0%
190,UAV 5,Control Center,LOW_BATTERY,Battery level: 20.7%
190,UAV 7,Control Center,LOW_BATTERY,Battery level: 23.5%
190,UAV 9,Control Center,LOW_BATTERY,Battery level: 28.5%
191,UAV 2,Control Center,LOW_BATTERY,Battery level: 28.3%
191,UAV 4,Control Center,LOW_BATTERY,Battery level: 25.0%
191,UAV 5,Control Center,LOW_BATTERY,Battery level: 20.7%
191,UAV 7,Control Center,LOW_BATTERY,Battery level: 23.5%
191,UAV 9,Control Center,LOW_BATTERY,Battery level: 28.5%
192,UAV 2,Control Center,LOW_BATTERY,Battery level: 28.3%
192,UAV 4,Control Center,LOW_BATTERY,Battery level: 25.0%
192,UAV 5,Control Center,LOW_BATTERY,Battery level: 20.7%
192,UAV 7,Control Center,LOW_BATTERY,Battery level: 23.5%
192,UAV 9,Control Center,LOW_BATTERY,Battery level: 28.5%
193,UAV 2,Control Center,LOW_BATTERY,Battery level: 28.3%
193,UAV 4,Control Center,LOW_BATTERY,Battery level: 25.0%
193,UAV 5,Control Center,LOW_BATTERY,Battery level: 20.7%
193,UAV 7,Control Center,LOW_BATTERY,Battery level: 23.5%
193,UAV 9,Control Center,LOW_BATTERY,Battery level: 28.5%
194,UAV 2,Control Center,LOW_BATTERY,Battery level: 28.3%
194,UAV 4,Control Center,LOW_BATTERY,Battery level: 25.0%
194,UAV 5,Control Center,LOW_BATTERY,Battery level: 20.7%
194,UAV 7,Control Center,LOW_BATTERY,Battery level: 23.5%
194,UAV 9,Control Center,LOW_BATTERY,Battery level: 28.5%
195,UAV 2,Control Center,LOW_BATTERY,Battery level: 28.3%
195,UAV 4,Control Center,LOW_BATTERY,Battery level: 25.0%
195,UAV 5,Control Center,LOW_BATTERY,Battery level: 20.7%
195,UAV 7,Control Center,LOW_BATTERY,Battery level: 23.5%
195,UAV 9,Control Center,LOW_BATTERY,Battery level: 28.5%
196,UAV 2,Control Center,LOW_BATTERY,Battery level: 28.3%
196,UAV 4,Control Center,LOW_BATTERY,Battery level: 25.0%
196,UAV 5,Control Center,LOW_BATTERY,Battery level: 20.7%
196,UAV 7,Control Center,LOW_BATTERY,Battery level: 23.5%
196,UAV 9,Control Center,LOW_BATTERY,Battery level: 28.5%
197,UAV 2,Control Center,LOW_BATTERY,Battery level: 28.3%
197,UAV 4,Control Center,LOW_BATTERY,Battery level: 25.0%
197,UAV 5,Control Center,LOW_BATTERY,Battery level: 20.7%
197,UAV 7,Control Center,LOW_BATTERY,Battery level: 23.5%
197,UAV 9,Control Center,LOW_BATTERY,Battery level: 28.5%
198,UAV 2,Control Center,LOW_BATTERY,Battery level: 28.3%
198,UAV 4,Control Center,LOW_BATTERY,Battery level: 25.0%
198,UAV 5,Control Center,LOW_BATTERY,Battery level: 20.7%
198,UAV 7,Control Center,LOW_BATTERY,Battery level: 23.5%
198,UAV 9,Control Center,LOW_BATTERY,Battery level: 28.5%
199,UAV 2,Control Center,LOW_BATTERY,Battery level: 28.3%
199,UAV 4,Control Center,LOW_BATTERY,Battery level: 25.0%
199,UAV 5,Control Center,LOW_BATTERY,Battery level: 20.7%
199,UAV 7,Control Center,LOW_BATTERY,Battery level: 23.5%
199,UAV 9,Control Center,LOW_BATTERY,Battery level: 28.5%
200,UAV 2,Control Center,LOW_BATTERY,Battery level: 28.3%
200,UAV 4,Control Center,LOW_BATTERY,Battery level: 25.0%
200,UAV 5,Control Center,LOW_BATTERY,Battery level: 20.7%
200,UAV 7,Control Center,LOW_BATTERY,Battery level: 23.5%
200,UAV 9,Control Center,LOW_BATTERY,Battery level: 28.5%
201,UAV 2,Control Center,LOW_BATTERY,Battery level: 28.3%
201,UAV 4,Control Center,LOW_BATTERY,Battery level: 25.0%
201,UAV 5,Control Center,LOW_BATTERY,Battery level: 20.7%
201,UAV 7,Control Center,LOW_BATTERY,Battery level: 23.5%
201,UAV 9,Control Center,LOW_BATTERY,Battery level: 28.5%
202,UAV 2,Control Center,LOW_BATTERY,Battery level: 28.3%
202,UAV 4,Control Center,LOW_BATTERY,Battery level: 25.0%
202,UAV 5,Control Center,LOW_BATTERY,Battery level: 20.7%
202,UAV 7,Control Center,LOW_BATTERY,Battery level: 23.5%
202,UAV 9,Control Center,LOW_BATTERY,Battery level: 28.5%
203,UAV 2,Control Center,LOW_BATTERY,Battery level: 28.3%
203,UAV 4,Control Center,LOW_BATTERY,Battery level: 25.0%
203,UAV 5,Control Center,LOW_BATTERY,Battery level: 20.7%
203,UAV 7,Control Center,LOW_BATTERY,Battery level: 23.5%
203,UAV 9,Control Center,LOW_BATTERY,Battery level: 28.5%
204,UAV 2,Control Center,LOW_BATTERY,Battery level: 28.3%
204,UAV 4,Control Center,LOW_BATTERY,Battery level: 25.0%
204,UAV 5,Control Center,LOW_BATTERY,Battery level: 20.7%
204,UAV 7,Control Center,LOW_BATTERY,Battery level: 23.5%
204,UAV 9,Control Center,LOW_BATTERY,Battery level: 28.5%
205,UAV 2,Control Center,LOW_BATTERY,Battery level: 28.3%
205,UAV 4,Control Center,LOW_BATTERY,Battery level: 25.0%
205,UAV 5,Control Center,LOW_BATTERY,Battery level: 20.7%
205,UAV 7,Control Center,LOW_BATTERY,Battery level: 23.5%
205,UAV 9,Control Center,LOW_BATTERY,Battery level: 28.5%
206,UAV 2,Control Center,LOW_BATTERY,Battery level: 28.3%
206,UAV 4,Control Center,LOW_BATTERY,Battery level: 25.0%
206,UAV 5,Control Center,LOW_BATTERY,Battery level: 20.7%
206,UAV 7,Control Center,LOW_BATTERY,Battery level: 23.5%
206,UAV 9,Control Center,LOW_BATTERY,Battery level: 28.5%
207,UAV 2,Control Center,LOW_BATTERY,Battery level: 28.3%
207,UAV 4,Control Center,LOW_BATTERY,Battery level: 25.0%
207,UAV 5,Control Center,LOW_BATTERY,Battery level: 20.7%
207,UAV 7,Control Center,LOW_BATTERY,Battery level: 23.5%
207,UAV 9,Control Center,LOW_BATTERY,Battery level: 28.5%
208,UAV 2,Control Center,LOW_BATTERY,Battery level: 28.3%
208,UAV 4,Control Center,LOW_BATTERY,Battery level: 25.0%
208,UAV 5,Control Center,LOW_BATTERY,Battery level: 20.7%
208,UAV 7,Control Center,LOW_BATTERY,Battery level: 23.5%
208,UAV 9,Control Center,LOW_BATTERY,Battery level: 28.5%
209,UAV 2,Control Center,LOW_BATTERY,Battery level: 28.3%
209,UAV 4,Control Center,LOW_BATTERY,Battery level: 25.0%
209,UAV 5,Control Center,LOW_BATTERY,Battery level: 20.7%
209,UAV 7,Control Center,LOW_BATTERY,Battery level: 23.5%
209,UAV 9,Control Center,LOW_BATTERY,Battery level: 28.5%
210,UAV 2,Control Center,LOW_BATTERY,Battery level: 28.3%
210,UAV 4,Control Center,LOW_BATTERY,Battery level: 25.0%
210,UAV 5,Control Center,LOW_BATTERY,Battery level: 20.7%
210,UAV 7,Control Center,LOW_BATTERY,Battery level: 23.5%
210,UAV 9,Control Center,LOW_BATTERY,Battery level: 28.5%
211,UAV 2,Control Center,LOW_BATTERY,Battery level: 28.3%
211,UAV 4,Control Center,LOW_BATTERY,Battery level: 25.0%
211,UAV 5,Control Center,LOW_BATTERY,Battery level: 20.7%
211,UAV 7,Control Center,LOW_BATTERY,Battery level: 23.5%
211,UAV 9,Control Center,LOW_BATTERY,Battery level: 28.5%
212,UAV 2,Control Center,LOW_BATTERY,Battery level: 28.3%
212,UAV 4,Control Center,LOW_BATTERY,Battery level: 25.0%
212,UAV 5,Control Center,LOW_BATTERY,Battery level: 20.7%
212,UAV 7,Control Center,LOW_BATTERY,Battery level: 23.5%
212,UAV 9,Control Center,LOW_BATTERY,Battery level: 28.5%
213,UAV 2,Control Center,LOW_BATTERY,Battery level: 28.3%
213,UAV 4,Control Center,LOW_BATTERY,Battery level: 25.0%
213,UAV 5,Control Center,LOW_BATTERY,Battery level: 20.7%
213,UAV 7,Control Center,LOW_BATTERY,Battery level: 23.5%
213,UAV 9,Control Center,LOW_BATTERY,Battery level: 28.5%
214,UAV 2,Control Center,LOW_BATTERY,Battery level: 28.3%
214,UAV 4,Control Center,LOW_BATTERY,Battery level: 25.0%
214,UAV 5,Control Center,LOW_BATTERY,Battery level: 20.7%
214,UAV 7,Control Center,LOW_BATTERY,Battery level: 23.5%
214,UAV 9,Control Center,LOW_BATTERY,Battery level: 28.5%
215,UAV 2,Control Center,LOW_BATTERY,Battery level: 28.3%
215,UAV 4,Control Center,LOW_BATTERY,Battery level: 25.0%
215,UAV 5,Control Center,LOW_BATTERY,Battery level: 20.7%
215,UAV 7,Control Center,LOW_BATTERY,Battery level: 23.5%
215,UAV 9,Control Center,LOW_BATTERY,Battery level: 28.5%
216,UAV 2,Control Center,LOW_BATTERY,Battery level: 28.3%
216,UAV 4,Control Center,LOW_BATTERY,Battery level: 25.0%
216,UAV 5,Control Center,LOW_BATTERY,Battery level: 20.7%
216,UAV 7,Control Center,LOW_BATTERY,Battery level: 23.5%
216,UAV 9,Control Center,LOW_BATTERY,Battery level: 28.5%
217,UAV 2,Control Center,LOW_BATTERY,Battery level: 28.3%
217,UAV 4,Control Center,LOW_BATTERY,Battery level: 25.0%
217,UAV 5,Control Center,LOW_BATTERY,Battery level: 20.7%
217,UAV 7,Control Center,LOW_BATTERY,Battery level: 23.5%
217,UAV 9,Control Center,LOW_BATTERY,Battery level: 28.5%
218,UAV 2,Control Center,LOW_BATTERY,Battery level: 28.3%
218,UAV 4,Control Center,LOW_BATTERY,Battery level: 25.0%
218,UAV 5,Control Center,LOW_BATTERY,Battery level: 20.7%
218,UAV 7,Control Center,LOW_BATTERY,Battery level: 23.5%
218,UAV 9,Control Center,LOW_BATTERY,Battery level: 28.5%
219,UAV 2,Control Center,LOW_BATTERY,Battery level: 28.3%
219,UAV 4,Control Center,LOW_BATTERY,Battery level: 25.0%
219,UAV 5,Control Center,LOW_BATTERY,Battery level: 20.7%
219,UAV 7,Control Center,LOW_BATTERY,Battery level: 23.5%
219,UAV 9,Control Center,LOW_BATTERY,Battery level: 28.5%
220,UAV 2,Control Center,LOW_BATTERY,Battery level: 28.3%
220,UAV 4,Control Center,LOW_BATTERY,Battery level: 25.0%
220,UAV 5,Control Center,LOW_BATTERY,Battery level: 20.7%
220,UAV 7,Control Center,LOW_BATTERY,Battery level: 23.5%
220,UAV 9,Control Center,LOW_BATTERY,Battery level: 28.5%
221,UAV 2,Control Center,LOW_BATTERY,Battery level: 28.3%
221,UAV 4,Control Center,LOW_BATTERY,Battery level: 25.0%
221,UAV 5,Control Center,LOW_BATTERY,Battery level: 20.7%
221,UAV 7,Control Center,LOW_BATTERY,Battery level: 23.5%
221,UAV 9,Control Center,LOW_BATTERY,Battery level: 28.5%
222,UAV 2,Control Center,LOW_BATTERY,Battery level: 28.3%
222,UAV 4,Control Center,LOW_BATTERY,Battery level: 25.0%
222,UAV 5,Control Center,LOW_BATTERY,Battery level: 20.7%
222,UAV 7,Control Center,LOW_BATTERY,Battery level: 23.5%
222,UAV 9,Control Center,LOW_BATTERY,Battery level: 28.5%
223,UAV 2,Control Center,LOW_BATTERY,Battery level: 28.3%
223,UAV 4,Control Center,LOW_BATTERY,Battery level: 25.0%
223,UAV 5,Control Center,LOW_BATTERY,Battery level: 20.7%
223,UAV 7,Control Center,LOW_BATTERY,Battery level: 23.5%
223,UAV 9,Control Center,LOW_BATTERY,Battery level: 28.5%
224,UAV 2,Control Center,LOW_BATTERY,Battery level: 28.3%
224,UAV 4,Control Center,LOW_BATTERY,Battery level: 25.0%
224,UAV 5,Control Center,LOW_BATTERY,Battery level: 20.7%
224,UAV 7,Control Center,LOW_BATTERY,Battery level: 23.5%
224,UAV 9,Control Center,LOW_BATTERY,Battery level: 28.5%
225,UAV 2,Control Center,LOW_BATTERY,Battery level: 28.3%
225,UAV 4,Control Center,LOW_BATTERY,Battery level: 25.0%
225,UAV 5,Control Center,LOW_BATTERY,Battery level: 20.7%
225,UAV 7,Control Center,LOW_BATTERY,Battery level: 23.5%
225,UAV 9,Control Center,LOW_BATTERY,Battery level: 28.5%
226,UAV 2,Control Center,LOW_BATTERY,Battery level: 28.3%
226,UAV 4,Control Center,LOW_BATTERY,Battery level: 25.0%
226,UAV 5,Control Center,LOW_BATTERY,Battery level: 20.7%
226,UAV 7,Control Center,LOW_BATTERY,Battery level: 23.5%
226,UAV 9,Control Center,LOW_BATTERY,Battery level: 28.5%
227,UAV 2,Control Center,LOW_BATTERY,Battery level: 28.3%
227,UAV 4,Control Center,LOW_BATTERY,Battery level: 25.0%
227,UAV 5,Control Center,LOW_BATTERY,Battery level: 20.7%
227,UAV 7,Control Center,LOW_BATTERY,Battery level: 23.5%
227,UAV 9,Control Center,LOW_BATTERY,Battery level: 28.5%
228,UAV 2,Control Center,LOW_BATTERY,Battery level: 28.3%
228,UAV 4,Control Center,LOW_BATTERY,Battery level: 25.0%
228,UAV 5,Control Center,LOW_BATTERY,Battery level: 20.7%
228,UAV 7,Control Center,LOW_BATTERY,Battery level: 23.5%
228,UAV 9,Control Center,LOW_BATTERY,Battery level: 28.5%
229,UAV 2,Control Center,LOW_BATTERY,Battery level: 28.3%
229,UAV 4,Control Center,LOW_BATTERY,Battery level: 25.0%
229,UAV 5,Control Center,LOW_BATTERY,Battery level: 20.7%
229,UAV 7,Control Center,LOW_BATTERY,Battery level: 23.5%
229,UAV 9,Control Center,LOW_BATTERY,Battery level: 28.5%
230,UAV 2,Control Center,LOW_BATTERY,Battery level: 28.3%
230,UAV 4,Control Center,LOW_BATTERY,Battery level: 25.0%
230,UAV 5,Control Center,LOW_BATTERY,Battery level: 20.7%
230,UAV 7,Control Center,LOW_BATTERY,Battery level: 23.5%
230,UAV 9,Control Center,LOW_BATTERY,Battery level: 28.5%
231,UAV 2,Control Center,LOW_BATTERY,Battery level: 28.3%
231,UAV 4,Control Center,LOW_BATTERY,Battery level: 25.0%
231,UAV 5,Control Center,LOW_BATTERY,Battery level: 20.7%
231,UAV 7,Control Center,LOW_BATTERY,Battery level: 23.5%
231,UAV 9,Control Center,LOW_BATTERY,Battery level: 28.5%
232,UAV 2,Control Center,LOW_BATTERY,Battery level: 28.3%
232,UAV 4,Control Center,LOW_BATTERY,Battery level: 25.0%
232,UAV 5,Control Center,LOW_BATTERY,Battery level: 20.7%
232,UAV 7,Control Center,LOW_BATTERY,Battery level: 23.5%
232,UAV 9,Control Center,LOW_BATTERY,Battery level: 28.5%
233,UAV 2,Control Center,LOW_BATTERY,Battery level: 28.3%
233,UAV 4,Control Center,LOW_BATTERY,Battery level: 25.0%
233,UAV 5,Control Center,LOW_BATTERY,Battery level: 20.7%
233,UAV 7,Control Center,LOW_BATTERY,Battery level: 23.5%
233,UAV 9,Control Center,LOW_BATTERY,Battery level: 28.5%
234,UAV 2,Control Center,LOW_BATTERY,Battery level: 28.3%
234,UAV 4,Control Center,LOW_BATTERY,Battery level: 25.0%
234,UAV 5,Control Center,LOW_BATTERY,Battery level: 20.7%
234,UAV 7,Control Center,LOW_BATTERY,Battery level: 23.5%
234,UAV 9,Control Center,LOW_BATTERY,Battery level: 28.5%
235,UAV 2,Control Center,LOW_BATTERY,Battery level: 28.3%
235,UAV 4,Control Center,LOW_BATTERY,Battery level: 25.0%
235,UAV 5,Control Center,LOW_BATTERY,Battery level: 20.7%
235,UAV 7,Control Center,LOW_BATTERY,Battery level: 23.5%
235,UAV 9,Control Center,LOW_BATTERY,Battery level: 28.5%
236,UAV 2,Control Center,LOW_BATTERY,Battery level: 28.3%
236,UAV 4,Control Center,LOW_BATTERY,Battery level: 25.0%
236,UAV 5,Control Center,LOW_BATTERY,Battery level: 20.7%
236,UAV 7,Control Center,LOW_BATTERY,Battery level: 23.5%
236,UAV 9,Control Center,LOW_BATTERY,Battery level: 28.5%
237,UAV 2,Control Center,LOW_BATTERY,Battery level: 28.3%
237,UAV 4,Control Center,LOW_BATTERY,Battery level: 25.0%
237,UAV 5,Control Center,LOW_BATTERY,Battery level: 20.7%
237,UAV 7,Control Center,LOW_BATTERY,Battery level: 23.5%
237,UAV 9,Control Center,LOW_BATTERY,Battery level: 28.5%
238,UAV 2,Control Center,LOW_BATTERY,Battery level: 28.3%
238,UAV 4,Control Center,LOW_BATTERY,Battery level: 25.0%
238,UAV 5,Control Center,LOW_BATTERY,Battery level: 20.7%
238,UAV 7,Control Center,LOW_BATTERY,Battery level: 23.5%
238,UAV 9,Control Center,LOW_BATTERY,Battery level: 28.5%
239,UAV 2,Control Center,LOW_BATTERY,Battery level: 28.3%
239,UAV 4,Control Center,LOW_BATTERY,Battery level: 25.0%
239,UAV 5,Control Center,LOW_BATTERY,Battery level: 20.7%
239,UAV 7,Control Center,LOW_BATTERY,Battery level: 23.5%
239,UAV 9,Control Center,LOW_BATTERY,Battery level: 28.5%
240,UAV 2,Control Center,LOW_BATTERY,Battery level: 28.3%
240,UAV 4,Control Center,LOW_BATTERY,Battery level: 25.0%
240,UAV 5,Control Center,LOW_BATTERY,Battery level: 20.7%
240,UAV 7,Control Center,LOW_BATTERY,Battery level: 23.5%
240,UAV 9,Control Center,LOW_BATTERY,Battery level: 28.5%
241,UAV 2,Control Center,LOW_BATTERY,Battery level: 28.3%
241,UAV 4,Control Center,LOW_BATTERY,Battery level: 25.0%
241,UAV 5,Control Center,LOW_BATTERY,Battery level: 20.7%
241,UAV 7,Control Center,LOW_BATTERY,Battery level: 23.5%
241,UAV 9,Control Center,LOW_BATTERY,Battery level: 28.5%
242,UAV 2,Control Center,LOW_BATTERY,Battery level: 28.3%
242,UAV 4,Control Center,LOW_BATTERY,Battery level: 25.0%
242,UAV 5,Control Center,LOW_BATTERY,Battery level: 20.7%
242,UAV 7,Control Center,LOW_BATTERY,Battery level: 23.5%
242,UAV 9,Control Center,LOW_BATTERY,Battery level: 28.5%
243,UAV 2,Control Center,LOW_BATTERY,Battery level: 28.3%
243,UAV 4,Control Center,LOW_BATTERY,Battery level: 25.0%
243,UAV 5,Control Center,LOW_BATTERY,Battery level: 20.7%
243,UAV 7,Control Center,LOW_BATTERY,Battery level: 23.5%
243,UAV 9,Control Center,LOW_BATTERY,Battery level: 28.5%
244,UAV 2,Control Center,LOW_BATTERY,Battery level: 28.3%
244,UAV 4,Control Center,LOW_BATTERY,Battery level: 25.0%
244,UAV 5,Control Center,LOW_BATTERY,Battery level: 20.7%
244,UAV 7,Control Center,LOW_BATTERY,Battery level: 23.5%
244,UAV 9,Control Center,LOW_BATTERY,Battery level: 28.5%
245,UAV 2,Control Center,LOW_BATTERY,Battery level: 28.3%
245,UAV 4,Control Center,LOW_BATTERY,Battery level: 25.0%
245,UAV 5,Control Center,LOW_BATTERY,Battery level: 20.7%
245,UAV 7,Control Center,LOW_BATTERY,Battery level: 23.5%
245,UAV 9,Control Center,LOW_BATTERY,Battery level: 28.5%
246,UAV 2,Control Center,LOW_BATTERY,Battery level: 28.3%
246,UAV 4,Control Center,LOW_BATTERY,Battery level: 25.0%
246,UAV 5,Control Center,LOW_BATTERY,Battery level: 20.7%
246,UAV 7,Control Center,LOW_BATTERY,Battery level: 23.5%
246,UAV 9,Control Center,LOW_BATTERY,Battery level: 28.5%
247,UAV 2,Control Center,LOW_BATTERY,Battery level: 28.3%
247,UAV 4,Control Center,LOW_BATTERY,Battery level: 25.0%
247,UAV 5,Control Center,LOW_BATTERY,Battery level: 20.7%
247,UAV 7,Control Center,LOW_BATTERY,Battery level: 23.5%
247,UAV 9,Control Center,LOW_BATTERY,Battery level: 28.5%
248,UAV 2,Control Center,LOW_BATTERY,Battery level: 28.3%
248,UAV 4,Control Center,LOW_BATTERY,Battery level: 25.0%
248,UAV 5,Control Center,LOW_BATTERY,Battery level: 20.7%
248,UAV 7,Control Center,LOW_BATTERY,Battery level: 23.5%
248,UAV 9,Control Center,LOW_BATTERY,Battery level: 28.5%
249,UAV 2,Control Center,LOW_BATTERY,Battery level: 28.3%
249,UAV 4,Control Center,LOW_BATTERY,Battery level: 25.0%
249,UAV 5,Control Center,LOW_BATTERY,Battery level: 20.7%
249,UAV 7,Control Center,LOW_BATTERY,Battery level: 23.5%
249,UAV 9,Control Center,LOW_BATTERY,Battery level: 28.5%
250,UAV 2,Control Center,LOW_BATTERY,Battery level: 28.3%
250,UAV 4,Control Center,LOW_BATTERY,Battery level: 25.0%
250,UAV 5,Control Center,LOW_BATTERY,Battery level: 20.7%
250,UAV 7,Control Center,LOW_BATTERY,Battery level: 23.5%
250,UAV 9,Control Center,LOW_BATTERY,Battery level: 28.5%
251,UAV 2,Control Center,LOW_BATTERY,Battery level: 28.3%
251,UAV 4,Control Center,LOW_BATTERY,Battery level: 25.0%
251,UAV 5,Control Center,LOW_BATTERY,Battery level: 20.7%
251,UAV 7,Control Center,LOW_BATTERY,Battery level: 23.5%
251,UAV 9,Control Center,LOW_BATTERY,Battery level: 28.5%
252,UAV 2,Control Center,LOW_BATTERY,Battery level: 28.3%
252,UAV 4,Control Center,LOW_BATTERY,Battery level: 25.0%
252,UAV 5,Control Center,LOW_BATTERY,Battery level: 20.7%
252,UAV 7,Control Center,LOW_BATTERY,Battery level: 23.5%
252,UAV 9,Control Center,LOW_BATTERY,Battery level: 28.5%
253,UAV 2,Control Center,LOW_BATTERY,Battery level: 28.3%
253,UAV 4,Control Center,LOW_BATTERY,Battery level: 25.0%
253,UAV 5,Control Center,LOW_BATTERY,Battery level: 20.7%
253,UAV 7,Control Center,LOW_BATTERY,Battery level: 23.5%
253,UAV 9,Control Center,LOW_BATTERY,Battery level: 28.5%
254,UAV 2,Control Center,LOW_BATTERY,Battery level: 28.3%
254,UAV 4,Control Center,LOW_BATTERY,Battery level: 25.0%
254,UAV 5,Control Center,LOW_BATTERY,Battery level: 20.7%
254,UAV 7,Control Center,LOW_BATTERY,Battery level: 23.5%
254,UAV 9,Control Center,LOW_BATTERY,Battery level: 28.5%
255,UAV 2,Control Center,LOW_BATTERY,Battery level: 28.3%
255,UAV 4,Control Center,LOW_BATTERY,Battery level: 25.0%
255,UAV 5,Control Center,LOW_BATTERY,Battery level: 20.7%
255,UAV 7,Control Center,LOW_BATTERY,Battery level: 23.5%
255,UAV 9,Control Center,LOW_BATTERY,Battery level: 28.5%
256,UAV 2,Control Center,LOW_BATTERY,Battery level: 28.3%
256,UAV 4,Control Center,LOW_BATTERY,Battery level: 25.0%
256,UAV 5,Control Center,LOW_BATTERY,Battery level: 20.7%
256,UAV 7,Control Center,LOW_BATTERY,Battery level: 23.5%
256,UAV 9,Control Center,LOW_BATTERY,Battery level: 28.5%
257,UAV 2,Control Center,LOW_BATTERY,Battery level: 28.3%
257,UAV 4,Control Center,LOW_BATTERY,Battery level: 25.0%
257,UAV 5,Control Center,LOW_BATTERY,Battery level: 20.7%
257,UAV 7,Control Center,LOW_BATTERY,Battery level: 23.5%
257,UAV 9,Control Center,LOW_BATTERY,Battery level: 28.5%
258,UAV 2,Control Center,LOW_BATTERY,Battery level: 28.3%
258,UAV 4,Control Center,LOW_BATTERY,Battery level: 25.0%
258,UAV 5,Control Center,LOW_BATTERY,Battery level: 20.7%
258,UAV 7,Control Center,LOW_BATTERY,Battery level: 23.5%
258,UAV 9,Control Center,LOW_BATTERY,Battery level: 28.5%
259,UAV 2,Control Center,LOW_BATTERY,Battery level: 28.3%
259,UAV 4,Control Center,LOW_BATTERY,Battery level: 25.0%
259,UAV 5,Control Center,LOW_BATTERY,Battery level: 20.7%
259,UAV 7,Control Center,LOW_BATTERY,Battery level: 23.5%
259,UAV 9,Control Center,LOW_BATTERY,Battery level: 28.5%
260,UAV 2,Control Center,LOW_BATTERY,Battery level: 28.3%
260,UAV 4,Control Center,LOW_BATTERY,Battery level: 25.0%
260,UAV 5,Control Center,LOW_BATTERY,Battery level: 20.7%
260,UAV 7,Control Center,LOW_BATTERY,Battery level: 23.5%
260,UAV 9,Control Center,LOW_BATTERY,Battery level: 28.5%
261,UAV 2,Control Center,LOW_BATTERY,Battery level: 28.3%
261,UAV 4,Control Center,LOW_BATTERY,Battery level: 25.0%
261,UAV 5,Control Center,LOW_BATTERY,Battery level: 20.7%
261,UAV 7,Control Center,LOW_BATTERY,Battery level: 23.5%
261,UAV 9,Control Center,LOW_BATTERY,Battery level: 28.5%
262,UAV 2,Control Center,LOW_BATTERY,Battery level: 28.3%
262,UAV 4,Control Center,LOW_BATTERY,Battery level: 25.0%
262,UAV 5,Control Center,LOW_BATTERY,Battery level: 20.7%
262,UAV 7,Control Center,LOW_BATTERY,Battery level: 23.5%
262,UAV 9,Control Center,LOW_BATTERY,Battery level: 28.5%
263,UAV 2,Control Center,LOW_BATTERY,Battery level: 28.3%
263,UAV 4,Control Center,LOW_BATTERY,Battery level: 25.0%
263,UAV 5,Control Center,LOW_BATTERY,Battery level: 20.7%
263,UAV 7,Control Center,LOW_BATTERY,Battery level: 23.5%
263,UAV 9,Control Center,LOW_BATTERY,Battery level: 28.5%
264,UAV 2,Control Center,LOW_BATTERY,Battery level: 28.3%
264,UAV 4,Control Center,LOW_BATTERY,Battery level: 25.0%
264,UAV 5,Control Center,LOW_BATTERY,Battery level: 20.7%
264,UAV 7,Control Center,LOW_BATTERY,Battery level: 23.5%
264,UAV 9,Control Center,LOW_BATTERY,Battery level: 28.5%
265,UAV 2,Control Center,LOW_BATTERY,Battery level: 28.3%
265,UAV 4,Control Center,LOW_BATTERY,Battery level: 25.0%
265,UAV 5,Control Center,LOW_BATTERY,Battery level: 20.7%
265,UAV 7,Control Center,LOW_BATTERY,Battery level: 23.5%
265,UAV 9,Control Center,LOW_BATTERY,Battery level: 28.5%
266,UAV 2,Control Center,LOW_BATTERY,Battery level: 28.3%
266,UAV 4,Control Center,LOW_BATTERY,Battery level: 25.0%
266,UAV 5,Control Center,LOW_BATTERY,Battery level: 20.7%
266,UAV 7,Control Center,LOW_BATTERY,Battery level: 23.5%
266,UAV 9,Control Center,LOW_BATTERY,Battery level: 28.5%
267,UAV 2,Control Center,LOW_BATTERY,Battery level: 28.3%
267,UAV 4,Control Center,LOW_BATTERY,Battery level: 25.0%
267,UAV 5,Control Center,LOW_BATTERY,Battery level: 20.7%
267,UAV 7,Control Center,LOW_BATTERY,Battery level: 23.5%
267,UAV 9,Control Center,LOW_BATTERY,Battery level: 28.5%
268,UAV 2,Control Center,LOW_BATTERY,Battery level: 28.3%
268,UAV 4,Control Center,LOW_BATTERY,Battery level: 25.0%
268,UAV 5,Control Center,LOW_BATTERY,Battery level: 20.7%
268,UAV 7,Control Center,LOW_BATTERY,Battery level: 23.5%
268,UAV 9,Control Center,LOW_BATTERY,Battery level: 28.5%
269,UAV 2,Control Center,LOW_BATTERY,Battery level: 28.3%
269,UAV 4,Control Center,LOW_BATTERY,Battery level: 25.0%
269,UAV 5,Control Center,LOW_BATTERY,Battery level: 20.7%
269,UAV 7,Control Center,LOW_BATTERY,Battery level: 23.5%
269,UAV 9,Control Center,LOW_BATTERY,Battery level: 28.5%
270,UAV 2,Control Center,LOW_BATTERY,Battery level: 28.3%
270,UAV 4,Control Center,LOW_BATTERY,Battery level: 25.0%
270,UAV 5,Control Center,LOW_BATTERY,Battery level: 20.7%
270,UAV 7,Control Center,LOW_BATTERY,Battery level: 23.5%
270,UAV 9,Control Center,LOW_BATTERY,Battery level: 28.5%
271,UAV 2,Control Center,LOW_BATTERY,Battery level: 28.3%
271,UAV 4,Control Center,LOW_BATTERY,Battery level: 25.0%
271,UAV 5,Control Center,LOW_BATTERY,Battery level: 20.7%
271,UAV 7,Control Center,LOW_BATTERY,Battery level: 23.5%
271,UAV 9,Control Center,LOW_BATTERY,Battery level: 28.5%
272,UAV 2,Control Center,LOW_BATTERY,Battery level: 28.3%
272,UAV 4,Control Center,LOW_BATTERY,Battery level: 25.0%
272,UAV 5,Control Center,LOW_BATTERY,Battery level: 20.7%
272,UAV 7,Control Center,LOW_BATTERY,Battery level: 23.5%
272,UAV 9,Control Center,LOW_BATTERY,Battery level: 28.5%
273,UAV 2,Control Center,LOW_BATTERY,Battery level: 28.3%
273,UAV 4,Control Center,LOW_BATTERY,Battery level: 25.0%
273,UAV 5,Control Center,LOW_BATTERY,Battery level: 20.7%
273,UAV 7,Control Center,LOW_BATTERY,Battery level: 23.5%
273,UAV 9,Control Center,LOW_BATTERY,Battery level: 28.5%
274,UAV 2,Control Center,LOW_BATTERY,Battery level: 28.3%
274,UAV 4,Control Center,LOW_BATTERY,Battery level: 25.0%
274,UAV 5,Control Center,LOW_BATTERY,Battery level: 20.7%
274,UAV 7,Control Center,LOW_BATTERY,Battery level: 23.5%
274,UAV 9,Control Center,LOW_BATTERY,Battery level: 28.5%
275,UAV 2,Control Center,LOW_BATTERY,Battery level: 28.3%
275,UAV 4,Control Center,LOW_BATTERY,Battery level: 25.0%
275,UAV 5,Control Center,LOW_BATTERY,Battery level: 20.7%
275,UAV 7,Control Center,LOW_BATTERY,Battery level: 23.5%
275,UAV 9,Control Center,LOW_BATTERY,Battery level: 28.5%
276,UAV 2,Control Center,LOW_BATTERY,Battery level: 28.3%
276,UAV 4,Control Center,LOW_BATTERY,Battery level: 25.0%
276,UAV 5,Control Center,LOW_BATTERY,Battery level: 20.7%
276,UAV 7,Control Center,LOW_BATTERY,Battery level: 23.5%
276,UAV 9,Control Center,LOW_BATTERY,Battery level: 28.5%
277,UAV 2,Control Center,LOW_BATTERY,Battery level: 28.3%
277,UAV 4,Control Center,LOW_BATTERY,Battery level: 25.0%
277,UAV 5,Control Center,LOW_BATTERY,Battery level: 20.7%
277,UAV 7,Control Center,LOW_BATTERY,Battery level: 23.5%
277,UAV 9,Control Center,LOW_BATTERY,Battery level: 28.5%
278,UAV 2,Control Center,LOW_BATTERY,Battery level: 28.3%
278,UAV 4,Control Center,LOW_BATTERY,Battery level: 25.0%
278,UAV 5,Control Center,LOW_BATTERY,Battery level: 20.7%
278,UAV 7,Control Center,LOW_BATTERY,Battery level: 23.5%
278,UAV 9,Control Center,LOW_BATTERY,Battery level: 28.5%
279,UAV 2,Control Center,LOW_BATTERY,Battery level: 28.3%
279,UAV 4,Control Center,LOW_BATTERY,Battery level: 25.0%
279,UAV 5,Control Center,LOW_BATTERY,Battery level: 20.7%
279,UAV 7,Control Center,LOW_BATTERY,Battery level: 23.5%
279,UAV 9,Control Center,LOW_BATTERY,Battery level: 28.5%
280,UAV 2,Control Center,LOW_BATTERY,Battery level: 28.3%
280,UAV 4,Control Center,LOW_BATTERY,Battery level: 25.0%
280,UAV 5,Control Center,LOW_BATTERY,Battery level: 20.7%
280,UAV 7,Control Center,LOW_BATTERY,Battery level: 23.5%
280,UAV 9,Control Center,LOW_BATTERY,Battery level: 28.5%
281,UAV 2,Control Center,LOW_BATTERY,Battery level: 28.3%
281,UAV 4,Control Center,LOW_BATTERY,Battery level: 25.0%
281,UAV 5,Control Center,LOW_BATTERY,Battery level: 20.7%
281,UAV 7,Control Center,LOW_BATTERY,Battery level: 23.5%
281,UAV 9,Control Center,LOW_BATTERY,Battery level: 28.5%
282,UAV 2,Control Center,LOW_BATTERY,Battery level: 28.3%
282,UAV 4,Control Center,LOW_BATTERY,Battery level: 25.0%
282,UAV 5,Control Center,LOW_BATTERY,Battery level: 20.7%
282,UAV 7,Control Center,LOW_BATTERY,Battery level: 23.5%
282,UAV 9,Control Center,LOW_BATTERY,Battery level: 28.5%
283,UAV 2,Control Center,LOW_BATTERY,Battery level: 28.3%
283,UAV 4,Control Center,LOW_BATTERY,Battery level: 25.0%
283,UAV 5,Control Center,LOW_BATTERY,Battery level: 20.7%
283,UAV 7,Control Center,LOW_BATTERY,Battery level: 23.5%
283,UAV 9,Control Center,LOW_BATTERY,Battery level: 28.5%
284,UAV 2,Control Center,LOW_BATTERY,Battery level: 28.3%
284,UAV 4,Control Center,LOW_BATTERY,Battery level: 25.0%
284,UAV 5,Control Center,LOW_BATTERY,Battery level: 20.7%
284,UAV 7,Control Center,LOW_BATTERY,Battery level: 23.5%
284,UAV 9,Control Center,LOW_BATTERY,Battery level: 28.5%
285,UAV 2,Control Center,LOW_BATTERY,Battery level: 28.3%
285,UAV 4,Control Center,LOW_BATTERY,Battery level: 25.0%
285,UAV 5,Control Center,LOW_BATTERY,Battery level: 20.7%
285,UAV 7,Control Center,LOW_BATTERY,Battery level: 23.5%
285,UAV 9,Control Center,LOW_BATTERY,Battery level: 28.5%
286,UAV 2,Control Center,LOW_BATTERY,Battery level: 28.3%
286,UAV 4,Control Center,LOW_BATTERY,Battery level: 25.0%
286,UAV 5,Control Center,LOW_BATTERY,Battery level: 20.7%
286,UAV 7,Control Center,LOW_BATTERY,Battery level: 23.5%
286,UAV 9,Control Center,LOW_BATTERY,Battery level: 28.5%
287,UAV 2,Control Center,LOW_BATTERY,Battery level: 28.3%
287,UAV 4,Control Center,LOW_BATTERY,Battery level: 25.0%
287,UAV 5,Control Center,LOW_BATTERY,Battery level: 20.7%
287,UAV 7,Control Center,LOW_BATTERY,Battery level: 23.5%
287,UAV 9,Control Center,LOW_BATTERY,Battery level: 28.5%
288,UAV 2,Control Center,LOW_BATTERY,Battery level: 28.3%
288,UAV 4,Control Center,LOW_BATTERY,Battery level: 25.0%
288,UAV 5,Control Center,LOW_BATTERY,Battery level: 20.7%
288,UAV 7,Control Center,LOW_BATTERY,Battery level: 23.5%
288,UAV 9,Control Center,LOW_BATTERY,Battery level: 28.5%
289,UAV 2,Control Center,LOW_BATTERY,Battery level: 28.3%
289,UAV 4,Control Center,LOW_BATTERY,Battery level: 25.0%
289,UAV 5,Control Center,LOW_BATTERY,Battery level: 20.7%
289,UAV 7,Control Center,LOW_BATTERY,Battery level: 23.5%
289,UAV 9,Control Center,LOW_BATTERY,Battery level: 28.5%
290,UAV 2,Control Center,LOW_BATTERY,Battery level: 28.3%
290,UAV 4,Control Center,LOW_BATTERY,Battery level: 25.0%
290,UAV 5,Control Center,LOW_BATTERY,Battery level: 20.7%
290,UAV 7,Control Center,LOW_BATTERY,Battery level: 23.5%
290,UAV 9,Control Center,LOW_BATTERY,Battery level: 28.5%
291,UAV 2,Control Center,LOW_BATTERY,Battery level: 28.3%
291,UAV 4,Control Center,LOW_BATTERY,Battery level: 25.0%
291,UAV 5,Control Center,LOW_BATTERY,Battery level: 20.7%
291,UAV 7,Control Center,LOW_BATTERY,Battery level: 23.5%
291,UAV 9,Control Center,LOW_BATTERY,Battery level: 28.5%
292,UAV 2,Control Center,LOW_BATTERY,Battery level: 28.3%
292,UAV 4,Control Center,LOW_BATTERY,Battery level: 25.0%
292,UAV 5,Control Center,LOW_BATTERY,Battery level: 20.7%
292,UAV 7,Control Center,LOW_BATTERY,Battery level: 23.5%
292,UAV 9,Control Center,LOW_BATTERY,Battery level: 28.5%
293,UAV 2,Control Center,LOW_BATTERY,Battery level: 28.3%
293,UAV 4,Control Center,LOW_BATTERY,Battery level: 25.0%
293,UAV 5,Control Center,LOW_BATTERY,Battery level: 20.7%
293,UAV 7,Control Center,LOW_BATTERY,Battery level: 23.5%
293,UAV 9,Control Center,LOW_BATTERY,Battery level: 28.5%
294,UAV 2,Control Center,LOW_BATTERY,Battery level: 28.3%
294,UAV 4,Control Center,LOW_BATTERY,Battery level: 25.0%
294,UAV 5,Control Center,LOW_BATTERY,Battery level: 20.7%
294,UAV 7,Control Center,LOW_BATTERY,Battery level: 23.5%
294,UAV 9,Control Center,LOW_BATTERY,Battery level: 28.5%
295,UAV 2,Control Center,LOW_BATTERY,Battery level: 28.3%
295,UAV 4,Control Center,LOW_BATTERY,Battery level: 25.0%
295,UAV 5,Control Center,LOW_BATTERY,Battery level: 20.7%
295,UAV 7,Control Center,LOW_BATTERY,Battery level: 23.5%
295,UAV 9,Control Center,LOW_BATTERY,Battery level: 28.5%
296,UAV 2,Control Center,LOW_BATTERY,Battery level: 28.3%
296,UAV 4,Control Center,LOW_BATTERY,Battery level: 25.0%
296,UAV 5,Control Center,LOW_BATTERY,Battery level: 20.7%
296,UAV 7,Control Center,LOW_BATTERY,Battery level: 23.5%
296,UAV 9,Control Center,LOW_BATTERY,Battery level: 28.5%
297,UAV 2,Control Center,LOW_BATTERY,Battery level: 28.3%
297,UAV 4,Control Center,LOW_BATTERY,Battery level: 25.0%
297,UAV 5,Control Center,LOW_BATTERY,Battery level: 20.7%
297,UAV 7,Control Center,LOW_BATTERY,Battery level: 23.5%
297,UAV 9,Control Center,LOW_BATTERY,Battery level: 28.5%
298,UAV 2,Control Center,LOW_BATTERY,Battery level: 28.3%
298,UAV 4,Control Center,LOW_BATTERY,Battery level: 25.0%
298,UAV 5,Control Center,LOW_BATTERY,Battery level: 20.7%
298,UAV 7,Control Center,LOW_BATTERY,Battery level: 23.5%
298,UAV 9,Control Center,LOW_BATTERY,Battery level: 28.5%
299,UAV 2,Control Center,LOW_BATTERY,Battery level: 28.3%
299,UAV 4,Control Center,LOW_BATTERY,Battery level: 25.0%
299,UAV 5,Control Center,LOW_BATTERY,Battery level: 20.7%
299,UAV 7,Control Center,LOW_BATTERY,Battery level: 23.5%
299,UAV 9,Control Center,LOW_BATTERY,Battery level: 28.5%
300,UAV 2,Control Center,LOW_BATTERY,Battery level: 28.3%
300,UAV 4,Control Center,LOW_BATTERY,Battery level: 25.0%
300,UAV 5,Control Center,LOW_BATTERY,Battery level: 20.7%
300,UAV 7,Control Center,LOW_BATTERY,Battery level: 23.5%
300,UAV 9,Control Center,LOW_BATTERY,Battery level: 28.5%
301,UAV 2,Control Center,LOW_BATTERY,Battery level: 28.3%
301,UAV 4,Control Center,LOW_BATTERY,Battery level: 25.0%
301,UAV 5,Control Center,LOW_BATTERY,Battery level: 20.7%
301,UAV 7,Control Center,LOW_BATTERY,Battery level: 23.5%
301,UAV 9,Control Center,LOW_BATTERY,Battery level: 28.5%
302,UAV 2,Control Center,LOW_BATTERY,Battery level: 28.3%
302,UAV 4,Control Center,LOW_BATTERY,Battery level: 25.0%
302,UAV 5,Control Center,LOW_BATTERY,Battery level: 20.7%
302,UAV 7,Control Center,LOW_BATTERY,Battery level: 23.5%
302,UAV 9,Control Center,LOW_BATTERY,Battery level: 28.5%
303,UAV 2,Control Center,LOW_BATTERY,Battery level: 28.3%
303,UAV 4,Control Center,LOW_BATTERY,Battery level: 25.0%
303,UAV 5,Control Center,LOW_BATTERY,Battery level: 20.7%
303,UAV 7,Control Center,LOW_BATTERY,Battery level: 23.5%
303,UAV 9,Control Center,LOW_BATTERY,Battery level: 28.5%
304,UAV 2,Control Center,LOW_BATTERY,Battery level: 28.3%
304,UAV 4,Control Center,LOW_BATTERY,Battery level: 25.0%
304,UAV 5,Control Center,LOW_BATTERY,Battery level: 20.7%
304,UAV 7,Control Center,LOW_BATTERY,Battery level: 23.5%
304,UAV 9,Control Center,LOW_BATTERY,Battery level: 28.5%
305,UAV 2,Control Center,LOW_BATTERY,Battery level: 28.3%
305,UAV 4,Control Center,LOW_BATTERY,Battery level: 25.0%
305,UAV 5,Control Center,LOW_BATTERY,Battery level: 20.7%
305,UAV 7,Control Center,LOW_BATTERY,Battery level: 23.5%
305,UAV 9,Control Center,LOW_BATTERY,Battery level: 28.5%
306,UAV 2,Control Center,LOW_BATTERY,Battery level: 28.3%
306,UAV 4,Control Center,LOW_BATTERY,Battery level: 25.0%
306,UAV 5,Control Center,LOW_BATTERY,Battery level: 20.7%
306,UAV 7,Control Center,LOW_BATTERY,Battery level: 23.5%
306,UAV 9,Control Center,LOW_BATTERY,Battery level: 28.5%
307,UAV 2,Control Center,LOW_BATTERY,Battery level: 28.3%
307,UAV 4,Control Center,LOW_BATTERY,Battery level: 25.0%
307,UAV 5,Control Center,LOW_BATTERY,Battery level: 20.7%
307,UAV 7,Control Center,LOW_BATTERY,Battery level: 23.5%
307,UAV 9,Control Center,LOW_BATTERY,Battery level: 28.5%
308,UAV 2,Control Center,LOW_BATTERY,Battery level: 28.3%
308,UAV 4,Control Center,LOW_BATTERY,Battery level: 25.0%
308,UAV 5,Control Center,LOW_BATTERY,Battery level: 20.7%
308,UAV 7,Control Center,LOW_BATTERY,Battery level: 23.5%
308,UAV 9,Control Center,LOW_BATTERY,Battery level: 28.5%
309,UAV 2,Control Center,LOW_BATTERY,Battery level: 28.3%
309,UAV 4,Control Center,LOW_BATTERY,Battery level: 25.0%
309,UAV 5,Control Center,LOW_BATTERY,Battery level: 20.7%
309,UAV 7,Control Center,LOW_BATTERY,Battery level: 23.5%
309,UAV 9,Control Center,LOW_BATTERY,Battery level: 28.5%
310,UAV 2,Control Center,LOW_BATTERY,Battery level: 28.3%
310,UAV 4,Control Center,LOW_BATTERY,Battery level: 25.0%
310,UAV 5,Control Center,LOW_BATTERY,Battery level: 20.7%
310,UAV 7,Control Center,LOW_BATTERY,Battery level: 23.5%
310,UAV 9,Control Center,LOW_BATTERY,Battery level: 28.5%
311,UAV 2,Control Center,LOW_BATTERY,Battery level: 28.3%
311,UAV 4,Control Center,LOW_BATTERY,Battery level: 25.0%
311,UAV 5,Control Center,LOW_BATTERY,Battery level: 20.7%
311,UAV 7,Control Center,LOW_BATTERY,Battery level: 23.5%
311,UAV 9,Control Center,LOW_BATTERY,Battery level: 28.5%
312,UAV 2,Control Center,LOW_BATTERY,Battery level: 28.3%
312,UAV 4,Control Center,LOW_BATTERY,Battery level: 25.0%
312,UAV 5,Control Center,LOW_BATTERY,Battery level: 20.7%
312,UAV 7,Control Center,LOW_BATTERY,Battery level: 23.5%
312,UAV 9,Control Center,LOW_BATTERY,Battery level: 28.5%
313,UAV 2,Control Center,LOW_BATTERY,Battery level: 28.3%
313,UAV 4,Control Center,LOW_BATTERY,Battery level: 25.0%
313,UAV 5,Control Center,LOW_BATTERY,Battery level: 20.7%
313,UAV 7,Control Center,LOW_BATTERY,Battery level: 23.5%
313,UAV 9,Control Center,LOW_BATTERY,Battery level: 28.5%
314,UAV 2,Control Center,LOW_BATTERY,Battery level: 28.3%
314,UAV 4,Control Center,LOW_BATTERY,Battery level: 25.0%
314,UAV 5,Control Center,LOW_BATTERY,Battery level: 20.7%
314,UAV 7,Control Center,LOW_BATTERY,Battery level: 23.5%
314,UAV 9,Control Center,LOW_BATTERY,Battery level: 28.5%
315,UAV 2,Control Center,LOW_BATTERY,Battery level: 28.3%
315,UAV 4,Control Center,LOW_BATTERY,Battery level: 25.0%
315,UAV 5,Control Center,LOW_BATTERY,Battery level: 20.7%
315,UAV 7,Control Center,LOW_BATTERY,Battery level: 23.5%
315,UAV 9,Control Center,LOW_BATTERY,Battery level: 28.5%
316,UAV 2,Control Center,LOW_BATTERY,Battery level: 28.3%
316,UAV 4,Control Center,LOW_BATTERY,Battery level: 25.0%
316,UAV 5,Control Center,LOW_BATTERY,Battery level: 20.7%
316,UAV 7,Control Center,LOW_BATTERY,Battery level: 23.5%
316,UAV 9,Control Center,LOW_BATTERY,Battery level: 28.5%
317,UAV 2,Control Center,LOW_BATTERY,Battery level: 28.3%
317,UAV 4,Control Center,LOW_BATTERY,Battery level: 25.0%
317,UAV 5,Control Center,LOW_BATTERY,Battery level: 20.7%
317,UAV 7,Control Center,LOW_BATTERY,Battery level: 23.5%
317,UAV 9,Control Center,LOW_BATTERY,Battery level: 28.5%
318,UAV 2,Control Center,LOW_BATTERY,Battery level: 28.3%
318,UAV 4,Control Center,LOW_BATTERY,Battery level: 25.0%
318,UAV 5,Control Center,LOW_BATTERY,Battery level: 20.7%
318,UAV 7,Control Center,LOW_BATTERY,Battery level: 23.5%
318,UAV 9,Control Center,LOW_BATTERY,Battery level: 28.5%
319,UAV 2,Control Center,LOW_BATTERY,Battery level: 28.3%
319,UAV 4,Control Center,LOW_BATTERY,Battery level: 25.0%
319,UAV 5,Control Center,LOW_BATTERY,Battery level: 20.7%
319,UAV 7,Control Center,LOW_BATTERY,Battery level: 23.5%
319,UAV 9,Control Center,LOW_BATTERY,Battery level: 28.5%
320,UAV 2,Control Center,LOW_BATTERY,Battery level: 28.3%
320,UAV 4,Control Center,LOW_BATTERY,Battery level: 25.0%
320,UAV 5,Control Center,LOW_BATTERY,Battery level: 20.7%
320,UAV 7,Control Center,LOW_BATTERY,Battery level: 23.5%
320,UAV 9,Control Center,LOW_BATTERY,Battery level: 28.5%
321,UAV 2,Control Center,LOW_BATTERY,Battery level: 28.3%
321,UAV 4,Control Center,LOW_BATTERY,Battery level: 25.0%
321,UAV 5,Control Center,LOW_BATTERY,Battery level: 20.7%
321,UAV 7,Control Center,LOW_BATTERY,Battery level: 23.5%
321,UAV 9,Control Center,LOW_BATTERY,Battery level: 28.5%
322,UAV 2,Control Center,LOW_BATTERY,Battery level: 28.3%
322,UAV 4,Control Center,LOW_BATTERY,Battery level: 25.0%
322,UAV 5,Control Center,LOW_BATTERY,Battery level: 20.7%
322,UAV 7,Control Center,LOW_BATTERY,Battery level: 23.5%
322,UAV 9,Control Center,LOW_BATTERY,Battery level: 28.5%
323,UAV 2,Control Center,LOW_BATTERY,Battery level: 28.3%
323,UAV 4,Control Center,LOW_BATTERY,Battery level: 25.0%
323,UAV 5,Control Center,LOW_BATTERY,Battery level: 20.7%
323,UAV 7,Control Center,LOW_BATTERY,Battery level: 23.5%
323,UAV 9,Control Center,LOW_BATTERY,Battery level: 28.5%
324,UAV 2,Control Center,LOW_BATTERY,Battery level: 28.3%
324,UAV 4,Control Center,LOW_BATTERY,Battery level: 25.0%
324,UAV 5,Control Center,LOW_BATTERY,Battery level: 20.7%
324,UAV 7,Control Center,LOW_BATTERY,Battery level: 23.5%
324,UAV 9,Control Center,LOW_BATTERY,Battery level: 28.5%
325,UAV 2,Control Center,LOW_BATTERY,Battery level: 28.3%
325,UAV 4,Control Center,LOW_BATTERY,Battery level: 25.0%
325,UAV 5,Control Center,LOW_BATTERY,Battery level: 20.7%
325,UAV 7,Control Center,LOW_BATTERY,Battery level: 23.5%
325,UAV 9,Control Center,LOW_BATTERY,Battery level: 28.5%
326,UAV 2,Control Center,LOW_BATTERY,Battery level: 28.3%
326,UAV 4,Control Center,LOW_BATTERY,Battery level: 25.0%
326,UAV 5,Control Center,LOW_BATTERY,Battery level: 20.7%
326,UAV 7,Control Center,LOW_BATTERY,Battery level: 23.5%
326,UAV 9,Control Center,LOW_BATTERY,Battery level: 28.5%
327,UAV 2,Control Center,LOW_BATTERY,Battery level: 28.3%
327,UAV 4,Control Center,LOW_BATTERY,Battery level: 25.0%
327,UAV 5,Control Center,LOW_BATTERY,Battery level: 20.7%
327,UAV 7,Control Center,LOW_BATTERY,Battery level: 23.5%
327,UAV 9,Control Center,LOW_BATTERY,Battery level: 28.5%
328,UAV 2,Control Center,LOW_BATTERY,Battery level: 28.3%
328,UAV 4,Control Center,LOW_BATTERY,Battery level: 25.0%
328,UAV 5,Control Center,LOW_BATTERY,Battery level: 20.7%
328,UAV 7,Control Center,LOW_BATTERY,Battery level: 23.5%
328,UAV 9,Control Center,LOW_BATTERY,Battery level: 28.5%
329,UAV 2,Control Center,LOW_BATTERY,Battery level: 28.3%
329,UAV 4,Control Center,LOW_BATTERY,Battery level: 25.0%
329,UAV 5,Control Center,LOW_BATTERY,Battery level: 20.7%
329,UAV 7,Control Center,LOW_BATTERY,Battery level: 23.5%
329,UAV 9,Control Center,LOW_BATTERY,Battery level: 28.5%
330,UAV 2,Control Center,LOW_BATTERY,Battery level: 28.3%
330,UAV 4,Control Center,LOW_BATTERY,Battery level: 25.0%
330,UAV 5,Control Center,LOW_BATTERY,Battery level: 20.7%
330,UAV 7,Control Center,LOW_BATTERY,Battery level: 23.5%
330,UAV 9,Control Center,LOW_BATTERY,Battery level: 28.5%
331,UAV 2,Control Center,LOW_BATTERY,Battery level: 28.3%
331,UAV 4,Control Center,LOW_BATTERY,Battery level: 25.0%
331,UAV 5,Control Center,LOW_BATTERY,Battery level: 20.7%
331,UAV 7,Control Center,LOW_BATTERY,Battery level: 23.5%
331,UAV 9,Control Center,LOW_BATTERY,Battery level: 28.5%
332,UAV 2,Control Center,LOW_BATTERY,Battery level: 28.3%
332,UAV 4,Control Center,LOW_BATTERY,Battery level: 25.0%
332,UAV 5,Control Center,LOW_BATTERY,Battery level: 20.7%
332,UAV 7,Control Center,LOW_BATTERY,Battery level: 23.5%
332,UAV 9,Control Center,LOW_BATTERY,Battery level: 28.5%
333,UAV 2,Control Center,LOW_BATTERY,Battery level: 28.3%
333,UAV 4,Control Center,LOW_BATTERY,Battery level: 25.0%
333,UAV 5,Control Center,LOW_BATTERY,Battery level: 20.7%
333,UAV 7,Control Center,LOW_BATTERY,Battery level: 23.5%
333,UAV 9,Control Center,LOW_BATTERY,Battery level: 28.5%
334,UAV 2,Control Center,LOW_BATTERY,Battery level: 28.3%
334,UAV 4,Control Center,LOW_BATTERY,Battery level: 25.0%
334,UAV 5,Control Center,LOW_BATTERY,Battery level: 20.7%
334,UAV 7,Control Center,LOW_BATTERY,Battery level: 23.5%
334,UAV 9,Control Center,LOW_BATTERY,Battery level: 28.5%
335,UAV 2,Control Center,LOW_BATTERY,Battery level: 28.3%
335,UAV 4,Control Center,LOW_BATTERY,Battery level: 25.0%
335,UAV 5,Control Center,LOW_BATTERY,Battery level: 20.7%
335,UAV 7,Control Center,LOW_BATTERY,Battery level: 23.5%
335,UAV 9,Control Center,LOW_BATTERY,Battery level: 28.5%
336,UAV 2,Control Center,LOW_BATTERY,Battery level: 28.3%
336,UAV 4,Control Center,LOW_BATTERY,Battery level: 25.0%
336,UAV 5,Control Center,LOW_BATTERY,Battery level: 20.7%
336,UAV 7,Control Center,LOW_BATTERY,Battery level: 23.5%
336,UAV 9,Control Center,LOW_BATTERY,Battery level: 28.5%
337,UAV 2,Control Center,LOW_BATTERY,Battery level: 28.3%
337,UAV 4,Control Center,LOW_BATTERY,Battery level: 25.0%
337,UAV 5,Control Center,LOW_BATTERY,Battery level: 20.7%
337,UAV 7,Control Center,LOW_BATTERY,Battery level: 23.5%
337,UAV 9,Control Center,LOW_BATTERY,Battery level: 28.5%
338,UAV 2,Control Center,LOW_BATTERY,Battery level: 28.3%
338,UAV 4,Control Center,LOW_BATTERY,Battery level: 25.0%
338,UAV 5,Control Center,LOW_BATTERY,Battery level: 20.7%
338,UAV 7,Control Center,LOW_BATTERY,Battery level: 23.5%
338,UAV 9,Control Center,LOW_BATTERY,Battery level: 28.5%
339,UAV 2,Control Center,LOW_BATTERY,Battery level: 28.3%
339,UAV 4,Control Center,LOW_BATTERY,Battery level: 25.0%
339,UAV 5,Control Center,LOW_BATTERY,Battery level: 20.7%
339,UAV 7,Control Center,LOW_BATTERY,Battery level: 23.5%
339,UAV 9,Control Center,LOW_BATTERY,Battery level: 28.5%
340,UAV 2,Control Center,LOW_BATTERY,Battery level: 28.3%
340,UAV 4,Control Center,LOW_BATTERY,Battery level: 25.0%
340,UAV 5,Control Center,LOW_BATTERY,Battery level: 20.7%
340,UAV 7,Control Center,LOW_BATTERY,Battery level: 23.5%
340,UAV 9,Control Center,LOW_BATTERY,Battery level: 28.5%
341,UAV 2,Control Center,LOW_BATTERY,Battery level: 28.3%
341,UAV 4,Control Center,LOW_BATTERY,Battery level: 25.0%
341,UAV 5,Control Center,LOW_BATTERY,Battery level: 20.7%
341,UAV 7,Control Center,LOW_BATTERY,Battery level: 23.5%
341,UAV 9,Control Center,LOW_BATTERY,Battery level: 28.5%
342,UAV 2,Control Center,LOW_BATTERY,Battery level: 28.3%
342,UAV 4,Control Center,LOW_BATTERY,Battery level: 25.0%
342,UAV 5,Control Center,LOW_BATTERY,Battery level: 20.7%
342,UAV 7,Control Center,LOW_BATTERY,Battery level: 23.5%
342,UAV 9,Control Center,LOW_BATTERY,Battery level: 28.5%
343,UAV 2,Control Center,LOW_BATTERY,Battery level: 28.3%
343,UAV 4,Control Center,LOW_BATTERY,Battery level: 25.0%
343,UAV 5,Control Center,LOW_BATTERY,Battery level: 20.7%
343,UAV 7,Control Center,LOW_BATTERY,Battery level: 23.5%
343,UAV 9,Control Center,LOW_BATTERY,Battery level: 28.5%
344,UAV 2,Control Center,LOW_BATTERY,Battery level: 28.3%
344,UAV 4,Control Center,LOW_BATTERY,Battery level: 25.0%
344,UAV 5,Control Center,LOW_BATTERY,Battery level: 20.7%
344,UAV 7,Control Center,LOW_BATTERY,Battery level: 23.5%
344,UAV 9,Control Center,LOW_BATTERY,Battery level: 28.5%
345,UAV 2,Control Center,LOW_BATTERY,Battery level: 28.3%
345,UAV 4,Control Center,LOW_BATTERY,Battery level: 25.0%
345,UAV 5,Control Center,LOW_BATTERY,Battery level: 20.7%
345,UAV 7,Control Center,LOW_BATTERY,Battery level: 23.5%
345,UAV 9,Control Center,LOW_BATTERY,Battery level: 28.5%
346,UAV 2,Control Center,LOW_BATTERY,Battery level: 28.3%
346,UAV 4,Control Center,LOW_BATTERY,Battery level: 25.0%
346,UAV 5,Control Center,LOW_BATTERY,Battery level: 20.7%
346,UAV 7,Control Center,LOW_BATTERY,Battery level: 23.5%
346,UAV 9,Control Center,LOW_BATTERY,Battery level: 28.5%
347,UAV 2,Control Center,LOW_BATTERY,Battery level: 28.3%
347,UAV 4,Control Center,LOW_BATTERY,Battery level: 25.0%
347,UAV 5,Control Center,LOW_BATTERY,Battery level: 20.7%
347,UAV 7,Control Center,LOW_BATTERY,Battery level: 23.5%
347,UAV 9,Control Center,LOW_BATTERY,Battery level: 28.5%
348,UAV 2,Control Center,LOW_BATTERY,Battery level: 28.3%
348,UAV 4,Control Center,LOW_BATTERY,Battery level: 25.0%
348,UAV 5,Control Center,LOW_BATTERY,Battery level: 20.7%
348,UAV 7,Control Center,LOW_BATTERY,Battery level: 23.5%
348,UAV 9,Control Center,LOW_BATTERY,Battery level: 28.5%
349,UAV 2,Control Center,LOW_BATTERY,Battery level: 28.3%
349,UAV 4,Control Center,LOW_BATTERY,Battery level: 25.0%
349,UAV 5,Control Center,LOW_BATTERY,Battery level: 20.7%
349,UAV 7,Control Center,LOW_BATTERY,Battery level: 23.5%
349,UAV 9,Control Center,LOW_BATTERY,Battery level: 28.5%
350,UAV 2,Control Center,LOW_BATTERY,Battery level: 28.3%
350,UAV 4,Control Center,LOW_BATTERY,Battery level: 25.0%
350,UAV 5,Control Center,LOW_BATTERY,Battery level: 20.7%
350,UAV 7,Control Center,LOW_BATTERY,Battery level: 23.5%
350,UAV 9,Control Center,LOW_BATTERY,Battery level: 28.5%
351,UAV 2,Control Center,LOW_BATTERY,Battery level: 28.3%
351,UAV 4,Control Center,LOW_BATTERY,Battery level: 25.0%
351,UAV 5,Control Center,LOW_BATTERY,Battery level: 20.7%
351,UAV 7,Control Center,LOW_BATTERY,Battery level: 23.5%
351,UAV 9,Control Center,LOW_BATTERY,Battery level: 28.5%
352,UAV 2,Control Center,LOW_BATTERY,Battery level: 28.3%
352,UAV 4,Control Center,LOW_BATTERY,Battery level: 25.0%
352,UAV 5,Control Center,LOW_BATTERY,Battery level: 20.7%
352,UAV 7,Control Center,LOW_BATTERY,Battery level: 23.5%
352,UAV 9,Control Center,LOW_BATTERY,Battery level: 28.5%
353,UAV 2,Control Center,LOW_BATTERY,Battery level: 28.3%
353,UAV 4,Control Center,LOW_BATTERY,Battery level: 25.0%
353,UAV 5,Control Center,LOW_BATTERY,Battery level: 20.7%
353,UAV 7,Control Center,LOW_BATTERY,Battery level: 23.5%
353,UAV 9,Control Center,LOW_BATTERY,Battery level: 28.5%
354,UAV 2,Control Center,LOW_BATTERY,Battery level: 28.3%
354,UAV 4,Control Center,LOW_BATTERY,Battery level: 25.0%
354,UAV 5,Control Center,LOW_BATTERY,Battery level: 20.7%
354,UAV 7,Control Center,LOW_BATTERY,Battery level: 23.5%
354,UAV 9,Control Center,LOW_BATTERY,Battery level: 28.5%
355,UAV 2,Control Center,LOW_BATTERY,Battery level: 28.3%
355,UAV 4,Control Center,LOW_BATTERY,Battery level: 25.0%
355,UAV 5,Control Center,LOW_BATTERY,Battery level: 20.7%
355,UAV 7,Control Center,LOW_BATTERY,Battery level: 23.5%
355,UAV 9,Control Center,LOW_BATTERY,Battery level: 28.5%
356,UAV 2,Control Center,LOW_BATTERY,Battery level: 28.3%
356,UAV 4,Control Center,LOW_BATTERY,Battery level: 25.0%
356,UAV 5,Control Center,LOW_BATTERY,Battery level: 20.7%
356,UAV 7,Control Center,LOW_BATTERY,Battery level: 23.5%
356,UAV 9,Control Center,LOW_BATTERY,Battery level: 28.5%
357,UAV 2,Control Center,LOW_BATTERY,Battery level: 28.3%
357,UAV 4,Control Center,LOW_BATTERY,Battery level: 25.0%
357,UAV 5,Control Center,LOW_BATTERY,Battery level: 20.7%
357,UAV 7,Control Center,LOW_BATTERY,Battery level: 23.5%
357,UAV 9,Control Center,LOW_BATTERY,Battery level: 28.5%
358,UAV 2,Control Center,LOW_BATTERY,Battery level: 28.3%
358,UAV 4,Control Center,LOW_BATTERY,Battery level: 25.0%
358,UAV 5,Control Center,LOW_BATTERY,Battery level: 20.7%
358,UAV 7,Control Center,LOW_BATTERY,Battery level: 23.5%
358,UAV 9,Control Center,LOW_BATTERY,Battery level: 28.5%
359,UAV 2,Control Center,LOW_BATTERY,Battery level: 28.3%
359,UAV 4,Control Center,LOW_BATTERY,Battery level: 25.0%
359,UAV 5,Control Center,LOW_BATTERY,Battery level: 20.7%
359,UAV 7,Control Center,LOW_BATTERY,Battery level: 23.5%
359,UAV 9,Control Center,LOW_BATTERY,Battery level: 28.5%
360,UAV 2,Control Center,LOW_BATTERY,Battery level: 28.3%
360,UAV 4,Control Center,LOW_BATTERY,Battery level: 25.0%
360,UAV 5,Control Center,LOW_BATTERY,Battery level: 20.7%
360,UAV 7,Control Center,LOW_BATTERY,Battery level: 23.5%
360,UAV 9,Control Center,LOW_BATTERY,Battery level: 28.5%
361,UAV 2,Control Center,LOW_BATTERY,Battery level: 28.3%
361,UAV 4,Control Center,LOW_BATTERY,Battery level: 25.0%
361,UAV 5,Control Center,LOW_BATTERY,Battery level: 20.7%
361,UAV 7,Control Center,LOW_BATTERY,Battery level: 23.5%
361,UAV 9,Control Center,LOW_BATTERY,Battery level: 28.5%
362,UAV 2,Control Center,LOW_BATTERY,Battery level: 28.3%
362,UAV 4,Control Center,LOW_BATTERY,Battery level: 25.0%
362,UAV 5,Control Center,LOW_BATTERY,Battery level: 20.7%
362,UAV 7,Control Center,LOW_BATTERY,Battery level: 23.5%
362,UAV 9,Control Center,LOW_BATTERY,Battery level: 28.5%
363,UAV 2,Control Center,LOW_BATTERY,Battery level: 28.3%
363,UAV 4,Control Center,LOW_BATTERY,Battery level: 25.0%
363,UAV 5,Control Center,LOW_BATTERY,Battery level: 20.7%
363,UAV 7,Control Center,LOW_BATTERY,Battery level: 23.5%
363,UAV 9,Control Center,LOW_BATTERY,Battery level: 28.5%
364,UAV 2,Control Center,LOW_BATTERY,Battery level: 28.3%
364,UAV 4,Control Center,LOW_BATTERY,Battery level: 25.0%
364,UAV 5,Control Center,LOW_BATTERY,Battery level: 20.7%
364,UAV 7,Control Center,LOW_BATTERY,Battery level: 23.5%
364,UAV 9,Control Center,LOW_BATTERY,Battery level: 28.5%
365,UAV 2,Control Center,LOW_BATTERY,Battery level: 28.3%
365,UAV 4,Control Center,LOW_BATTERY,Battery level: 25.0%
365,UAV 5,Control Center,LOW_BATTERY,Battery level: 20.7%
365,UAV 7,Control Center,LOW_BATTERY,Battery level: 23.5%
365,UAV 9,Control Center,LOW_BATTERY,Battery level: 28.5%
366,UAV 2,Control Center,LOW_BATTERY,Battery level: 28.3%
366,UAV 4,Control Center,LOW_BATTERY,Battery level: 25.0%
366,UAV 5,Control Center,LOW_BATTERY,Battery level: 20.7%
366,UAV 7,Control Center,LOW_BATTERY,Battery level: 23.5%
366,UAV 9,Control Center,LOW_BATTERY,Battery level: 28.5%
367,UAV 2,Control Center,LOW_BATTERY,Battery level: 28.3%
367,UAV 4,Control Center,LOW_BATTERY,Battery level: 25.0%
367,UAV 5,Control Center,LOW_BATTERY,Battery level: 20.7%
367,UAV 7,Control Center,LOW_BATTERY,Battery level: 23.5%
367,UAV 9,Control Center,LOW_BATTERY,Battery level: 28.5%
368,UAV 2,Control Center,LOW_BATTERY,Battery level: 28.3%
368,UAV 4,Control Center,LOW_BATTERY,Battery level: 25.0%
368,UAV 5,Control Center,LOW_BATTERY,Battery level: 20.7%
368,UAV 7,Control Center,LOW_BATTERY,Battery level: 23.5%
368,UAV 9,Control Center,LOW_BATTERY,Battery level: 28.5%
369,UAV 2,Control Center,LOW_BATTERY,Battery level: 28.3%
369,UAV 4,Control Center,LOW_BATTERY,Battery level: 25.0%
369,UAV 5,Control Center,LOW_BATTERY,Battery level: 20.7%
369,UAV 7,Control Center,LOW_BATTERY,Battery level: 23.5%
369,UAV 9,Control Center,LOW_BATTERY,Battery level: 28.5%
370,UAV 2,Control Center,LOW_BATTERY,Battery level: 28.3%
370,UAV 4,Control Center,LOW_BATTERY,Battery level: 25.0%
370,UAV 5,Control Center,LOW_BATTERY,Battery level: 20.7%
370,UAV 7,Control Center,LOW_BATTERY,Battery level: 23.5%
370,UAV 9,Control Center,LOW_BATTERY,Battery level: 28.5%
371,UAV 2,Control Center,LOW_BATTERY,Battery level: 28.3%
371,UAV 4,Control Center,LOW_BATTERY,Battery level: 25.0%
371,UAV 5,Control Center,LOW_BATTERY,Battery level: 20.7%
371,UAV 7,Control Center,LOW_BATTERY,Battery level: 23.5%
371,UAV 9,Control Center,LOW_BATTERY,Battery level: 28.5%
372,UAV 2,Control Center,LOW_BATTERY,Battery level: 28.3%
372,UAV 4,Control Center,LOW_BATTERY,Battery level: 25.0%
372,UAV 5,Control Center,LOW_BATTERY,Battery level: 20.7%
372,UAV 7,Control Center,LOW_BATTERY,Battery level: 23.5%
372,UAV 9,Control Center,LOW_BATTERY,Battery level: 28.5%
373,UAV 2,Control Center,LOW_BATTERY,Battery level: 28.3%
373,UAV 4,Control Center,LOW_BATTERY,Battery level: 25.0%
373,UAV 5,Control Center,LOW_BATTERY,Battery level: 20.7%
373,UAV 7,Control Center,LOW_BATTERY,Battery level: 23.5%
373,UAV 9,Control Center,LOW_BATTERY,Battery level: 28.5%
374,UAV 2,Control Center,LOW_BATTERY,Battery level: 28.3%
374,UAV 4,Control Center,LOW_BATTERY,Battery level: 25.0%
374,UAV 5,Control Center,LOW_BATTERY,Battery level: 20.7%
374,UAV 7,Control Center,LOW_BATTERY,Battery level: 23.5%
374,UAV 9,Control Center,LOW_BATTERY,Battery level: 28.5%
375,UAV 2,Control Center,LOW_BATTERY,Battery level: 28.3%
375,UAV 4,Control Center,LOW_BATTERY,Battery level: 25.0%
375,UAV 5,Control Center,LOW_BATTERY,Battery level: 20.7%
375,UAV 7,Control Center,LOW_BATTERY,Battery level: 23.5%
375,UAV 9,Control Center,LOW_BATTERY,Battery level: 28.5%
376,UAV 2,Control Center,LOW_BATTERY,Battery level: 28.3%
376,UAV 4,Control Center,LOW_BATTERY,Battery level: 25.0%
376,UAV 5,Control Center,LOW_BATTERY,Battery level: 20.7%
376,UAV 7,Control Center,LOW_BATTERY,Battery level: 23.5%
376,UAV 9,Control Center,LOW_BATTERY,Battery level: 28.5%
377,UAV 2,Control Center,LOW_BATTERY,Battery level: 28.3%
377,UAV 4,Control Center,LOW_BATTERY,Battery level: 25.0%
377,UAV 5,Control Center,LOW_BATTERY,Battery level: 20.7%
377,UAV 7,Control Center,LOW_BATTERY,Battery level: 23.5%
377,UAV 9,Control Center,LOW_BATTERY,Battery level: 28.5%
378,UAV 2,Control Center,LOW_BATTERY,Battery level: 28.3%
378,UAV 4,Control Center,LOW_BATTERY,Battery level: 25.0%
378,UAV 5,Control Center,LOW_BATTERY,Battery level: 20.7%
378,UAV 7,Control Center,LOW_BATTERY,Battery level: 23.5%
378,UAV 9,Control Center,LOW_BATTERY,Battery level: 28.5%
379,UAV 2,Control Center,LOW_BATTERY,Battery level: 28.3%
379,UAV 4,Control Center,LOW_BATTERY,Battery level: 25.0%
379,UAV 5,Control Center,LOW_BATTERY,Battery level: 20.7%
379,UAV 7,Control Center,LOW_BATTERY,Battery level: 23.5%
379,UAV 9,Control Center,LOW_BATTERY,Battery level: 28.5%
380,UAV 2,Control Center,LOW_BATTERY,Battery level: 28.3%
380,UAV 4,Control Center,LOW_BATTERY,Battery level: 25.0%
380,UAV 5,Control Center,LOW_BATTERY,Battery level: 20.7%
380,UAV 7,Control Center,LOW_BATTERY,Battery level: 23.5%
380,UAV 9,Control Center,LOW_BATTERY,Battery level: 28.5%
381,UAV 2,Control Center,LOW_BATTERY,Battery level: 28.3%
381,UAV 4,Control Center,LOW_BATTERY,Battery level: 25.0%
381,UAV 5,Control Center,LOW_BATTERY,Battery level: 20.7%
381,UAV 7,Control Center,LOW_BATTERY,Battery level: 23.5%
381,UAV 9,Control Center,LOW_BATTERY,Battery level: 28.5%
382,UAV 2,Control Center,LOW_BATTERY,Battery level: 28.3%
382,UAV 4,Control Center,LOW_BATTERY,Battery level: 25.0%
382,UAV 5,Control Center,LOW_BATTERY,Battery level: 20.7%
382,UAV 7,Control Center,LOW_BATTERY,Battery level: 23.5%
382,UAV 9,Control Center,LOW_BATTERY,Battery level: 28.5%
383,UAV 2,Control Center,LOW_BATTERY,Battery level: 28.3%
383,UAV 4,Control Center,LOW_BATTERY,Battery level: 25.0%
383,UAV 5,Control Center,LOW_BATTERY,Battery level: 20.7%
383,UAV 7,Control Center,LOW_BATTERY,Battery level: 23.5%
383,UAV 9,Control Center,LOW_BATTERY,Battery level: 28.5%
384,UAV 2,Control Center,LOW_BATTERY,Battery level: 28.3%
384,UAV 4,Control Center,LOW_BATTERY,Battery level: 25.0%
384,UAV 5,Control Center,LOW_BATTERY,Battery level: 20.7%
384,UAV 7,Control Center,LOW_BATTERY,Battery level: 23.5%
384,UAV 9,Control Center,LOW_BATTERY,Battery level: 28.5%
385,UAV 2,Control Center,LOW_BATTERY,Battery level: 28.3%
385,UAV 4,Control Center,LOW_BATTERY,Battery level: 25.0%
385,UAV 5,Control Center,LOW_BATTERY,Battery level: 20.7%
385,UAV 7,Control Center,LOW_BATTERY,Battery level: 23.5%
385,UAV 9,Control Center,LOW_BATTERY,Battery level: 28.5%
386,UAV 2,Control Center,LOW_BATTERY,Battery level: 28.3%
386,UAV 4,Control Center,LOW_BATTERY,Battery level: 25.0%
386,UAV 5,Control Center,LOW_BATTERY,Battery level: 20.7%
386,UAV 7,Control Center,LOW_BATTERY,Battery level: 23.5%
386,UAV 9,Control Center,LOW_BATTERY,Battery level: 28.5%
387,UAV 2,Control Center,LOW_BATTERY,Battery level: 28.3%
387,UAV 4,Control Center,LOW_BATTERY,Battery level: 25.0%
387,UAV 5,Control Center,LOW_BATTERY,Battery level: 20.7%
387,UAV 7,Control Center,LOW_BATTERY,Battery level: 23.5%
387,UAV 9,Control Center,LOW_BATTERY,Battery level: 28.5%
388,UAV 2,Control Center,LOW_BATTERY,Battery level: 28.3%
388,UAV 4,Control Center,LOW_BATTERY,Battery level: 25.0%
388,UAV 5,Control Center,LOW_BATTERY,Battery level: 20.7%
388,UAV 7,Control Center,LOW_BATTERY,Battery level: 23.5%
388,UAV 9,Control Center,LOW_BATTERY,Battery level: 28.5%
389,UAV 2,Control Center,LOW_BATTERY,Battery level: 28.3%
389,UAV 4,Control Center,LOW_BATTERY,Battery level: 25.0%
389,UAV 5,Control Center,LOW_BATTERY,Battery level: 20.7%
389,UAV 7,Control Center,LOW_BATTERY,Battery level: 23.5%
389,UAV 9,Control Center,LOW_BATTERY,Battery level: 28.5%
390,UAV 2,Control Center,LOW_BATTERY,Battery level: 28.3%
390,UAV 4,Control Center,LOW_BATTERY,Battery level: 25.0%
390,UAV 5,Control Center,LOW_BATTERY,Battery level: 20.7%
390,UAV 7,Control Center,LOW_BATTERY,Battery level: 23.5%
390,UAV 9,Control Center,LOW_BATTERY,Battery level: 28.5%
391,UAV 2,Control Center,LOW_BATTERY,Battery level: 28.3%
391,UAV 4,Control Center,LOW_BATTERY,Battery level: 25.0%
391,UAV 5,Control Center,LOW_BATTERY,Battery level: 20.7%
391,UAV 7,Control Center,LOW_BATTERY,Battery level: 23.5%
391,UAV 9,Control Center,LOW_BATTERY,Battery level: 28.5%
392,UAV 2,Control Center,LOW_BATTERY,Battery level: 28.3%
392,UAV 4,Control Center,LOW_BATTERY,Battery level: 25.0%
392,UAV 5,Control Center,LOW_BATTERY,Battery level: 20.7%
392,UAV 7,Control Center,LOW_BATTERY,Battery level: 23.5%
392,UAV 9,Control Center,LOW_BATTERY,Battery level: 28.5%
393,UAV 2,Control Center,LOW_BATTERY,Battery level: 28.3%
393,UAV 4,Control Center,LOW_BATTERY,Battery level: 25.0%
393,UAV 5,Control Center,LOW_BATTERY,Battery level: 20.7%
393,UAV 7,Control Center,LOW_BATTERY,Battery level: 23.5%
393,UAV 9,Control Center,LOW_BATTERY,Battery level: 28.5%
394,UAV 2,Control Center,LOW_BATTERY,Battery level: 28.3%
394,UAV 4,Control Center,LOW_BATTERY,Battery level: 25.0%
394,UAV 5,Control Center,LOW_BATTERY,Battery level: 20.7%
394,UAV 7,Control Center,LOW_BATTERY,Battery level: 23.5%
394,UAV 9,Control Center,LOW_BATTERY,Battery level: 28.5%
395,UAV 2,Control Center,LOW_BATTERY,Battery level: 28.3%
395,UAV 4,Control Center,LOW_BATTERY,Battery level: 25.0%
395,UAV 5,Control Center,LOW_BATTERY,Battery level: 20.7%
395,UAV 7,Control Center,LOW_BATTERY,Battery level: 23.5%
395,UAV 9,Control Center,LOW_BATTERY,Battery level: 28.5%
396,UAV 2,Control Center,LOW_BATTERY,Battery level: 28.3%
396,UAV 4,Control Center,LOW_BATTERY,Battery level: 25.0%
396,UAV 5,Control Center,LOW_BATTERY,Battery level: 20.7%
396,UAV 7,Control Center,LOW_BATTERY,Battery level: 23.5%
396,UAV 9,Control Center,LOW_BATTERY,Battery level: 28.5%
397,UAV 2,Control Center,LOW_BATTERY,Battery level: 28.3%
397,UAV 4,Control Center,LOW_BATTERY,Battery level: 25.0%
397,UAV 5,Control Center,LOW_BATTERY,Battery level: 20.7%
397,UAV 7,Control Center,LOW_BATTERY,Battery level: 23.5%
397,UAV 9,Control Center,LOW_BATTERY,Battery level: 28.5%
398,UAV 2,Control Center,LOW_BATTERY,Battery level: 28.3%
398,UAV 4,Control Center,LOW_BATTERY,Battery level: 25.0%
398,UAV 5,Control Center,LOW_BATTERY,Battery level: 20.7%
398,UAV 7,Control Center,LOW_BATTERY,Battery level: 23.5%
398,UAV 9,Control Center,LOW_BATTERY,Battery level: 28.5%
399,UAV 2,Control Center,LOW_BATTERY,Battery level: 28.3%
399,UAV 4,Control Center,LOW_BATTERY,Battery level: 25.0%
399,UAV 5,Control Center,LOW_BATTERY,Battery level: 20.7%
399,UAV 7,Control Center,LOW_BATTERY,Battery level: 23.5%
399,UAV 9,Control Center,LOW_BATTERY,Battery level: 28.5%
400,UAV 2,Control Center,LOW_BATTERY,Battery level: 28.3%
400,UAV 4,Control Center,LOW_BATTERY,Battery level: 25.0%
400,UAV 5,Control Center,LOW_BATTERY,Battery level: 20.7%
400,UAV 7,Control Center,LOW_BATTERY,Battery level: 23.5%
400,UAV 9,Control Center,LOW_BATTERY,Battery level: 28.5%
401,UAV 2,Control Center,LOW_BATTERY,Battery level: 28.3%
401,UAV 4,Control Center,LOW_BATTERY,Battery level: 25.0%
401,UAV 5,Control Center,LOW_BATTERY,Battery level: 20.7%
401,UAV 7,Control Center,LOW_BATTERY,Battery level: 23.5%
401,UAV 9,Control Center,LOW_BATTERY,Battery level: 28.5%
402,UAV 2,Control Center,LOW_BATTERY,Battery level: 28.3%
402,UAV 4,Control Center,LOW_BATTERY,Battery level: 25.0%
402,UAV 5,Control Center,LOW_BATTERY,Battery level: 20.7%
402,UAV 7,Control Center,LOW_BATTERY,Battery level: 23.5%
402,UAV 9,Control Center,LOW_BATTERY,Battery level: 28.5%
403,UAV 2,Control Center,LOW_BATTERY,Battery level: 28.3%
403,UAV 4,Control Center,LOW_BATTERY,Battery level: 25.0%
403,UAV 5,Control Center,LOW_BATTERY,Battery level: 20.7%
403,UAV 7,Control Center,LOW_BATTERY,Battery level: 23.5%
403,UAV 9,Control Center,LOW_BATTERY,Battery level: 28.5%
404,UAV 2,Control Center,LOW_BATTERY,Battery level: 28.3%
404,UAV 4,Control Center,LOW_BATTERY,Battery level: 25.0%
404,UAV 5,Control Center,LOW_BATTERY,Battery level: 20.7%
404,UAV 7,Control Center,LOW_BATTERY,Battery level: 23.5%
404,UAV 9,Control Center,LOW_BATTERY,Battery level: 28.5%
405,UAV 2,Control Center,LOW_BATTERY,Battery level: 28.3%
405,UAV 4,Control Center,LOW_BATTERY,Battery level: 25.0%
405,UAV 5,Control Center,LOW_BATTERY,Battery level: 20.7%
405,UAV 7,Control Center,LOW_BATTERY,Battery level: 23.5%
405,UAV 9,Control Center,LOW_BATTERY,Battery level: 28.5%
406,UAV 2,Control Center,LOW_BATTERY,Battery level: 28.3%
406,UAV 4,Control Center,LOW_BATTERY,Battery level: 25.0%
406,UAV 5,Control Center,LOW_BATTERY,Battery level: 20.7%
406,UAV 7,Control Center,LOW_BATTERY,Battery level: 23.5%
406,UAV 9,Control Center,LOW_BATTERY,Battery level: 28.5%
407,UAV 2,Control Center,LOW_BATTERY,Battery level: 28.3%
407,UAV 4,Control Center,LOW_BATTERY,Battery level: 25.0%
407,UAV 5,Control Center,LOW_BATTERY,Battery level: 20.7%
407,UAV 7,Control Center,LOW_BATTERY,Battery level: 23.5%
407,UAV 9,Control Center,LOW_BATTERY,Battery level: 28.5%
408,UAV 2,Control Center,LOW_BATTERY,Battery level: 28.3%
408,UAV 4,Control Center,LOW_BATTERY,Battery level: 25.0%
408,UAV 5,Control Center,LOW_BATTERY,Battery level: 20.7%
408,UAV 7,Control Center,LOW_BATTERY,Battery level: 23.5%
408,UAV 9,Control Center,LOW_BATTERY,Battery level: 28.5%
409,UAV 2,Control Center,LOW_BATTERY,Battery level: 28.3%
409,UAV 4,Control Center,LOW_BATTERY,Battery level: 25.0%
409,UAV 5,Control Center,LOW_BATTERY,Battery level: 20.7%
409,UAV 7,Control Center,LOW_BATTERY,Battery level: 23.5%
409,UAV 9,Control Center,LOW_BATTERY,Battery level: 28.5%
410,UAV 2,Control Center,LOW_BATTERY,Battery level: 28.3%
410,UAV 4,Control Center,LOW_BATTERY,Battery level: 25.0%
410,UAV 5,Control Center,LOW_BATTERY,Battery level: 20.7%
410,UAV 7,Control Center,LOW_BATTERY,Battery level: 23.5%
410,UAV 9,Control Center,LOW_BATTERY,Battery level: 28.5%
411,UAV 2,Control Center,LOW_BATTERY,Battery level: 28.3%
411,UAV 4,Control Center,LOW_BATTERY,Battery level: 25.0%
411,UAV 5,Control Center,LOW_BATTERY,Battery level: 20.7%
411,UAV 7,Control Center,LOW_BATTERY,Battery level: 23.5%
411,UAV 9,Control Center,LOW_BATTERY,Battery level: 28.5%
412,UAV 2,Control Center,LOW_BATTERY,Battery level: 28.3%
412,UAV 4,Control Center,LOW_BATTERY,Battery level: 25.0%
412,UAV 5,Control Center,LOW_BATTERY,Battery level: 20.7%
412,UAV 7,Control Center,LOW_BATTERY,Battery level: 23.5%
412,UAV 9,Control Center,LOW_BATTERY,Battery level: 28.5%
413,UAV 2,Control Center,LOW_BATTERY,Battery level: 28.3%
413,UAV 4,Control Center,LOW_BATTERY,Battery level: 25.0%
413,UAV 5,Control Center,LOW_BATTERY,Battery level: 20.7%
413,UAV 7,Control Center,LOW_BATTERY,Battery level: 23.5%
413,UAV 9,Control Center,LOW_BATTERY,Battery level: 28.5%
414,UAV 2,Control Center,LOW_BATTERY,Battery level: 28.3%
414,UAV 4,Control Center,LOW_BATTERY,Battery level: 25.0%
414,UAV 5,Control Center,LOW_BATTERY,Battery level: 20.7%
414,UAV 7,Control Center,LOW_BATTERY,Battery level: 23.5%
414,UAV 9,Control Center,LOW_BATTERY,Battery level: 28.5%
415,UAV 2,Control Center,LOW_BATTERY,Battery level: 28.3%
415,UAV 4,Control Center,LOW_BATTERY,Battery level: 25.0%
415,UAV 5,Control Center,LOW_BATTERY,Battery level: 20.7%
415,UAV 7,Control Center,LOW_BATTERY,Battery level: 23.5%
415,UAV 9,Control Center,LOW_BATTERY,Battery level: 28.5%
416,UAV 2,Control Center,LOW_BATTERY,Battery level: 28.3%
416,UAV 4,Control Center,LOW_BATTERY,Battery level: 25.0%
416,UAV 5,Control Center,LOW_BATTERY,Battery level: 20.7%
416,UAV 7,Control Center,LOW_BATTERY,Battery level: 23.5%
416,UAV 9,Control Center,LOW_BATTERY,Battery level: 28.5%
417,UAV 2,Control Center,LOW_BATTERY,Battery level: 28.3%
417,UAV 4,Control Center,LOW_BATTERY,Battery level: 25.0%
417,UAV 5,Control Center,LOW_BATTERY,Battery level: 20.7%
417,UAV 7,Control Center,LOW_BATTERY,Battery level: 23.5%
417,UAV 9,Control Center,LOW_BATTERY,Battery level: 28.5%
418,UAV 2,Control Center,LOW_BATTERY,Battery level: 28.3%
418,UAV 4,Control Center,LOW_BATTERY,Battery level: 25.0%
418,UAV 5,Control Center,LOW_BATTERY,Battery level: 20.7%
418,UAV 7,Control Center,LOW_BATTERY,Battery level: 23.5%
418,UAV 9,Control Center,LOW_BATTERY,Battery level: 28.5%
419,UAV 2,Control Center,LOW_BATTERY,Battery level: 28.3%
419,UAV 4,Control Center,LOW_BATTERY,Battery level: 25.0%
419,UAV 5,Control Center,LOW_BATTERY,Battery level: 20.7%
419,UAV 7,Control Center,LOW_BATTERY,Battery level: 23.5%
419,UAV 9,Control Center,LOW_BATTERY,Battery level: 28.5%
420,UAV 2,Control Center,LOW_BATTERY,Battery level: 28.3%
420,UAV 4,Control Center,LOW_BATTERY,Battery level: 25.0%
420,UAV 5,Control Center,LOW_BATTERY,Battery level: 20.7%
420,UAV 7,Control Center,LOW_BATTERY,Battery level: 23.5%
420,UAV 9,Control Center,LOW_BATTERY,Battery level: 28.5%
421,UAV 2,Control Center,LOW_BATTERY,Battery level: 28.3%
421,UAV 4,Control Center,LOW_BATTERY,Battery level: 25.0%
421,UAV 5,Control Center,LOW_BATTERY,Battery level: 20.7%
421,UAV 7,Control Center,LOW_BATTERY,Battery level: 23.5%
421,UAV 9,Control Center,LOW_BATTERY,Battery level: 28.5%
422,UAV 2,Control Center,LOW_BATTERY,Battery level: 28.3%
422,UAV 4,Control Center,LOW_BATTERY,Battery level: 25.0%
422,UAV 5,Control Center,LOW_BATTERY,Battery level: 20.7%
422,UAV 7,Control Center,LOW_BATTERY,Battery level: 23.5%
422,UAV 9,Control Center,LOW_BATTERY,Battery level: 28.5%
423,UAV 2,Control Center,LOW_BATTERY,Battery level: 28.3%
423,UAV 4,Control Center,LOW_BATTERY,Battery level: 25.0%
423,UAV 5,Control Center,LOW_BATTERY,Battery level: 20.7%
423,UAV 7,Control Center,LOW_BATTERY,Battery level: 23.5%
423,UAV 9,Control Center,LOW_BATTERY,Battery level: 28.5%
424,UAV 2,Control Center,LOW_BATTERY,Battery level: 28.3%
424,UAV 4,Control Center,LOW_BATTERY,Battery level: 25.0%
424,UAV 5,Control Center,LOW_BATTERY,Battery level: 20.7%
424,UAV 7,Control Center,LOW_BATTERY,Battery level: 23.5%
424,UAV 9,Control Center,LOW_BATTERY,Battery level: 28.5%
425,UAV 2,Control Center,LOW_BATTERY,Battery level: 28.3%
425,UAV 4,Control Center,LOW_BATTERY,Battery level: 25.0%
425,UAV 5,Control Center,LOW_BATTERY,Battery level: 20.7%
425,UAV 7,Control Center,LOW_BATTERY,Battery level: 23.5%
425,UAV 9,Control Center,LOW_BATTERY,Battery level: 28.5%
426,UAV 2,Control Center,LOW_BATTERY,Battery level: 28.3%
426,UAV 4,Control Center,LOW_BATTERY,Battery level: 25.0%
426,UAV 5,Control Center,LOW_BATTERY,Battery level: 20.7%
426,UAV 7,Control Center,LOW_BATTERY,Battery level: 23.5%
426,UAV 9,Control Center,LOW_BATTERY,Battery level: 28.5%
427,UAV 2,Control Center,LOW_BATTERY,Battery level: 28.3%
427,UAV 4,Control Center,LOW_BATTERY,Battery level: 25.0%
427,UAV 5,Control Center,LOW_BATTERY,Battery level: 20.7%
427,UAV 7,Control Center,LOW_BATTERY,Battery level: 23.5%
427,UAV 9,Control Center,LOW_BATTERY,Battery level: 28.5%
428,UAV 2,Control Center,LOW_BATTERY,Battery level: 28.3%
428,UAV 4,Control Center,LOW_BATTERY,Battery level: 25.0%
428,UAV 5,Control Center,LOW_BATTERY,Battery level: 20.7%
428,UAV 7,Control Center,LOW_BATTERY,Battery level: 23.5%
428,UAV 9,Control Center,LOW_BATTERY,Battery level: 28.5%
429,UAV 2,Control Center,LOW_BATTERY,Battery level: 28.3%
429,UAV 4,Control Center,LOW_BATTERY,Battery level: 25.0%
429,UAV 5,Control Center,LOW_BATTERY,Battery level: 20.7%
429,UAV 7,Control Center,LOW_BATTERY,Battery level: 23.5%
429,UAV 9,Control Center,LOW_BATTERY,Battery level: 28.5%
430,UAV 2,Control Center,LOW_BATTERY,Battery level: 28.3%
430,UAV 4,Control Center,LOW_BATTERY,Battery level: 25.0%
430,UAV 5,Control Center,LOW_BATTERY,Battery level: 20.7%
430,UAV 7,Control Center,LOW_BATTERY,Battery level: 23.5%
430,UAV 9,Control Center,LOW_BATTERY,Battery level: 28.5%
431,UAV 2,Control Center,LOW_BATTERY,Battery level: 28.3%
431,UAV 4,Control Center,LOW_BATTERY,Battery level: 25.0%
431,UAV 5,Control Center,LOW_BATTERY,Battery level: 20.7%
431,UAV 7,Control Center,LOW_BATTERY,Battery level: 23.5%
431,UAV 9,Control Center,LOW_BATTERY,Battery level: 28.5%
432,UAV 2,Control Center,LOW_BATTERY,Battery level: 28.3%
432,UAV 4,Control Center,LOW_BATTERY,Battery level: 25.0%
432,UAV 5,Control Center,LOW_BATTERY,Battery level: 20.7%
432,UAV 7,Control Center,LOW_BATTERY,Battery level: 23.5%
432,UAV 9,Control Center,LOW_BATTERY,Battery level: 28.5%
433,UAV 2,Control Center,LOW_BATTERY,Battery level: 28.3%
433,UAV 4,Control Center,LOW_BATTERY,Battery level: 25.0%
433,UAV 5,Control Center,LOW_BATTERY,Battery level: 20.7%
433,UAV 7,Control Center,LOW_BATTERY,Battery level: 23.5%
433,UAV 9,Control Center,LOW_BATTERY,Battery level: 28.5%
434,UAV 2,Control Center,LOW_BATTERY,Battery level: 28.3%
434,UAV 4,Control Center,LOW_BATTERY,Battery level: 25.0%
434,UAV 5,Control Center,LOW_BATTERY,Battery level: 20.7%
434,UAV 7,Control Center,LOW_BATTERY,Battery level: 23.5%
434,UAV 9,Control Center,LOW_BATTERY,Battery level: 28.5%
435,UAV 2,Control Center,LOW_BATTERY,Battery level: 28.3%
435,UAV 4,Control Center,LOW_BATTERY,Battery level: 25.0%
435,UAV 5,Control Center,LOW_BATTERY,Battery level: 20.7%
435,UAV 7,Control Center,LOW_BATTERY,Battery level: 23.5%
435,UAV 9,Control Center,LOW_BATTERY,Battery level: 28.5%
436,UAV 2,Control Center,LOW_BATTERY,Battery level: 28.3%
436,UAV 4,Control Center,LOW_BATTERY,Battery level: 25.0%
436,UAV 5,Control Center,LOW_BATTERY,Battery level: 20.7%
436,UAV 7,Control Center,LOW_BATTERY,Battery level: 23.5%
436,UAV 9,Control Center,LOW_BATTERY,Battery level: 28.5%
437,UAV 2,Control Center,LOW_BATTERY,Battery level: 28.3%
437,UAV 4,Control Center,LOW_BATTERY,Battery level: 25.0%
437,UAV 5,Control Center,LOW_BATTERY,Battery level: 20.7%
437,UAV 7,Control Center,LOW_BATTERY,Battery level: 23.5%
437,UAV 9,Control Center,LOW_BATTERY,Battery level: 28.5%
438,UAV 2,Control Center,LOW_BATTERY,Battery level: 28.3%
438,UAV 4,Control Center,LOW_BATTERY,Battery level: 25.0%
438,UAV 5,Control Center,LOW_BATTERY,Battery level: 20.7%
438,UAV 7,Control Center,LOW_BATTERY,Battery level: 23.5%
438,UAV 9,Control Center,LOW_BATTERY,Battery level: 28.5%
439,UAV 2,Control Center,LOW_BATTERY,Battery level: 28.3%
439,UAV 4,Control Center,LOW_BATTERY,Battery level: 25.0%
439,UAV 5,Control Center,LOW_BATTERY,Battery level: 20.7%
439,UAV 7,Control Center,LOW_BATTERY,Battery level: 23.5%
439,UAV 9,Control Center,LOW_BATTERY,Battery level: 28.5%
440,UAV 2,Control Center,LOW_BATTERY,Battery level: 28.3%
440,UAV 4,Control Center,LOW_BATTERY,Battery level: 25.0%
440,UAV 5,Control Center,LOW_BATTERY,Battery level: 20.7%
440,UAV 7,Control Center,LOW_BATTERY,Battery level: 23.5%
440,UAV 9,Control Center,LOW_BATTERY,Battery level: 28.5%
441,UAV 2,Control Center,LOW_BATTERY,Battery level: 28.3%
441,UAV 4,Control Center,LOW_BATTERY,Battery level: 25.0%
441,UAV 5,Control Center,LOW_BATTERY,Battery level: 20.7%
441,UAV 7,Control Center,LOW_BATTERY,Battery level: 23.5%
441,UAV 9,Control Center,LOW_BATTERY,Battery level: 28.5%
442,UAV 2,Control Center,LOW_BATTERY,Battery level: 28.3%
442,UAV 4,Control Center,LOW_BATTERY,Battery level: 25.0%
442,UAV 5,Control Center,LOW_BATTERY,Battery level: 20.7%
442,UAV 7,Control Center,LOW_BATTERY,Battery level: 23.5%
442,UAV 9,Control Center,LOW_BATTERY,Battery level: 28.5%
443,UAV 2,Control Center,LOW_BATTERY,Battery level: 28.3%
443,UAV 4,Control Center,LOW_BATTERY,Battery level: 25.0%
443,UAV 5,Control Center,LOW_BATTERY,Battery level: 20.7%
443,UAV 7,Control Center,LOW_BATTERY,Battery level: 23.5%
443,UAV 9,Control Center,LOW_BATTERY,Battery level: 28.5%
444,UAV 2,Control Center,LOW_BATTERY,Battery level: 28.3%
444,UAV 4,Control Center,LOW_BATTERY,Battery level: 25.0%
444,UAV 5,Control Center,LOW_BATTERY,Battery level: 20.7%
444,UAV 7,Control Center,LOW_BATTERY,Battery level: 23.5%
444,UAV 9,Control Center,LOW_BATTERY,Battery level: 28.5%
445,UAV 2,Control Center,LOW_BATTERY,Battery level: 28.3%
445,UAV 4,Control Center,LOW_BATTERY,Battery level: 25.0%
445,UAV 5,Control Center,LOW_BATTERY,Battery level: 20.7%
445,UAV 7,Control Center,LOW_BATTERY,Battery level: 23.5%
445,UAV 9,Control Center,LOW_BATTERY,Battery level: 28.5%
446,UAV 2,Control Center,LOW_BATTERY,Battery level: 28.3%
446,UAV 4,Control Center,LOW_BATTERY,Battery level: 25.0%
446,UAV 5,Control Center,LOW_BATTERY,Battery level: 20.7%
446,UAV 7,Control Center,LOW_BATTERY,Battery level: 23.5%
446,UAV 9,Control Center,LOW_BATTERY,Battery level: 28.5%
447,UAV 2,Control Center,LOW_BATTERY,Battery level: 28.3%
447,UAV 4,Control Center,LOW_BATTERY,Battery level: 25.0%
447,UAV 5,Control Center,LOW_BATTERY,Battery level: 20.7%
447,UAV 7,Control Center,LOW_BATTERY,Battery level: 23.5%
447,UAV 9,Control Center,LOW_BATTERY,Battery level: 28.5%
448,UAV 2,Control Center,LOW_BATTERY,Battery level: 28.3%
448,UAV 4,Control Center,LOW_BATTERY,Battery level: 25.0%
448,UAV 5,Control Center,LOW_BATTERY,Battery level: 20.7%
448,UAV 7,Control Center,LOW_BATTERY,Battery level: 23.5%
448,UAV 9,Control Center,LOW_BATTERY,Battery level: 28.5%
449,UAV 2,Control Center,LOW_BATTERY,Battery level: 28.3%
449,UAV 4,Control Center,LOW_BATTERY,Battery level: 25.0%
449,UAV 5,Control Center,LOW_BATTERY,Battery level: 20.7%
449,UAV 7,Control Center,LOW_BATTERY,Battery level: 23.5%
449,UAV 9,Control Center,LOW_BATTERY,Battery level: 28.5%
450,UAV 2,Control Center,LOW_BATTERY,Battery level: 28.3%
450,UAV 4,Control Center,LOW_BATTERY,Battery level: 25.0%
450,UAV 5,Control Center,LOW_BATTERY,Battery level: 20.7%
450,UAV 7,Control Center,LOW_BATTERY,Battery level: 23.5%
450,UAV 9,Control Center,LOW_BATTERY,Battery level: 28.5%
451,UAV 2,Control Center,LOW_BATTERY,Battery level: 28.3%
451,UAV 4,Control Center,LOW_BATTERY,Battery level: 25.0%
451,UAV 5,Control Center,LOW_BATTERY,Battery level: 20.7%
451,UAV 7,Control Center,LOW_BATTERY,Battery level: 23.5%
451,UAV 9,Control Center,LOW_BATTERY,Battery level: 28.5%
452,UAV 2,Control Center,LOW_BATTERY,Battery level: 28.3%
452,UAV 4,Control Center,LOW_BATTERY,Battery level: 25.0%
452,UAV 5,Control Center,LOW_BATTERY,Battery level: 20.7%
452,UAV 7,Control Center,LOW_BATTERY,Battery level: 23.5%
452,UAV 9,Control Center,LOW_BATTERY,Battery level: 28.5%
453,UAV 2,Control Center,LOW_BATTERY,Battery level: 28.3%
453,UAV 4,Control Center,LOW_BATTERY,Battery level: 25.0%
453,UAV 5,Control Center,LOW_BATTERY,Battery level: 20.7%
453,UAV 7,Control Center,LOW_BATTERY,Battery level: 23.5%
453,UAV 9,Control Center,LOW_BATTERY,Battery level: 28.5%
454,UAV 2,Control Center,LOW_BATTERY,Battery level: 28.3%
454,UAV 4,Control Center,LOW_BATTERY,Battery level: 25.0%
454,UAV 5,Control Center,LOW_BATTERY,Battery level: 20.7%
454,UAV 7,Control Center,LOW_BATTERY,Battery level: 23.5%
454,UAV 9,Control Center,LOW_BATTERY,Battery level: 28.5%
455,UAV 2,Control Center,LOW_BATTERY,Battery level: 28.3%
455,UAV 4,Control Center,LOW_BATTERY,Battery level: 25.0%
455,UAV 5,Control Center,LOW_BATTERY,Battery level: 20.7%
455,UAV 7,Control Center,LOW_BATTERY,Battery level: 23.5%
455,UAV 9,Control Center,LOW_BATTERY,Battery level: 28.5%
456,UAV 2,Control Center,LOW_BATTERY,Battery level: 28.3%
456,UAV 4,Control Center,LOW_BATTERY,Battery level: 25.0%
456,UAV 5,Control Center,LOW_BATTERY,Battery level: 20.7%
456,UAV 7,Control Center,LOW_BATTERY,Battery level: 23.5%
456,UAV 9,Control Center,LOW_BATTERY,Battery level: 28.5%
457,UAV 2,Control Center,LOW_BATTERY,Battery level: 28.3%
457,UAV 4,Control Center,LOW_BATTERY,Battery level: 25.0%
457,UAV 5,Control Center,LOW_BATTERY,Battery level: 20.7%
457,UAV 7,Control Center,LOW_BATTERY,Battery level: 23.5%
457,UAV 9,Control Center,LOW_BATTERY,Battery level: 28.5%
458,UAV 2,Control Center,LOW_BATTERY,Battery level: 28.3%
458,UAV 4,Control Center,LOW_BATTERY,Battery level: 25.0%
458,UAV 5,Control Center,LOW_BATTERY,Battery level: 20.7%
458,UAV 7,Control Center,LOW_BATTERY,Battery level: 23.5%
458,UAV 9,Control Center,LOW_BATTERY,Battery level: 28.5%
459,UAV 2,Control Center,LOW_BATTERY,Battery level: 28.3%
459,UAV 4,Control Center,LOW_BATTERY,Battery level: 25.0%
459,UAV 5,Control Center,LOW_BATTERY,Battery level: 20.7%
459,UAV 7,Control Center,LOW_BATTERY,Battery level: 23.5%
459,UAV 9,Control Center,LOW_BATTERY,Battery level: 28.5%
460,UAV 2,Control Center,LOW_BATTERY,Battery level: 28.3%
460,UAV 4,Control Center,LOW_BATTERY,Battery level: 25.0%
460,UAV 5,Control Center,LOW_BATTERY,Battery level: 20.7%
460,UAV 7,Control Center,LOW_BATTERY,Battery level: 23.5%
460,UAV 9,Control Center,LOW_BATTERY,Battery level: 28.5%
461,UAV 2,Control Center,LOW_BATTERY,Battery level: 28.3%
461,UAV 4,Control Center,LOW_BATTERY,Battery level: 25.0%
461,UAV 5,Control Center,LOW_BATTERY,Battery level: 20.7%
461,UAV 7,Control Center,LOW_BATTERY,Battery level: 23.5%
461,UAV 9,Control Center,LOW_BATTERY,Battery level: 28.5%
462,UAV 2,Control Center,LOW_BATTERY,Battery level: 28.3%
462,UAV 4,Control Center,LOW_BATTERY,Battery level: 25.0%
462,UAV 5,Control Center,LOW_BATTERY,Battery level: 20.7%
462,UAV 7,Control Center,LOW_BATTERY,Battery level: 23.5%
462,UAV 9,Control Center,LOW_BATTERY,Battery level: 28.5%
463,UAV 2,Control Center,LOW_BATTERY,Battery level: 28.3%
463,UAV 4,Control Center,LOW_BATTERY,Battery level: 25.0%
463,UAV 5,Control Center,LOW_BATTERY,Battery level: 20.7%
463,UAV 7,Control Center,LOW_BATTERY,Battery level: 23.5%
463,UAV 9,Control Center,LOW_BATTERY,Battery level: 28.5%
464,UAV 2,Control Center,LOW_BATTERY,Battery level: 28.3%
464,UAV 4,Control Center,LOW_BATTERY,Battery level: 25.0%
464,UAV 5,Control Center,LOW_BATTERY,Battery level: 20.7%
464,UAV 7,Control Center,LOW_BATTERY,Battery level: 23.5%
464,UAV 9,Control Center,LOW_BATTERY,Battery level: 28.5%
465,UAV 2,Control Center,LOW_BATTERY,Battery level: 28.3%
465,UAV 4,Control Center,LOW_BATTERY,Battery level: 25.0%
465,UAV 5,Control Center,LOW_BATTERY,Battery level: 20.7%
465,UAV 7,Control Center,LOW_BATTERY,Battery level: 23.5%
465,UAV 9,Control Center,LOW_BATTERY,Battery level: 28.5%
466,UAV 2,Control Center,LOW_BATTERY,Battery level: 28.3%
466,UAV 4,Control Center,LOW_BATTERY,Battery level: 25.0%
466,UAV 5,Control Center,LOW_BATTERY,Battery level: 20.7%
466,UAV 7,Control Center,LOW_BATTERY,Battery level: 23.5%
466,UAV 9,Control Center,LOW_BATTERY,Battery level: 28.5%
467,UAV 2,Control Center,LOW_BATTERY,Battery level: 28.3%
467,UAV 4,Control Center,LOW_BATTERY,Battery level: 25.0%
467,UAV 5,Control Center,LOW_BATTERY,Battery level: 20.7%
467,UAV 7,Control Center,LOW_BATTERY,Battery level: 23.5%
467,UAV 9,Control Center,LOW_BATTERY,Battery level: 28.5%
468,UAV 2,Control Center,LOW_BATTERY,Battery level: 28.3%
468,UAV 4,Control Center,LOW_BATTERY,Battery level: 25.0%
468,UAV 5,Control Center,LOW_BATTERY,Battery level: 20.7%
468,UAV 7,Control Center,LOW_BATTERY,Battery level: 23.5%
468,UAV 9,Control Center,LOW_BATTERY,Battery level: 28.5%
469,UAV 2,Control Center,LOW_BATTERY,Battery level: 28.3%
469,UAV 4,Control Center,LOW_BATTERY,Battery level: 25.0%
469,UAV 5,Control Center,LOW_BATTERY,Battery level: 20.7%
469,UAV 7,Control Center,LOW_BATTERY,Battery level: 23.5%
469,UAV 9,Control Center,LOW_BATTERY,Battery level: 28.5%
470,UAV 2,Control Center,LOW_BATTERY,Battery level: 28.3%
470,UAV 4,Control Center,LOW_BATTERY,Battery level: 25.0%
470,UAV 5,Control Center,LOW_BATTERY,Battery level: 20.7%
470,UAV 7,Control Center,LOW_BATTERY,Battery level: 23.5%
470,UAV 9,Control Center,LOW_BATTERY,Battery level: 28.5%
471,UAV 2,Control Center,LOW_BATTERY,Battery level: 28.3%
471,UAV 4,Control Center,LOW_BATTERY,Battery level: 25.0%
471,UAV 5,Control Center,LOW_BATTERY,Battery level: 20.7%
471,UAV 7,Control Center,LOW_BATTERY,Battery level: 23.5%
471,UAV 9,Control Center,LOW_BATTERY,Battery level: 28.5%
472,UAV 2,Control Center,LOW_BATTERY,Battery level: 28.3%
472,UAV 4,Control Center,LOW_BATTERY,Battery level: 25.0%
472,UAV 5,Control Center,LOW_BATTERY,Battery level: 20.7%
472,UAV 7,Control Center,LOW_BATTERY,Battery level: 23.5%
472,UAV 9,Control Center,LOW_BATTERY,Battery level: 28.5%
473,UAV 2,Control Center,LOW_BATTERY,Battery level: 28.3%
473,UAV 4,Control Center,LOW_BATTERY,Battery level: 25.0%
473,UAV 5,Control Center,LOW_BATTERY,Battery level: 20.7%
473,UAV 7,Control Center,LOW_BATTERY,Battery level: 23.5%
473,UAV 9,Control Center,LOW_BATTERY,Battery level: 28.5%
474,UAV 2,Control Center,LOW_BATTERY,Battery level: 28.3%
474,UAV 4,Control Center,LOW_BATTERY,Battery level: 25.0%
474,UAV 5,Control Center,LOW_BATTERY,Battery level: 20.7%
474,UAV 7,Control Center,LOW_BATTERY,Battery level: 23.5%
474,UAV 9,Control Center,LOW_BATTERY,Battery level: 28.5%
475,UAV 2,Control Center,LOW_BATTERY,Battery level: 28.3%
475,UAV 4,Control Center,LOW_BATTERY,Battery level: 25.0%
475,UAV 5,Control Center,LOW_BATTERY,Battery level: 20.7%
475,UAV 7,Control Center,LOW_BATTERY,Battery level: 23.5%
475,UAV 9,Control Center,LOW_BATTERY,Battery level: 28.5%
476,UAV 2,Control Center,LOW_BATTERY,Battery level: 28.3%
476,UAV 4,Control Center,LOW_BATTERY,Battery level: 25.0%
476,UAV 5,Control Center,LOW_BATTERY,Battery level: 20.7%
476,UAV 7,Control Center,LOW_BATTERY,Battery level: 23.5%
476,UAV 9,Control Center,LOW_BATTERY,Battery level: 28.5%
477,UAV 2,Control Center,LOW_BATTERY,Battery level: 28.3%
477,UAV 4,Control Center,LOW_BATTERY,Battery level: 25.0%
477,UAV 5,Control Center,LOW_BATTERY,Battery level: 20.7%
477,UAV 7,Control Center,LOW_BATTERY,Battery level: 23.5%
477,UAV 9,Control Center,LOW_BATTERY,Battery level: 28.5%
478,UAV 2,Control Center,LOW_BATTERY,Battery level: 28.3%
478,UAV 4,Control Center,LOW_BATTERY,Battery level: 25.0%
478,UAV 5,Control Center,LOW_BATTERY,Battery level: 20.7%
478,UAV 7,Control Center,LOW_BATTERY,Battery level: 23.5%
478,UAV 9,Control Center,LOW_BATTERY,Battery level: 28.5%
479,UAV 2,Control Center,LOW_BATTERY,Battery level: 28.3%
479,UAV 4,Control Center,LOW_BATTERY,Battery level: 25.0%
479,UAV 5,Control Center,LOW_BATTERY,Battery level: 20.7%
479,UAV 7,Control Center,LOW_BATTERY,Battery level: 23.5%
479,UAV 9,Control Center,LOW_BATTERY,Battery level: 28.5%
480,UAV 2,Control Center,LOW_BATTERY,Battery level: 28.3%
480,UAV 4,Control Center,LOW_BATTERY,Battery level: 25.0%
480,UAV 5,Control Center,LOW_BATTERY,Battery level: 20.7%
480,UAV 7,Control Center,LOW_BATTERY,Battery level: 23.5%
480,UAV 9,Control Center,LOW_BATTERY,Battery level: 28.5%
481,UAV 2,Control Center,LOW_BATTERY,Battery level: 28.3%
481,UAV 4,Control Center,LOW_BATTERY,Battery level: 25.0%
481,UAV 5,Control Center,LOW_BATTERY,Battery level: 20.7%
481,UAV 7,Control Center,LOW_BATTERY,Battery level: 23.5%
481,UAV 9,Control Center,LOW_BATTERY,Battery level: 28.5%
482,UAV 2,Control Center,LOW_BATTERY,Battery level: 28.3%
482,UAV 4,Control Center,LOW_BATTERY,Battery level: 25.0%
482,UAV 5,Control Center,LOW_BATTERY,Battery level: 20.7%
482,UAV 7,Control Center,LOW_BATTERY,Battery level: 23.5%
482,UAV 9,Control Center,LOW_BATTERY,Battery level: 28.5%
483,UAV 2,Control Center,LOW_BATTERY,Battery level: 28.3%
483,UAV 4,Control Center,LOW_BATTERY,Battery level: 25.0%
483,UAV 5,Control Center,LOW_BATTERY,Battery level: 20.7%
483,UAV 7,Control Center,LOW_BATTERY,Battery level: 23.5%
483,UAV 9,Control Center,LOW_BATTERY,Battery level: 28.5%
484,UAV 2,Control Center,LOW_BATTERY,Battery level: 28.3%
484,UAV 4,Control Center,LOW_BATTERY,Battery level: 25.0%
484,UAV 5,Control Center,LOW_BATTERY,Battery level: 20.7%
484,UAV 7,Control Center,LOW_BATTERY,Battery level: 23.5%
484,UAV 9,Control Center,LOW_BATTERY,Battery level: 28.5%
485,UAV 2,Control Center,LOW_BATTERY,Battery level: 28.3%
485,UAV 4,Control Center,LOW_BATTERY,Battery level: 25.0%
485,UAV 5,Control Center,LOW_BATTERY,Battery level: 20.7%
485,UAV 7,Control Center,LOW_BATTERY,Battery level: 23.5%
485,UAV 9,Control Center,LOW_BATTERY,Battery level: 28.5%
486,UAV 2,Control Center,LOW_BATTERY,Battery level: 28.3%
486,UAV 4,Control Center,LOW_BATTERY,Battery level: 25.0%
486,UAV 5,Control Center,LOW_BATTERY,Battery level: 20.7%
486,UAV 7,Control Center,LOW_BATTERY,Battery level: 23.5%
486,UAV 9,Control Center,LOW_BATTERY,Battery level: 28.5%
487,UAV 2,Control Center,LOW_BATTERY,Battery level: 28.3%
487,UAV 4,Control Center,LOW_BATTERY,Battery level: 25.0%
487,UAV 5,Control Center,LOW_BATTERY,Battery level: 20.7%
487,UAV 7,Control Center,LOW_BATTERY,Battery level: 23.5%
487,UAV 9,Control Center,LOW_BATTERY,Battery level: 28.5%
488,UAV 2,Control Center,LOW_BATTERY,Battery level: 28.3%
488,UAV 4,Control Center,LOW_BATTERY,Battery level: 25.0%
488,UAV 5,Control Center,LOW_BATTERY,Battery level: 20.7%
488,UAV 7,Control Center,LOW_BATTERY,Battery level: 23.5%
488,UAV 9,Control Center,LOW_BATTERY,Battery level: 28.5%
489,UAV 2,Control Center,LOW_BATTERY,Battery level: 28.3%
489,UAV 4,Control Center,LOW_BATTERY,Battery level: 25.0%
489,UAV 5,Control Center,LOW_BATTERY,Battery level: 20.7%
489,UAV 7,Control Center,LOW_BATTERY,Battery level: 23.5%
489,UAV 9,Control Center,LOW_BATTERY,Battery level: 28.5%
490,UAV 2,Control Center,LOW_BATTERY,Battery level: 28.3%
490,UAV 4,Control Center,LOW_BATTERY,Battery level: 25.0%
490,UAV 5,Control Center,LOW_BATTERY,Battery level: 20.7%
490,UAV 7,Control Center,LOW_BATTERY,Battery level: 23.5%
490,UAV 9,Control Center,LOW_BATTERY,Battery level: 28.5%
491,UAV 2,Control Center,LOW_BATTERY,Battery level: 28.3%
491,UAV 4,Control Center,LOW_BATTERY,Battery level: 25.0%
491,UAV 5,Control Center,LOW_BATTERY,Battery level: 20.7%
491,UAV 7,Control Center,LOW_BATTERY,Battery level: 23.5%
491,UAV 9,Control Center,LOW_BATTERY,Battery level: 28.5%
492,UAV 2,Control Center,LOW_BATTERY,Battery level: 28.3%
492,UAV 4,Control Center,LOW_BATTERY,Battery level: 25.0%
492,UAV 5,Control Center,LOW_BATTERY,Battery level: 20.7%
492,UAV 7,Control Center,LOW_BATTERY,Battery level: 23.5%
492,UAV 9,Control Center,LOW_BATTERY,Battery level: 28.5%
493,UAV 2,Control Center,LOW_BATTERY,Battery level: 28.3%
493,UAV 4,Control Center,LOW_BATTERY,Battery level: 25.0%
493,UAV 5,Control Center,LOW_BATTERY,Battery level: 20.7%
493,UAV 7,Control Center,LOW_BATTERY,Battery level: 23.5%
493,UAV 9,Control Center,LOW_BATTERY,Battery level: 28.5%
494,UAV 2,Control Center,LOW_BATTERY,Battery level: 28.3%
494,UAV 4,Control Center,LOW_BATTERY,Battery level: 25.0%
494,UAV 5,Control Center,LOW_BATTERY,Battery level: 20.7%
494,UAV 7,Control Center,LOW_BATTERY,Battery level: 23.5%
494,UAV 9,Control Center,LOW_BATTERY,Battery level: 28.5%
495,UAV 2,Control Center,LOW_BATTERY,Battery level: 28.3%
495,UAV 4,Control Center,LOW_BATTERY,Battery level: 25.0%
495,UAV 5,Control Center,LOW_BATTERY,Battery level: 20.7%
495,UAV 7,Control Center,LOW_BATTERY,Battery level: 23.5%
495,UAV 9,Control Center,LOW_BATTERY,Battery level: 28.5%
496,UAV 2,Control Center,LOW_BATTERY,Battery level: 28.3%
496,UAV 4,Control Center,LOW_BATTERY,Battery level: 25.0%
496,UAV 5,Control Center,LOW_BATTERY,Battery level: 20.7%
496,UAV 7,Control Center,LOW_BATTERY,Battery level: 23.5%
496,UAV 9,Control Center,LOW_BATTERY,Battery level: 28.5%
497,UAV 2,Control Center,LOW_BATTERY,Battery level: 28.3%
497,UAV 4,Control Center,LOW_BATTERY,Battery level: 25.0%
497,UAV 5,Control Center,LOW_BATTERY,Battery level: 20.7%
497,UAV 7,Control Center,LOW_BATTERY,Battery level: 23.5%
497,UAV 9,Control Center,LOW_BATTERY,Battery level: 28.5%
498,UAV 2,Control Center,LOW_BATTERY,Battery level: 28.3%
498,UAV 4,Control Center,LOW_BATTERY,Battery level: 25.0%
498,UAV 5,Control Center,LOW_BATTERY,Battery level: 20.7%
498,UAV 7,Control Center,LOW_BATTERY,Battery level: 23.5%
498,UAV 9,Control Center,LOW_BATTERY,Battery level: 28.5%
499,UAV 2,Control Center,LOW_BATTERY,Battery level: 28.3%
499,UAV 4,Control Center,LOW_BATTERY,Battery level: 25.0%
499,UAV 5,Control Center,LOW_BATTERY,Battery level: 20.7%
499,UAV 7,Control Center,LOW_BATTERY,Battery level: 23.5%
499,UAV 9,Control Center,LOW_BATTERY,Battery level: 28.5%
